2026-05-23T05:02:57.834-05:00  INFO 6620 --- [provider-service] [main] c.y.provider.ProviderServiceApplication  : Starting ProviderServiceApplication using Java 21.0.10 with PID 6620 (/Users/yashwanthpraveen/Desktop/yuno-payment-ms/yuno-payment-ms/provider-service/target/classes started by yashwanthpraveen in /Users/yashwanthpraveen/Desktop/yuno-payment-ms/yuno-payment-ms)
2026-05-23T05:02:57.835-05:00  INFO 6620 --- [provider-service] [main] c.y.provider.ProviderServiceApplication  : No active profile set, falling back to 1 default profile: "default"
2026-05-23T05:02:59.306-05:00  INFO 6620 --- [provider-service] [main] o.s.b.w.embedded.tomcat.TomcatWebServer  : Tomcat initialized with port 8082 (http)
2026-05-23T05:02:59.314-05:00  INFO 6620 --- [provider-service] [main] o.apache.catalina.core.StandardService   : Starting service [Tomcat]
2026-05-23T05:02:59.314-05:00  INFO 6620 --- [provider-service] [main] o.apache.catalina.core.StandardEngine    : Starting Servlet engine: [Apache Tomcat/10.1.20]
2026-05-23T05:02:59.339-05:00  INFO 6620 --- [provider-service] [main] o.a.c.c.C.[Tomcat].[localhost].[/]       : Initializing Spring embedded WebApplicationContext
2026-05-23T05:02:59.340-05:00  INFO 6620 --- [provider-service] [main] w.s.c.ServletWebServerApplicationContext : Root WebApplicationContext: initialization completed in 1448 ms
2026-05-23T05:02:59.522-05:00  INFO 6620 --- [provider-service] [main] c.y.p.routing.PaymentRoutingEngine       : Routing engine initialised with providers: [PROVIDER_B, PROVIDER_A]
2026-05-23T05:02:59.963-05:00  INFO 6620 --- [provider-service] [main] com.zaxxer.hikari.HikariDataSource       : ProviderHikariPool - Starting...
2026-05-23T05:03:01.036-05:00 ERROR 6620 --- [provider-service] [main] com.zaxxer.hikari.pool.HikariPool        : ProviderHikariPool - Exception during pool initialization.

org.postgresql.util.PSQLException: FATAL: database "yuno_provider_db" does not exist
	at org.postgresql.core.v3.QueryExecutorImpl.receiveErrorResponse(QueryExecutorImpl.java:2713) ~[postgresql-42.6.2.jar:42.6.2]
	at org.postgresql.core.v3.QueryExecutorImpl.readStartupMessages(QueryExecutorImpl.java:2825) ~[postgresql-42.6.2.jar:42.6.2]
	at org.postgresql.core.v3.QueryExecutorImpl.<init>(QueryExecutorImpl.java:175) ~[postgresql-42.6.2.jar:42.6.2]
	at org.postgresql.core.v3.ConnectionFactoryImpl.openConnectionImpl(ConnectionFactoryImpl.java:313) ~[postgresql-42.6.2.jar:42.6.2]
	at org.postgresql.core.ConnectionFactory.openConnection(ConnectionFactory.java:54) ~[postgresql-42.6.2.jar:42.6.2]
	at org.postgresql.jdbc.PgConnection.<init>(PgConnection.java:263) ~[postgresql-42.6.2.jar:42.6.2]
	at org.postgresql.Driver.makeConnection(Driver.java:443) ~[postgresql-42.6.2.jar:42.6.2]
	at org.postgresql.Driver.connect(Driver.java:297) ~[postgresql-42.6.2.jar:42.6.2]
	at com.zaxxer.hikari.util.DriverDataSource.getConnection(DriverDataSource.java:138) ~[HikariCP-5.0.1.jar:na]
	at com.zaxxer.hikari.pool.PoolBase.newConnection(PoolBase.java:359) ~[HikariCP-5.0.1.jar:na]
	at com.zaxxer.hikari.pool.PoolBase.newPoolEntry(PoolBase.java:201) ~[HikariCP-5.0.1.jar:na]
	at com.zaxxer.hikari.pool.HikariPool.createPoolEntry(HikariPool.java:470) ~[HikariCP-5.0.1.jar:na]
	at com.zaxxer.hikari.pool.HikariPool.checkFailFast(HikariPool.java:561) ~[HikariCP-5.0.1.jar:na]
	at com.zaxxer.hikari.pool.HikariPool.<init>(HikariPool.java:100) ~[HikariCP-5.0.1.jar:na]
	at com.zaxxer.hikari.HikariDataSource.getConnection(HikariDataSource.java:112) ~[HikariCP-5.0.1.jar:na]
	at org.flywaydb.core.api.configuration.ClassicConfiguration.getDatabaseType(ClassicConfiguration.java:1103) ~[flyway-core-10.10.0.jar:na]
	at org.flywaydb.core.internal.resource.ResourceNameValidator.isSpecialResourceFile(ResourceNameValidator.java:75) ~[flyway-core-10.10.0.jar:na]
	at org.flywaydb.core.internal.resource.ResourceNameValidator.validateSQLMigrationNaming(ResourceNameValidator.java:49) ~[flyway-core-10.10.0.jar:na]
	at org.flywaydb.core.FlywayExecutor.execute(FlywayExecutor.java:132) ~[flyway-core-10.10.0.jar:na]
	at org.flywaydb.core.Flyway.migrate(Flyway.java:147) ~[flyway-core-10.10.0.jar:na]
	at org.springframework.boot.autoconfigure.flyway.FlywayMigrationInitializer.afterPropertiesSet(FlywayMigrationInitializer.java:66) ~[spring-boot-autoconfigure-3.2.5.jar:3.2.5]
	at org.springframework.beans.factory.support.AbstractAutowireCapableBeanFactory.invokeInitMethods(AbstractAutowireCapableBeanFactory.java:1833) ~[spring-beans-6.1.6.jar:6.1.6]
	at org.springframework.beans.factory.support.AbstractAutowireCapableBeanFactory.initializeBean(AbstractAutowireCapableBeanFactory.java:1782) ~[spring-beans-6.1.6.jar:6.1.6]
	at org.springframework.beans.factory.support.AbstractAutowireCapableBeanFactory.doCreateBean(AbstractAutowireCapableBeanFactory.java:600) ~[spring-beans-6.1.6.jar:6.1.6]
	at org.springframework.beans.factory.support.AbstractAutowireCapableBeanFactory.createBean(AbstractAutowireCapableBeanFactory.java:522) ~[spring-beans-6.1.6.jar:6.1.6]
	at org.springframework.beans.factory.support.AbstractBeanFactory.lambda$doGetBean$0(AbstractBeanFactory.java:326) ~[spring-beans-6.1.6.jar:6.1.6]
	at org.springframework.beans.factory.support.DefaultSingletonBeanRegistry.getSingleton(DefaultSingletonBeanRegistry.java:234) ~[spring-beans-6.1.6.jar:6.1.6]
	at org.springframework.beans.factory.support.AbstractBeanFactory.doGetBean(AbstractBeanFactory.java:324) ~[spring-beans-6.1.6.jar:6.1.6]
	at org.springframework.beans.factory.support.AbstractBeanFactory.getBean(AbstractBeanFactory.java:200) ~[spring-beans-6.1.6.jar:6.1.6]
	at org.springframework.beans.factory.support.AbstractBeanFactory.doGetBean(AbstractBeanFactory.java:313) ~[spring-beans-6.1.6.jar:6.1.6]
	at org.springframework.beans.factory.support.AbstractBeanFactory.getBean(AbstractBeanFactory.java:200) ~[spring-beans-6.1.6.jar:6.1.6]
	at org.springframework.beans.factory.config.DependencyDescriptor.resolveCandidate(DependencyDescriptor.java:254) ~[spring-beans-6.1.6.jar:6.1.6]
	at org.springframework.beans.factory.support.DefaultListableBeanFactory.doResolveDependency(DefaultListableBeanFactory.java:1443) ~[spring-beans-6.1.6.jar:6.1.6]
	at org.springframework.beans.factory.support.DefaultListableBeanFactory.resolveDependency(DefaultListableBeanFactory.java:1353) ~[spring-beans-6.1.6.jar:6.1.6]
	at org.springframework.beans.factory.support.AbstractAutowireCapableBeanFactory.autowireByType(AbstractAutowireCapableBeanFactory.java:1501) ~[spring-beans-6.1.6.jar:6.1.6]
	at org.springframework.beans.factory.support.AbstractAutowireCapableBeanFactory.populateBean(AbstractAutowireCapableBeanFactory.java:1410) ~[spring-beans-6.1.6.jar:6.1.6]
	at org.springframework.beans.factory.support.AbstractAutowireCapableBeanFactory.doCreateBean(AbstractAutowireCapableBeanFactory.java:599) ~[spring-beans-6.1.6.jar:6.1.6]
	at org.springframework.beans.factory.support.AbstractAutowireCapableBeanFactory.createBean(AbstractAutowireCapableBeanFactory.java:522) ~[spring-beans-6.1.6.jar:6.1.6]
	at org.springframework.beans.factory.support.AbstractBeanFactory.lambda$doGetBean$0(AbstractBeanFactory.java:326) ~[spring-beans-6.1.6.jar:6.1.6]
	at org.springframework.beans.factory.support.DefaultSingletonBeanRegistry.getSingleton(DefaultSingletonBeanRegistry.java:234) ~[spring-beans-6.1.6.jar:6.1.6]
	at org.springframework.beans.factory.support.AbstractBeanFactory.doGetBean(AbstractBeanFactory.java:324) ~[spring-beans-6.1.6.jar:6.1.6]
	at org.springframework.beans.factory.support.AbstractBeanFactory.getBean(AbstractBeanFactory.java:200) ~[spring-beans-6.1.6.jar:6.1.6]
	at org.springframework.beans.factory.config.DependencyDescriptor.resolveCandidate(DependencyDescriptor.java:254) ~[spring-beans-6.1.6.jar:6.1.6]
	at org.springframework.beans.factory.support.DefaultListableBeanFactory.doResolveDependency(DefaultListableBeanFactory.java:1443) ~[spring-beans-6.1.6.jar:6.1.6]
	at org.springframework.beans.factory.support.DefaultListableBeanFactory.resolveDependency(DefaultListableBeanFactory.java:1353) ~[spring-beans-6.1.6.jar:6.1.6]
	at org.springframework.beans.factory.support.ConstructorResolver.resolveAutowiredArgument(ConstructorResolver.java:904) ~[spring-beans-6.1.6.jar:6.1.6]
	at org.springframework.beans.factory.support.ConstructorResolver.createArgumentArray(ConstructorResolver.java:782) ~[spring-beans-6.1.6.jar:6.1.6]
	at org.springframework.beans.factory.support.ConstructorResolver.autowireConstructor(ConstructorResolver.java:237) ~[spring-beans-6.1.6.jar:6.1.6]
	at org.springframework.beans.factory.support.AbstractAutowireCapableBeanFactory.autowireConstructor(AbstractAutowireCapableBeanFactory.java:1355) ~[spring-beans-6.1.6.jar:6.1.6]
	at org.springframework.beans.factory.support.AbstractAutowireCapableBeanFactory.createBeanInstance(AbstractAutowireCapableBeanFactory.java:1192) ~[spring-beans-6.1.6.jar:6.1.6]
	at org.springframework.beans.factory.support.AbstractAutowireCapableBeanFactory.doCreateBean(AbstractAutowireCapableBeanFactory.java:562) ~[spring-beans-6.1.6.jar:6.1.6]
	at org.springframework.beans.factory.support.AbstractAutowireCapableBeanFactory.createBean(AbstractAutowireCapableBeanFactory.java:522) ~[spring-beans-6.1.6.jar:6.1.6]
	at org.springframework.beans.factory.support.AbstractBeanFactory.lambda$doGetBean$0(AbstractBeanFactory.java:326) ~[spring-beans-6.1.6.jar:6.1.6]
	at org.springframework.beans.factory.support.DefaultSingletonBeanRegistry.getSingleton(DefaultSingletonBeanRegistry.java:234) ~[spring-beans-6.1.6.jar:6.1.6]
	at org.springframework.beans.factory.support.AbstractBeanFactory.doGetBean(AbstractBeanFactory.java:324) ~[spring-beans-6.1.6.jar:6.1.6]
	at org.springframework.beans.factory.support.AbstractBeanFactory.getBean(AbstractBeanFactory.java:200) ~[spring-beans-6.1.6.jar:6.1.6]
	at org.springframework.beans.factory.config.DependencyDescriptor.resolveCandidate(DependencyDescriptor.java:254) ~[spring-beans-6.1.6.jar:6.1.6]
	at org.springframework.beans.factory.support.DefaultListableBeanFactory.doResolveDependency(DefaultListableBeanFactory.java:1443) ~[spring-beans-6.1.6.jar:6.1.6]
	at org.springframework.beans.factory.support.DefaultListableBeanFactory.resolveDependency(DefaultListableBeanFactory.java:1353) ~[spring-beans-6.1.6.jar:6.1.6]
	at org.springframework.beans.factory.support.ConstructorResolver.resolveAutowiredArgument(ConstructorResolver.java:904) ~[spring-beans-6.1.6.jar:6.1.6]
	at org.springframework.beans.factory.support.ConstructorResolver.createArgumentArray(ConstructorResolver.java:782) ~[spring-beans-6.1.6.jar:6.1.6]
	at org.springframework.beans.factory.support.ConstructorResolver.autowireConstructor(ConstructorResolver.java:237) ~[spring-beans-6.1.6.jar:6.1.6]
	at org.springframework.beans.factory.support.AbstractAutowireCapableBeanFactory.autowireConstructor(AbstractAutowireCapableBeanFactory.java:1355) ~[spring-beans-6.1.6.jar:6.1.6]
	at org.springframework.beans.factory.support.AbstractAutowireCapableBeanFactory.createBeanInstance(AbstractAutowireCapableBeanFactory.java:1192) ~[spring-beans-6.1.6.jar:6.1.6]
	at org.springframework.beans.factory.support.AbstractAutowireCapableBeanFactory.doCreateBean(AbstractAutowireCapableBeanFactory.java:562) ~[spring-beans-6.1.6.jar:6.1.6]
	at org.springframework.beans.factory.support.AbstractAutowireCapableBeanFactory.createBean(AbstractAutowireCapableBeanFactory.java:522) ~[spring-beans-6.1.6.jar:6.1.6]
	at org.springframework.beans.factory.support.AbstractBeanFactory.lambda$doGetBean$0(AbstractBeanFactory.java:326) ~[spring-beans-6.1.6.jar:6.1.6]
	at org.springframework.beans.factory.support.DefaultSingletonBeanRegistry.getSingleton(DefaultSingletonBeanRegistry.java:234) ~[spring-beans-6.1.6.jar:6.1.6]
	at org.springframework.beans.factory.support.AbstractBeanFactory.doGetBean(AbstractBeanFactory.java:324) ~[spring-beans-6.1.6.jar:6.1.6]
	at org.springframework.beans.factory.support.AbstractBeanFactory.getBean(AbstractBeanFactory.java:200) ~[spring-beans-6.1.6.jar:6.1.6]
	at org.springframework.beans.factory.support.DefaultListableBeanFactory.preInstantiateSingletons(DefaultListableBeanFactory.java:975) ~[spring-beans-6.1.6.jar:6.1.6]
	at org.springframework.context.support.AbstractApplicationContext.finishBeanFactoryInitialization(AbstractApplicationContext.java:962) ~[spring-context-6.1.6.jar:6.1.6]
	at org.springframework.context.support.AbstractApplicationContext.refresh(AbstractApplicationContext.java:624) ~[spring-context-6.1.6.jar:6.1.6]
	at org.springframework.boot.web.servlet.context.ServletWebServerApplicationContext.refresh(ServletWebServerApplicationContext.java:146) ~[spring-boot-3.2.5.jar:3.2.5]
	at org.springframework.boot.SpringApplication.refresh(SpringApplication.java:754) ~[spring-boot-3.2.5.jar:3.2.5]
	at org.springframework.boot.SpringApplication.refreshContext(SpringApplication.java:456) ~[spring-boot-3.2.5.jar:3.2.5]
	at org.springframework.boot.SpringApplication.run(SpringApplication.java:334) ~[spring-boot-3.2.5.jar:3.2.5]
	at org.springframework.boot.SpringApplication.run(SpringApplication.java:1354) ~[spring-boot-3.2.5.jar:3.2.5]
	at org.springframework.boot.SpringApplication.run(SpringApplication.java:1343) ~[spring-boot-3.2.5.jar:3.2.5]
	at com.yuno.provider.ProviderServiceApplication.main(ProviderServiceApplication.java:20) ~[classes/:na]

2026-05-23T05:03:01.051-05:00  INFO 6620 --- [provider-service] [main] com.zaxxer.hikari.HikariDataSource       : ProviderHikariPool - Starting...
2026-05-23T05:03:02.081-05:00 ERROR 6620 --- [provider-service] [main] com.zaxxer.hikari.pool.HikariPool        : ProviderHikariPool - Exception during pool initialization.

org.postgresql.util.PSQLException: FATAL: database "yuno_provider_db" does not exist
	at org.postgresql.core.v3.QueryExecutorImpl.receiveErrorResponse(QueryExecutorImpl.java:2713) ~[postgresql-42.6.2.jar:42.6.2]
	at org.postgresql.core.v3.QueryExecutorImpl.readStartupMessages(QueryExecutorImpl.java:2825) ~[postgresql-42.6.2.jar:42.6.2]
	at org.postgresql.core.v3.QueryExecutorImpl.<init>(QueryExecutorImpl.java:175) ~[postgresql-42.6.2.jar:42.6.2]
	at org.postgresql.core.v3.ConnectionFactoryImpl.openConnectionImpl(ConnectionFactoryImpl.java:313) ~[postgresql-42.6.2.jar:42.6.2]
	at org.postgresql.core.ConnectionFactory.openConnection(ConnectionFactory.java:54) ~[postgresql-42.6.2.jar:42.6.2]
	at org.postgresql.jdbc.PgConnection.<init>(PgConnection.java:263) ~[postgresql-42.6.2.jar:42.6.2]
	at org.postgresql.Driver.makeConnection(Driver.java:443) ~[postgresql-42.6.2.jar:42.6.2]
	at org.postgresql.Driver.connect(Driver.java:297) ~[postgresql-42.6.2.jar:42.6.2]
	at com.zaxxer.hikari.util.DriverDataSource.getConnection(DriverDataSource.java:138) ~[HikariCP-5.0.1.jar:na]
	at com.zaxxer.hikari.pool.PoolBase.newConnection(PoolBase.java:359) ~[HikariCP-5.0.1.jar:na]
	at com.zaxxer.hikari.pool.PoolBase.newPoolEntry(PoolBase.java:201) ~[HikariCP-5.0.1.jar:na]
	at com.zaxxer.hikari.pool.HikariPool.createPoolEntry(HikariPool.java:470) ~[HikariCP-5.0.1.jar:na]
	at com.zaxxer.hikari.pool.HikariPool.checkFailFast(HikariPool.java:561) ~[HikariCP-5.0.1.jar:na]
	at com.zaxxer.hikari.pool.HikariPool.<init>(HikariPool.java:100) ~[HikariCP-5.0.1.jar:na]
	at com.zaxxer.hikari.HikariDataSource.getConnection(HikariDataSource.java:112) ~[HikariCP-5.0.1.jar:na]
	at org.flywaydb.core.internal.jdbc.JdbcUtils.openConnection(JdbcUtils.java:48) ~[flyway-core-10.10.0.jar:na]
	at org.flywaydb.core.internal.jdbc.JdbcConnectionFactory.<init>(JdbcConnectionFactory.java:72) ~[flyway-core-10.10.0.jar:na]
	at org.flywaydb.core.FlywayExecutor.execute(FlywayExecutor.java:134) ~[flyway-core-10.10.0.jar:na]
	at org.flywaydb.core.Flyway.migrate(Flyway.java:147) ~[flyway-core-10.10.0.jar:na]
	at org.springframework.boot.autoconfigure.flyway.FlywayMigrationInitializer.afterPropertiesSet(FlywayMigrationInitializer.java:66) ~[spring-boot-autoconfigure-3.2.5.jar:3.2.5]
	at org.springframework.beans.factory.support.AbstractAutowireCapableBeanFactory.invokeInitMethods(AbstractAutowireCapableBeanFactory.java:1833) ~[spring-beans-6.1.6.jar:6.1.6]
	at org.springframework.beans.factory.support.AbstractAutowireCapableBeanFactory.initializeBean(AbstractAutowireCapableBeanFactory.java:1782) ~[spring-beans-6.1.6.jar:6.1.6]
	at org.springframework.beans.factory.support.AbstractAutowireCapableBeanFactory.doCreateBean(AbstractAutowireCapableBeanFactory.java:600) ~[spring-beans-6.1.6.jar:6.1.6]
	at org.springframework.beans.factory.support.AbstractAutowireCapableBeanFactory.createBean(AbstractAutowireCapableBeanFactory.java:522) ~[spring-beans-6.1.6.jar:6.1.6]
	at org.springframework.beans.factory.support.AbstractBeanFactory.lambda$doGetBean$0(AbstractBeanFactory.java:326) ~[spring-beans-6.1.6.jar:6.1.6]
	at org.springframework.beans.factory.support.DefaultSingletonBeanRegistry.getSingleton(DefaultSingletonBeanRegistry.java:234) ~[spring-beans-6.1.6.jar:6.1.6]
	at org.springframework.beans.factory.support.AbstractBeanFactory.doGetBean(AbstractBeanFactory.java:324) ~[spring-beans-6.1.6.jar:6.1.6]
	at org.springframework.beans.factory.support.AbstractBeanFactory.getBean(AbstractBeanFactory.java:200) ~[spring-beans-6.1.6.jar:6.1.6]
	at org.springframework.beans.factory.support.AbstractBeanFactory.doGetBean(AbstractBeanFactory.java:313) ~[spring-beans-6.1.6.jar:6.1.6]
	at org.springframework.beans.factory.support.AbstractBeanFactory.getBean(AbstractBeanFactory.java:200) ~[spring-beans-6.1.6.jar:6.1.6]
	at org.springframework.beans.factory.config.DependencyDescriptor.resolveCandidate(DependencyDescriptor.java:254) ~[spring-beans-6.1.6.jar:6.1.6]
	at org.springframework.beans.factory.support.DefaultListableBeanFactory.doResolveDependency(DefaultListableBeanFactory.java:1443) ~[spring-beans-6.1.6.jar:6.1.6]
	at org.springframework.beans.factory.support.DefaultListableBeanFactory.resolveDependency(DefaultListableBeanFactory.java:1353) ~[spring-beans-6.1.6.jar:6.1.6]
	at org.springframework.beans.factory.support.AbstractAutowireCapableBeanFactory.autowireByType(AbstractAutowireCapableBeanFactory.java:1501) ~[spring-beans-6.1.6.jar:6.1.6]
	at org.springframework.beans.factory.support.AbstractAutowireCapableBeanFactory.populateBean(AbstractAutowireCapableBeanFactory.java:1410) ~[spring-beans-6.1.6.jar:6.1.6]
	at org.springframework.beans.factory.support.AbstractAutowireCapableBeanFactory.doCreateBean(AbstractAutowireCapableBeanFactory.java:599) ~[spring-beans-6.1.6.jar:6.1.6]
	at org.springframework.beans.factory.support.AbstractAutowireCapableBeanFactory.createBean(AbstractAutowireCapableBeanFactory.java:522) ~[spring-beans-6.1.6.jar:6.1.6]
	at org.springframework.beans.factory.support.AbstractBeanFactory.lambda$doGetBean$0(AbstractBeanFactory.java:326) ~[spring-beans-6.1.6.jar:6.1.6]
	at org.springframework.beans.factory.support.DefaultSingletonBeanRegistry.getSingleton(DefaultSingletonBeanRegistry.java:234) ~[spring-beans-6.1.6.jar:6.1.6]
	at org.springframework.beans.factory.support.AbstractBeanFactory.doGetBean(AbstractBeanFactory.java:324) ~[spring-beans-6.1.6.jar:6.1.6]
	at org.springframework.beans.factory.support.AbstractBeanFactory.getBean(AbstractBeanFactory.java:200) ~[spring-beans-6.1.6.jar:6.1.6]
	at org.springframework.beans.factory.config.DependencyDescriptor.resolveCandidate(DependencyDescriptor.java:254) ~[spring-beans-6.1.6.jar:6.1.6]
	at org.springframework.beans.factory.support.DefaultListableBeanFactory.doResolveDependency(DefaultListableBeanFactory.java:1443) ~[spring-beans-6.1.6.jar:6.1.6]
	at org.springframework.beans.factory.support.DefaultListableBeanFactory.resolveDependency(DefaultListableBeanFactory.java:1353) ~[spring-beans-6.1.6.jar:6.1.6]
	at org.springframework.beans.factory.support.ConstructorResolver.resolveAutowiredArgument(ConstructorResolver.java:904) ~[spring-beans-6.1.6.jar:6.1.6]
	at org.springframework.beans.factory.support.ConstructorResolver.createArgumentArray(ConstructorResolver.java:782) ~[spring-beans-6.1.6.jar:6.1.6]
	at org.springframework.beans.factory.support.ConstructorResolver.autowireConstructor(ConstructorResolver.java:237) ~[spring-beans-6.1.6.jar:6.1.6]
	at org.springframework.beans.factory.support.AbstractAutowireCapableBeanFactory.autowireConstructor(AbstractAutowireCapableBeanFactory.java:1355) ~[spring-beans-6.1.6.jar:6.1.6]
	at org.springframework.beans.factory.support.AbstractAutowireCapableBeanFactory.createBeanInstance(AbstractAutowireCapableBeanFactory.java:1192) ~[spring-beans-6.1.6.jar:6.1.6]
	at org.springframework.beans.factory.support.AbstractAutowireCapableBeanFactory.doCreateBean(AbstractAutowireCapableBeanFactory.java:562) ~[spring-beans-6.1.6.jar:6.1.6]
	at org.springframework.beans.factory.support.AbstractAutowireCapableBeanFactory.createBean(AbstractAutowireCapableBeanFactory.java:522) ~[spring-beans-6.1.6.jar:6.1.6]
	at org.springframework.beans.factory.support.AbstractBeanFactory.lambda$doGetBean$0(AbstractBeanFactory.java:326) ~[spring-beans-6.1.6.jar:6.1.6]
	at org.springframework.beans.factory.support.DefaultSingletonBeanRegistry.getSingleton(DefaultSingletonBeanRegistry.java:234) ~[spring-beans-6.1.6.jar:6.1.6]
	at org.springframework.beans.factory.support.AbstractBeanFactory.doGetBean(AbstractBeanFactory.java:324) ~[spring-beans-6.1.6.jar:6.1.6]
	at org.springframework.beans.factory.support.AbstractBeanFactory.getBean(AbstractBeanFactory.java:200) ~[spring-beans-6.1.6.jar:6.1.6]
	at org.springframework.beans.factory.config.DependencyDescriptor.resolveCandidate(DependencyDescriptor.java:254) ~[spring-beans-6.1.6.jar:6.1.6]
	at org.springframework.beans.factory.support.DefaultListableBeanFactory.doResolveDependency(DefaultListableBeanFactory.java:1443) ~[spring-beans-6.1.6.jar:6.1.6]
	at org.springframework.beans.factory.support.DefaultListableBeanFactory.resolveDependency(DefaultListableBeanFactory.java:1353) ~[spring-beans-6.1.6.jar:6.1.6]
	at org.springframework.beans.factory.support.ConstructorResolver.resolveAutowiredArgument(ConstructorResolver.java:904) ~[spring-beans-6.1.6.jar:6.1.6]
	at org.springframework.beans.factory.support.ConstructorResolver.createArgumentArray(ConstructorResolver.java:782) ~[spring-beans-6.1.6.jar:6.1.6]
	at org.springframework.beans.factory.support.ConstructorResolver.autowireConstructor(ConstructorResolver.java:237) ~[spring-beans-6.1.6.jar:6.1.6]
	at org.springframework.beans.factory.support.AbstractAutowireCapableBeanFactory.autowireConstructor(AbstractAutowireCapableBeanFactory.java:1355) ~[spring-beans-6.1.6.jar:6.1.6]
	at org.springframework.beans.factory.support.AbstractAutowireCapableBeanFactory.createBeanInstance(AbstractAutowireCapableBeanFactory.java:1192) ~[spring-beans-6.1.6.jar:6.1.6]
	at org.springframework.beans.factory.support.AbstractAutowireCapableBeanFactory.doCreateBean(AbstractAutowireCapableBeanFactory.java:562) ~[spring-beans-6.1.6.jar:6.1.6]
	at org.springframework.beans.factory.support.AbstractAutowireCapableBeanFactory.createBean(AbstractAutowireCapableBeanFactory.java:522) ~[spring-beans-6.1.6.jar:6.1.6]
	at org.springframework.beans.factory.support.AbstractBeanFactory.lambda$doGetBean$0(AbstractBeanFactory.java:326) ~[spring-beans-6.1.6.jar:6.1.6]
	at org.springframework.beans.factory.support.DefaultSingletonBeanRegistry.getSingleton(DefaultSingletonBeanRegistry.java:234) ~[spring-beans-6.1.6.jar:6.1.6]
	at org.springframework.beans.factory.support.AbstractBeanFactory.doGetBean(AbstractBeanFactory.java:324) ~[spring-beans-6.1.6.jar:6.1.6]
	at org.springframework.beans.factory.support.AbstractBeanFactory.getBean(AbstractBeanFactory.java:200) ~[spring-beans-6.1.6.jar:6.1.6]
	at org.springframework.beans.factory.support.DefaultListableBeanFactory.preInstantiateSingletons(DefaultListableBeanFactory.java:975) ~[spring-beans-6.1.6.jar:6.1.6]
	at org.springframework.context.support.AbstractApplicationContext.finishBeanFactoryInitialization(AbstractApplicationContext.java:962) ~[spring-context-6.1.6.jar:6.1.6]
	at org.springframework.context.support.AbstractApplicationContext.refresh(AbstractApplicationContext.java:624) ~[spring-context-6.1.6.jar:6.1.6]
	at org.springframework.boot.web.servlet.context.ServletWebServerApplicationContext.refresh(ServletWebServerApplicationContext.java:146) ~[spring-boot-3.2.5.jar:3.2.5]
	at org.springframework.boot.SpringApplication.refresh(SpringApplication.java:754) ~[spring-boot-3.2.5.jar:3.2.5]
	at org.springframework.boot.SpringApplication.refreshContext(SpringApplication.java:456) ~[spring-boot-3.2.5.jar:3.2.5]
	at org.springframework.boot.SpringApplication.run(SpringApplication.java:334) ~[spring-boot-3.2.5.jar:3.2.5]
	at org.springframework.boot.SpringApplication.run(SpringApplication.java:1354) ~[spring-boot-3.2.5.jar:3.2.5]
	at org.springframework.boot.SpringApplication.run(SpringApplication.java:1343) ~[spring-boot-3.2.5.jar:3.2.5]
	at com.yuno.provider.ProviderServiceApplication.main(ProviderServiceApplication.java:20) ~[classes/:na]

2026-05-23T05:03:02.105-05:00  WARN 6620 --- [provider-service] [main] ConfigServletWebServerApplicationContext : Exception encountered during context initialization - cancelling refresh attempt: org.springframework.beans.factory.UnsatisfiedDependencyException: Error creating bean with name 'paymentInitiatedConsumer' defined in file [/Users/yashwanthpraveen/Desktop/yuno-payment-ms/yuno-payment-ms/provider-service/target/classes/com/yuno/provider/kafka/PaymentInitiatedConsumer.class]: Unsatisfied dependency expressed through constructor parameter 0: Error creating bean with name 'providerOrchestrationService' defined in file [/Users/yashwanthpraveen/Desktop/yuno-payment-ms/yuno-payment-ms/provider-service/target/classes/com/yuno/provider/service/ProviderOrchestrationService.class]: Unsatisfied dependency expressed through constructor parameter 1: Error creating bean with name 'providerCallMapper' defined in file [/Users/yashwanthpraveen/Desktop/yuno-payment-ms/yuno-payment-ms/provider-service/target/classes/com/yuno/provider/mapper/ProviderCallMapper.class]: Unsatisfied dependency expressed through bean property 'sqlSessionTemplate': Error creating bean with name 'flywayInitializer' defined in class path resource [org/springframework/boot/autoconfigure/flyway/FlywayAutoConfiguration$FlywayConfiguration.class]: Unable to obtain connection from database: FATAL: database "yuno_provider_db" does not exist
--------------------------------------------------------------------------------------------
SQL State  : 3D000
Error Code : 0
Message    : FATAL: database "yuno_provider_db" does not exist

2026-05-23T05:03:02.111-05:00  INFO 6620 --- [provider-service] [main] o.apache.catalina.core.StandardService   : Stopping service [Tomcat]
2026-05-23T05:03:02.138-05:00  INFO 6620 --- [provider-service] [main] .s.b.a.l.ConditionEvaluationReportLogger : 

Error starting ApplicationContext. To display the condition evaluation report re-run your application with 'debug' enabled.
2026-05-23T05:03:02.158-05:00 ERROR 6620 --- [provider-service] [main] o.s.boot.SpringApplication               : Application run failed

org.springframework.beans.factory.UnsatisfiedDependencyException: Error creating bean with name 'paymentInitiatedConsumer' defined in file [/Users/yashwanthpraveen/Desktop/yuno-payment-ms/yuno-payment-ms/provider-service/target/classes/com/yuno/provider/kafka/PaymentInitiatedConsumer.class]: Unsatisfied dependency expressed through constructor parameter 0: Error creating bean with name 'providerOrchestrationService' defined in file [/Users/yashwanthpraveen/Desktop/yuno-payment-ms/yuno-payment-ms/provider-service/target/classes/com/yuno/provider/service/ProviderOrchestrationService.class]: Unsatisfied dependency expressed through constructor parameter 1: Error creating bean with name 'providerCallMapper' defined in file [/Users/yashwanthpraveen/Desktop/yuno-payment-ms/yuno-payment-ms/provider-service/target/classes/com/yuno/provider/mapper/ProviderCallMapper.class]: Unsatisfied dependency expressed through bean property 'sqlSessionTemplate': Error creating bean with name 'flywayInitializer' defined in class path resource [org/springframework/boot/autoconfigure/flyway/FlywayAutoConfiguration$FlywayConfiguration.class]: Unable to obtain connection from database: FATAL: database "yuno_provider_db" does not exist
--------------------------------------------------------------------------------------------
SQL State  : 3D000
Error Code : 0
Message    : FATAL: database "yuno_provider_db" does not exist

	at org.springframework.beans.factory.support.ConstructorResolver.createArgumentArray(ConstructorResolver.java:795) ~[spring-beans-6.1.6.jar:6.1.6]
	at org.springframework.beans.factory.support.ConstructorResolver.autowireConstructor(ConstructorResolver.java:237) ~[spring-beans-6.1.6.jar:6.1.6]
	at org.springframework.beans.factory.support.AbstractAutowireCapableBeanFactory.autowireConstructor(AbstractAutowireCapableBeanFactory.java:1355) ~[spring-beans-6.1.6.jar:6.1.6]
	at org.springframework.beans.factory.support.AbstractAutowireCapableBeanFactory.createBeanInstance(AbstractAutowireCapableBeanFactory.java:1192) ~[spring-beans-6.1.6.jar:6.1.6]
	at org.springframework.beans.factory.support.AbstractAutowireCapableBeanFactory.doCreateBean(AbstractAutowireCapableBeanFactory.java:562) ~[spring-beans-6.1.6.jar:6.1.6]
	at org.springframework.beans.factory.support.AbstractAutowireCapableBeanFactory.createBean(AbstractAutowireCapableBeanFactory.java:522) ~[spring-beans-6.1.6.jar:6.1.6]
	at org.springframework.beans.factory.support.AbstractBeanFactory.lambda$doGetBean$0(AbstractBeanFactory.java:326) ~[spring-beans-6.1.6.jar:6.1.6]
	at org.springframework.beans.factory.support.DefaultSingletonBeanRegistry.getSingleton(DefaultSingletonBeanRegistry.java:234) ~[spring-beans-6.1.6.jar:6.1.6]
	at org.springframework.beans.factory.support.AbstractBeanFactory.doGetBean(AbstractBeanFactory.java:324) ~[spring-beans-6.1.6.jar:6.1.6]
	at org.springframework.beans.factory.support.AbstractBeanFactory.getBean(AbstractBeanFactory.java:200) ~[spring-beans-6.1.6.jar:6.1.6]
	at org.springframework.beans.factory.support.DefaultListableBeanFactory.preInstantiateSingletons(DefaultListableBeanFactory.java:975) ~[spring-beans-6.1.6.jar:6.1.6]
	at org.springframework.context.support.AbstractApplicationContext.finishBeanFactoryInitialization(AbstractApplicationContext.java:962) ~[spring-context-6.1.6.jar:6.1.6]
	at org.springframework.context.support.AbstractApplicationContext.refresh(AbstractApplicationContext.java:624) ~[spring-context-6.1.6.jar:6.1.6]
	at org.springframework.boot.web.servlet.context.ServletWebServerApplicationContext.refresh(ServletWebServerApplicationContext.java:146) ~[spring-boot-3.2.5.jar:3.2.5]
	at org.springframework.boot.SpringApplication.refresh(SpringApplication.java:754) ~[spring-boot-3.2.5.jar:3.2.5]
	at org.springframework.boot.SpringApplication.refreshContext(SpringApplication.java:456) ~[spring-boot-3.2.5.jar:3.2.5]
	at org.springframework.boot.SpringApplication.run(SpringApplication.java:334) ~[spring-boot-3.2.5.jar:3.2.5]
	at org.springframework.boot.SpringApplication.run(SpringApplication.java:1354) ~[spring-boot-3.2.5.jar:3.2.5]
	at org.springframework.boot.SpringApplication.run(SpringApplication.java:1343) ~[spring-boot-3.2.5.jar:3.2.5]
	at com.yuno.provider.ProviderServiceApplication.main(ProviderServiceApplication.java:20) ~[classes/:na]
Caused by: org.springframework.beans.factory.UnsatisfiedDependencyException: Error creating bean with name 'providerOrchestrationService' defined in file [/Users/yashwanthpraveen/Desktop/yuno-payment-ms/yuno-payment-ms/provider-service/target/classes/com/yuno/provider/service/ProviderOrchestrationService.class]: Unsatisfied dependency expressed through constructor parameter 1: Error creating bean with name 'providerCallMapper' defined in file [/Users/yashwanthpraveen/Desktop/yuno-payment-ms/yuno-payment-ms/provider-service/target/classes/com/yuno/provider/mapper/ProviderCallMapper.class]: Unsatisfied dependency expressed through bean property 'sqlSessionTemplate': Error creating bean with name 'flywayInitializer' defined in class path resource [org/springframework/boot/autoconfigure/flyway/FlywayAutoConfiguration$FlywayConfiguration.class]: Unable to obtain connection from database: FATAL: database "yuno_provider_db" does not exist
--------------------------------------------------------------------------------------------
SQL State  : 3D000
Error Code : 0
Message    : FATAL: database "yuno_provider_db" does not exist

	at org.springframework.beans.factory.support.ConstructorResolver.createArgumentArray(ConstructorResolver.java:795) ~[spring-beans-6.1.6.jar:6.1.6]
	at org.springframework.beans.factory.support.ConstructorResolver.autowireConstructor(ConstructorResolver.java:237) ~[spring-beans-6.1.6.jar:6.1.6]
	at org.springframework.beans.factory.support.AbstractAutowireCapableBeanFactory.autowireConstructor(AbstractAutowireCapableBeanFactory.java:1355) ~[spring-beans-6.1.6.jar:6.1.6]
	at org.springframework.beans.factory.support.AbstractAutowireCapableBeanFactory.createBeanInstance(AbstractAutowireCapableBeanFactory.java:1192) ~[spring-beans-6.1.6.jar:6.1.6]
	at org.springframework.beans.factory.support.AbstractAutowireCapableBeanFactory.doCreateBean(AbstractAutowireCapableBeanFactory.java:562) ~[spring-beans-6.1.6.jar:6.1.6]
	at org.springframework.beans.factory.support.AbstractAutowireCapableBeanFactory.createBean(AbstractAutowireCapableBeanFactory.java:522) ~[spring-beans-6.1.6.jar:6.1.6]
	at org.springframework.beans.factory.support.AbstractBeanFactory.lambda$doGetBean$0(AbstractBeanFactory.java:326) ~[spring-beans-6.1.6.jar:6.1.6]
	at org.springframework.beans.factory.support.DefaultSingletonBeanRegistry.getSingleton(DefaultSingletonBeanRegistry.java:234) ~[spring-beans-6.1.6.jar:6.1.6]
	at org.springframework.beans.factory.support.AbstractBeanFactory.doGetBean(AbstractBeanFactory.java:324) ~[spring-beans-6.1.6.jar:6.1.6]
	at org.springframework.beans.factory.support.AbstractBeanFactory.getBean(AbstractBeanFactory.java:200) ~[spring-beans-6.1.6.jar:6.1.6]
	at org.springframework.beans.factory.config.DependencyDescriptor.resolveCandidate(DependencyDescriptor.java:254) ~[spring-beans-6.1.6.jar:6.1.6]
	at org.springframework.beans.factory.support.DefaultListableBeanFactory.doResolveDependency(DefaultListableBeanFactory.java:1443) ~[spring-beans-6.1.6.jar:6.1.6]
	at org.springframework.beans.factory.support.DefaultListableBeanFactory.resolveDependency(DefaultListableBeanFactory.java:1353) ~[spring-beans-6.1.6.jar:6.1.6]
	at org.springframework.beans.factory.support.ConstructorResolver.resolveAutowiredArgument(ConstructorResolver.java:904) ~[spring-beans-6.1.6.jar:6.1.6]
	at org.springframework.beans.factory.support.ConstructorResolver.createArgumentArray(ConstructorResolver.java:782) ~[spring-beans-6.1.6.jar:6.1.6]
	... 19 common frames omitted
Caused by: org.springframework.beans.factory.UnsatisfiedDependencyException: Error creating bean with name 'providerCallMapper' defined in file [/Users/yashwanthpraveen/Desktop/yuno-payment-ms/yuno-payment-ms/provider-service/target/classes/com/yuno/provider/mapper/ProviderCallMapper.class]: Unsatisfied dependency expressed through bean property 'sqlSessionTemplate': Error creating bean with name 'flywayInitializer' defined in class path resource [org/springframework/boot/autoconfigure/flyway/FlywayAutoConfiguration$FlywayConfiguration.class]: Unable to obtain connection from database: FATAL: database "yuno_provider_db" does not exist
--------------------------------------------------------------------------------------------
SQL State  : 3D000
Error Code : 0
Message    : FATAL: database "yuno_provider_db" does not exist

	at org.springframework.beans.factory.support.AbstractAutowireCapableBeanFactory.autowireByType(AbstractAutowireCapableBeanFactory.java:1516) ~[spring-beans-6.1.6.jar:6.1.6]
	at org.springframework.beans.factory.support.AbstractAutowireCapableBeanFactory.populateBean(AbstractAutowireCapableBeanFactory.java:1410) ~[spring-beans-6.1.6.jar:6.1.6]
	at org.springframework.beans.factory.support.AbstractAutowireCapableBeanFactory.doCreateBean(AbstractAutowireCapableBeanFactory.java:599) ~[spring-beans-6.1.6.jar:6.1.6]
	at org.springframework.beans.factory.support.AbstractAutowireCapableBeanFactory.createBean(AbstractAutowireCapableBeanFactory.java:522) ~[spring-beans-6.1.6.jar:6.1.6]
	at org.springframework.beans.factory.support.AbstractBeanFactory.lambda$doGetBean$0(AbstractBeanFactory.java:326) ~[spring-beans-6.1.6.jar:6.1.6]
	at org.springframework.beans.factory.support.DefaultSingletonBeanRegistry.getSingleton(DefaultSingletonBeanRegistry.java:234) ~[spring-beans-6.1.6.jar:6.1.6]
	at org.springframework.beans.factory.support.AbstractBeanFactory.doGetBean(AbstractBeanFactory.java:324) ~[spring-beans-6.1.6.jar:6.1.6]
	at org.springframework.beans.factory.support.AbstractBeanFactory.getBean(AbstractBeanFactory.java:200) ~[spring-beans-6.1.6.jar:6.1.6]
	at org.springframework.beans.factory.config.DependencyDescriptor.resolveCandidate(DependencyDescriptor.java:254) ~[spring-beans-6.1.6.jar:6.1.6]
	at org.springframework.beans.factory.support.DefaultListableBeanFactory.doResolveDependency(DefaultListableBeanFactory.java:1443) ~[spring-beans-6.1.6.jar:6.1.6]
	at org.springframework.beans.factory.support.DefaultListableBeanFactory.resolveDependency(DefaultListableBeanFactory.java:1353) ~[spring-beans-6.1.6.jar:6.1.6]
	at org.springframework.beans.factory.support.ConstructorResolver.resolveAutowiredArgument(ConstructorResolver.java:904) ~[spring-beans-6.1.6.jar:6.1.6]
	at org.springframework.beans.factory.support.ConstructorResolver.createArgumentArray(ConstructorResolver.java:782) ~[spring-beans-6.1.6.jar:6.1.6]
	... 33 common frames omitted
Caused by: org.springframework.beans.factory.BeanCreationException: Error creating bean with name 'flywayInitializer' defined in class path resource [org/springframework/boot/autoconfigure/flyway/FlywayAutoConfiguration$FlywayConfiguration.class]: Unable to obtain connection from database: FATAL: database "yuno_provider_db" does not exist
--------------------------------------------------------------------------------------------
SQL State  : 3D000
Error Code : 0
Message    : FATAL: database "yuno_provider_db" does not exist

	at org.springframework.beans.factory.support.AbstractAutowireCapableBeanFactory.initializeBean(AbstractAutowireCapableBeanFactory.java:1786) ~[spring-beans-6.1.6.jar:6.1.6]
	at org.springframework.beans.factory.support.AbstractAutowireCapableBeanFactory.doCreateBean(AbstractAutowireCapableBeanFactory.java:600) ~[spring-beans-6.1.6.jar:6.1.6]
	at org.springframework.beans.factory.support.AbstractAutowireCapableBeanFactory.createBean(AbstractAutowireCapableBeanFactory.java:522) ~[spring-beans-6.1.6.jar:6.1.6]
	at org.springframework.beans.factory.support.AbstractBeanFactory.lambda$doGetBean$0(AbstractBeanFactory.java:326) ~[spring-beans-6.1.6.jar:6.1.6]
	at org.springframework.beans.factory.support.DefaultSingletonBeanRegistry.getSingleton(DefaultSingletonBeanRegistry.java:234) ~[spring-beans-6.1.6.jar:6.1.6]
	at org.springframework.beans.factory.support.AbstractBeanFactory.doGetBean(AbstractBeanFactory.java:324) ~[spring-beans-6.1.6.jar:6.1.6]
	at org.springframework.beans.factory.support.AbstractBeanFactory.getBean(AbstractBeanFactory.java:200) ~[spring-beans-6.1.6.jar:6.1.6]
	at org.springframework.beans.factory.support.AbstractBeanFactory.doGetBean(AbstractBeanFactory.java:313) ~[spring-beans-6.1.6.jar:6.1.6]
	at org.springframework.beans.factory.support.AbstractBeanFactory.getBean(AbstractBeanFactory.java:200) ~[spring-beans-6.1.6.jar:6.1.6]
	at org.springframework.beans.factory.config.DependencyDescriptor.resolveCandidate(DependencyDescriptor.java:254) ~[spring-beans-6.1.6.jar:6.1.6]
	at org.springframework.beans.factory.support.DefaultListableBeanFactory.doResolveDependency(DefaultListableBeanFactory.java:1443) ~[spring-beans-6.1.6.jar:6.1.6]
	at org.springframework.beans.factory.support.DefaultListableBeanFactory.resolveDependency(DefaultListableBeanFactory.java:1353) ~[spring-beans-6.1.6.jar:6.1.6]
	at org.springframework.beans.factory.support.AbstractAutowireCapableBeanFactory.autowireByType(AbstractAutowireCapableBeanFactory.java:1501) ~[spring-beans-6.1.6.jar:6.1.6]
	... 45 common frames omitted
Caused by: org.flywaydb.core.internal.exception.FlywaySqlException: Unable to obtain connection from database: FATAL: database "yuno_provider_db" does not exist
--------------------------------------------------------------------------------------------
SQL State  : 3D000
Error Code : 0
Message    : FATAL: database "yuno_provider_db" does not exist

	at org.flywaydb.core.internal.jdbc.JdbcUtils.openConnection(JdbcUtils.java:60) ~[flyway-core-10.10.0.jar:na]
	at org.flywaydb.core.internal.jdbc.JdbcConnectionFactory.<init>(JdbcConnectionFactory.java:72) ~[flyway-core-10.10.0.jar:na]
	at org.flywaydb.core.FlywayExecutor.execute(FlywayExecutor.java:134) ~[flyway-core-10.10.0.jar:na]
	at org.flywaydb.core.Flyway.migrate(Flyway.java:147) ~[flyway-core-10.10.0.jar:na]
	at org.springframework.boot.autoconfigure.flyway.FlywayMigrationInitializer.afterPropertiesSet(FlywayMigrationInitializer.java:66) ~[spring-boot-autoconfigure-3.2.5.jar:3.2.5]
	at org.springframework.beans.factory.support.AbstractAutowireCapableBeanFactory.invokeInitMethods(AbstractAutowireCapableBeanFactory.java:1833) ~[spring-beans-6.1.6.jar:6.1.6]
	at org.springframework.beans.factory.support.AbstractAutowireCapableBeanFactory.initializeBean(AbstractAutowireCapableBeanFactory.java:1782) ~[spring-beans-6.1.6.jar:6.1.6]
	... 57 common frames omitted
Caused by: org.postgresql.util.PSQLException: FATAL: database "yuno_provider_db" does not exist
	at org.postgresql.core.v3.QueryExecutorImpl.receiveErrorResponse(QueryExecutorImpl.java:2713) ~[postgresql-42.6.2.jar:42.6.2]
	at org.postgresql.core.v3.QueryExecutorImpl.readStartupMessages(QueryExecutorImpl.java:2825) ~[postgresql-42.6.2.jar:42.6.2]
	at org.postgresql.core.v3.QueryExecutorImpl.<init>(QueryExecutorImpl.java:175) ~[postgresql-42.6.2.jar:42.6.2]
	at org.postgresql.core.v3.ConnectionFactoryImpl.openConnectionImpl(ConnectionFactoryImpl.java:313) ~[postgresql-42.6.2.jar:42.6.2]
	at org.postgresql.core.ConnectionFactory.openConnection(ConnectionFactory.java:54) ~[postgresql-42.6.2.jar:42.6.2]
	at org.postgresql.jdbc.PgConnection.<init>(PgConnection.java:263) ~[postgresql-42.6.2.jar:42.6.2]
	at org.postgresql.Driver.makeConnection(Driver.java:443) ~[postgresql-42.6.2.jar:42.6.2]
	at org.postgresql.Driver.connect(Driver.java:297) ~[postgresql-42.6.2.jar:42.6.2]
	at com.zaxxer.hikari.util.DriverDataSource.getConnection(DriverDataSource.java:138) ~[HikariCP-5.0.1.jar:na]
	at com.zaxxer.hikari.pool.PoolBase.newConnection(PoolBase.java:359) ~[HikariCP-5.0.1.jar:na]
	at com.zaxxer.hikari.pool.PoolBase.newPoolEntry(PoolBase.java:201) ~[HikariCP-5.0.1.jar:na]
	at com.zaxxer.hikari.pool.HikariPool.createPoolEntry(HikariPool.java:470) ~[HikariCP-5.0.1.jar:na]
	at com.zaxxer.hikari.pool.HikariPool.checkFailFast(HikariPool.java:561) ~[HikariCP-5.0.1.jar:na]
	at com.zaxxer.hikari.pool.HikariPool.<init>(HikariPool.java:100) ~[HikariCP-5.0.1.jar:na]
	at com.zaxxer.hikari.HikariDataSource.getConnection(HikariDataSource.java:112) ~[HikariCP-5.0.1.jar:na]
	at org.flywaydb.core.internal.jdbc.JdbcUtils.openConnection(JdbcUtils.java:48) ~[flyway-core-10.10.0.jar:na]
	... 63 common frames omitted

2026-05-23T05:03:56.273-05:00  INFO 6649 --- [provider-service] [main] c.y.provider.ProviderServiceApplication  : Starting ProviderServiceApplication using Java 21.0.10 with PID 6649 (/Users/yashwanthpraveen/Desktop/yuno-payment-ms/yuno-payment-ms/provider-service/target/classes started by yashwanthpraveen in /Users/yashwanthpraveen/Desktop/yuno-payment-ms/yuno-payment-ms)
2026-05-23T05:03:56.275-05:00  INFO 6649 --- [provider-service] [main] c.y.provider.ProviderServiceApplication  : No active profile set, falling back to 1 default profile: "default"
2026-05-23T05:03:57.720-05:00  INFO 6649 --- [provider-service] [main] o.s.b.w.embedded.tomcat.TomcatWebServer  : Tomcat initialized with port 8082 (http)
2026-05-23T05:03:57.728-05:00  INFO 6649 --- [provider-service] [main] o.apache.catalina.core.StandardService   : Starting service [Tomcat]
2026-05-23T05:03:57.728-05:00  INFO 6649 --- [provider-service] [main] o.apache.catalina.core.StandardEngine    : Starting Servlet engine: [Apache Tomcat/10.1.20]
2026-05-23T05:03:57.755-05:00  INFO 6649 --- [provider-service] [main] o.a.c.c.C.[Tomcat].[localhost].[/]       : Initializing Spring embedded WebApplicationContext
2026-05-23T05:03:57.755-05:00  INFO 6649 --- [provider-service] [main] w.s.c.ServletWebServerApplicationContext : Root WebApplicationContext: initialization completed in 1430 ms
2026-05-23T05:03:57.964-05:00  INFO 6649 --- [provider-service] [main] c.y.p.routing.PaymentRoutingEngine       : Routing engine initialised with providers: [PROVIDER_B, PROVIDER_A]
2026-05-23T05:03:58.442-05:00  INFO 6649 --- [provider-service] [main] com.zaxxer.hikari.HikariDataSource       : ProviderHikariPool - Starting...
2026-05-23T05:03:58.522-05:00  INFO 6649 --- [provider-service] [main] com.zaxxer.hikari.pool.HikariPool        : ProviderHikariPool - Added connection org.postgresql.jdbc.PgConnection@40bf0e15
2026-05-23T05:03:58.523-05:00  INFO 6649 --- [provider-service] [main] com.zaxxer.hikari.HikariDataSource       : ProviderHikariPool - Start completed.
2026-05-23T05:03:58.545-05:00  INFO 6649 --- [provider-service] [main] org.flywaydb.core.FlywayExecutor         : Database: jdbc:postgresql://localhost:5432/yuno_provider_db (PostgreSQL 13.7)
2026-05-23T05:03:58.575-05:00  INFO 6649 --- [provider-service] [main] o.f.c.i.s.JdbcTableSchemaHistory         : Schema history table "public"."flyway_schema_history" does not exist yet
2026-05-23T05:03:58.578-05:00  INFO 6649 --- [provider-service] [main] o.f.core.internal.command.DbValidate     : Successfully validated 1 migration (execution time 00:00.011s)
2026-05-23T05:03:58.598-05:00  INFO 6649 --- [provider-service] [main] o.f.c.i.s.JdbcTableSchemaHistory         : Creating Schema History table "public"."flyway_schema_history" ...
2026-05-23T05:03:58.650-05:00  INFO 6649 --- [provider-service] [main] o.f.core.internal.command.DbMigrate      : Current version of schema "public": << Empty Schema >>
2026-05-23T05:03:58.669-05:00  INFO 6649 --- [provider-service] [main] o.f.core.internal.command.DbMigrate      : Migrating schema "public" to version "1 - create provider calls table"
2026-05-23T05:03:58.714-05:00  INFO 6649 --- [provider-service] [main] o.f.core.internal.command.DbMigrate      : Successfully applied 1 migration to schema "public", now at version v1 (execution time 00:00.031s)
2026-05-23T05:03:59.382-05:00  INFO 6649 --- [provider-service] [main] o.s.b.a.e.web.EndpointLinksResolver      : Exposing 3 endpoint(s) beneath base path '/actuator'
2026-05-23T05:03:59.455-05:00  INFO 6649 --- [provider-service] [main] o.s.b.w.embedded.tomcat.TomcatWebServer  : Tomcat started on port 8082 (http) with context path ''
2026-05-23T05:03:59.472-05:00  INFO 6649 --- [provider-service] [main] o.a.k.clients.consumer.ConsumerConfig    : ConsumerConfig values: 
	allow.auto.create.topics = true
	auto.commit.interval.ms = 5000
	auto.include.jmx.reporter = true
	auto.offset.reset = earliest
	bootstrap.servers = [localhost:9092]
	check.crcs = true
	client.dns.lookup = use_all_dns_ips
	client.id = consumer-provider-service-group-1
	client.rack = 
	connections.max.idle.ms = 540000
	default.api.timeout.ms = 60000
	enable.auto.commit = false
	exclude.internal.topics = true
	fetch.max.bytes = 52428800
	fetch.max.wait.ms = 500
	fetch.min.bytes = 1
	group.id = provider-service-group
	group.instance.id = null
	heartbeat.interval.ms = 3000
	interceptor.classes = []
	internal.leave.group.on.close = true
	internal.throw.on.fetch.stable.offset.unsupported = false
	isolation.level = read_uncommitted
	key.deserializer = class org.apache.kafka.common.serialization.StringDeserializer
	max.partition.fetch.bytes = 1048576
	max.poll.interval.ms = 300000
	max.poll.records = 500
	metadata.max.age.ms = 300000
	metric.reporters = []
	metrics.num.samples = 2
	metrics.recording.level = INFO
	metrics.sample.window.ms = 30000
	partition.assignment.strategy = [class org.apache.kafka.clients.consumer.RangeAssignor, class org.apache.kafka.clients.consumer.CooperativeStickyAssignor]
	receive.buffer.bytes = 65536
	reconnect.backoff.max.ms = 1000
	reconnect.backoff.ms = 50
	request.timeout.ms = 30000
	retry.backoff.ms = 100
	sasl.client.callback.handler.class = null
	sasl.jaas.config = null
	sasl.kerberos.kinit.cmd = /usr/bin/kinit
	sasl.kerberos.min.time.before.relogin = 60000
	sasl.kerberos.service.name = null
	sasl.kerberos.ticket.renew.jitter = 0.05
	sasl.kerberos.ticket.renew.window.factor = 0.8
	sasl.login.callback.handler.class = null
	sasl.login.class = null
	sasl.login.connect.timeout.ms = null
	sasl.login.read.timeout.ms = null
	sasl.login.refresh.buffer.seconds = 300
	sasl.login.refresh.min.period.seconds = 60
	sasl.login.refresh.window.factor = 0.8
	sasl.login.refresh.window.jitter = 0.05
	sasl.login.retry.backoff.max.ms = 10000
	sasl.login.retry.backoff.ms = 100
	sasl.mechanism = GSSAPI
	sasl.oauthbearer.clock.skew.seconds = 30
	sasl.oauthbearer.expected.audience = null
	sasl.oauthbearer.expected.issuer = null
	sasl.oauthbearer.jwks.endpoint.refresh.ms = 3600000
	sasl.oauthbearer.jwks.endpoint.retry.backoff.max.ms = 10000
	sasl.oauthbearer.jwks.endpoint.retry.backoff.ms = 100
	sasl.oauthbearer.jwks.endpoint.url = null
	sasl.oauthbearer.scope.claim.name = scope
	sasl.oauthbearer.sub.claim.name = sub
	sasl.oauthbearer.token.endpoint.url = null
	security.protocol = PLAINTEXT
	security.providers = null
	send.buffer.bytes = 131072
	session.timeout.ms = 45000
	socket.connection.setup.timeout.max.ms = 30000
	socket.connection.setup.timeout.ms = 10000
	ssl.cipher.suites = null
	ssl.enabled.protocols = [TLSv1.2, TLSv1.3]
	ssl.endpoint.identification.algorithm = https
	ssl.engine.factory.class = null
	ssl.key.password = null
	ssl.keymanager.algorithm = SunX509
	ssl.keystore.certificate.chain = null
	ssl.keystore.key = null
	ssl.keystore.location = null
	ssl.keystore.password = null
	ssl.keystore.type = JKS
	ssl.protocol = TLSv1.3
	ssl.provider = null
	ssl.secure.random.implementation = null
	ssl.trustmanager.algorithm = PKIX
	ssl.truststore.certificates = null
	ssl.truststore.location = null
	ssl.truststore.password = null
	ssl.truststore.type = JKS
	value.deserializer = class org.springframework.kafka.support.serializer.JsonDeserializer

2026-05-23T05:03:59.515-05:00  INFO 6649 --- [provider-service] [main] o.a.kafka.common.utils.AppInfoParser     : Kafka version: 3.6.2
2026-05-23T05:03:59.516-05:00  INFO 6649 --- [provider-service] [main] o.a.kafka.common.utils.AppInfoParser     : Kafka commitId: c4deed513057c94e
2026-05-23T05:03:59.516-05:00  INFO 6649 --- [provider-service] [main] o.a.kafka.common.utils.AppInfoParser     : Kafka startTimeMs: 1779530639514
2026-05-23T05:03:59.518-05:00  INFO 6649 --- [provider-service] [main] fkaConsumerFactory$ExtendedKafkaConsumer : [Consumer clientId=consumer-provider-service-group-1, groupId=provider-service-group] Subscribed to topic(s): payment.initiated
2026-05-23T05:03:59.557-05:00  INFO 6649 --- [provider-service] [main] c.y.provider.ProviderServiceApplication  : Started ProviderServiceApplication in 3.746 seconds (process running for 4.359)
2026-05-23T05:03:59.625-05:00  INFO 6649 --- [provider-service] [org.springframework.kafka.KafkaListenerEndpointContainer#0-0-C-1] org.apache.kafka.clients.NetworkClient   : [Consumer clientId=consumer-provider-service-group-1, groupId=provider-service-group] Node -1 disconnected.
2026-05-23T05:03:59.627-05:00  WARN 6649 --- [provider-service] [org.springframework.kafka.KafkaListenerEndpointContainer#0-0-C-1] org.apache.kafka.clients.NetworkClient   : [Consumer clientId=consumer-provider-service-group-1, groupId=provider-service-group] Connection to node -1 (localhost/127.0.0.1:9092) could not be established. Broker may not be available.
2026-05-23T05:03:59.627-05:00  WARN 6649 --- [provider-service] [org.springframework.kafka.KafkaListenerEndpointContainer#0-0-C-1] org.apache.kafka.clients.NetworkClient   : [Consumer clientId=consumer-provider-service-group-1, groupId=provider-service-group] Bootstrap broker localhost:9092 (id: -1 rack: null) disconnected
2026-05-23T05:03:59.727-05:00  INFO 6649 --- [provider-service] [org.springframework.kafka.KafkaListenerEndpointContainer#0-0-C-1] org.apache.kafka.clients.NetworkClient   : [Consumer clientId=consumer-provider-service-group-1, groupId=provider-service-group] Node -1 disconnected.
2026-05-23T05:03:59.727-05:00  WARN 6649 --- [provider-service] [org.springframework.kafka.KafkaListenerEndpointContainer#0-0-C-1] org.apache.kafka.clients.NetworkClient   : [Consumer clientId=consumer-provider-service-group-1, groupId=provider-service-group] Connection to node -1 (localhost/127.0.0.1:9092) could not be established. Broker may not be available.
2026-05-23T05:03:59.727-05:00  WARN 6649 --- [provider-service] [org.springframework.kafka.KafkaListenerEndpointContainer#0-0-C-1] org.apache.kafka.clients.NetworkClient   : [Consumer clientId=consumer-provider-service-group-1, groupId=provider-service-group] Bootstrap broker localhost:9092 (id: -1 rack: null) disconnected
2026-05-23T05:03:59.880-05:00  INFO 6649 --- [provider-service] [org.springframework.kafka.KafkaListenerEndpointContainer#0-0-C-1] org.apache.kafka.clients.NetworkClient   : [Consumer clientId=consumer-provider-service-group-1, groupId=provider-service-group] Node -1 disconnected.
2026-05-23T05:03:59.882-05:00  WARN 6649 --- [provider-service] [org.springframework.kafka.KafkaListenerEndpointContainer#0-0-C-1] org.apache.kafka.clients.NetworkClient   : [Consumer clientId=consumer-provider-service-group-1, groupId=provider-service-group] Connection to node -1 (localhost/127.0.0.1:9092) could not be established. Broker may not be available.
2026-05-23T05:03:59.883-05:00  WARN 6649 --- [provider-service] [org.springframework.kafka.KafkaListenerEndpointContainer#0-0-C-1] org.apache.kafka.clients.NetworkClient   : [Consumer clientId=consumer-provider-service-group-1, groupId=provider-service-group] Bootstrap broker localhost:9092 (id: -1 rack: null) disconnected
2026-05-23T05:04:00.083-05:00  INFO 6649 --- [provider-service] [org.springframework.kafka.KafkaListenerEndpointContainer#0-0-C-1] org.apache.kafka.clients.NetworkClient   : [Consumer clientId=consumer-provider-service-group-1, groupId=provider-service-group] Node -1 disconnected.
2026-05-23T05:04:00.084-05:00  WARN 6649 --- [provider-service] [org.springframework.kafka.KafkaListenerEndpointContainer#0-0-C-1] org.apache.kafka.clients.NetworkClient   : [Consumer clientId=consumer-provider-service-group-1, groupId=provider-service-group] Connection to node -1 (localhost/127.0.0.1:9092) could not be established. Broker may not be available.
2026-05-23T05:04:00.084-05:00  WARN 6649 --- [provider-service] [org.springframework.kafka.KafkaListenerEndpointContainer#0-0-C-1] org.apache.kafka.clients.NetworkClient   : [Consumer clientId=consumer-provider-service-group-1, groupId=provider-service-group] Bootstrap broker localhost:9092 (id: -1 rack: null) disconnected
2026-05-23T05:04:00.542-05:00  INFO 6649 --- [provider-service] [org.springframework.kafka.KafkaListenerEndpointContainer#0-0-C-1] org.apache.kafka.clients.NetworkClient   : [Consumer clientId=consumer-provider-service-group-1, groupId=provider-service-group] Node -1 disconnected.
2026-05-23T05:04:00.542-05:00  WARN 6649 --- [provider-service] [org.springframework.kafka.KafkaListenerEndpointContainer#0-0-C-1] org.apache.kafka.clients.NetworkClient   : [Consumer clientId=consumer-provider-service-group-1, groupId=provider-service-group] Connection to node -1 (localhost/127.0.0.1:9092) could not be established. Broker may not be available.
2026-05-23T05:04:00.542-05:00  WARN 6649 --- [provider-service] [org.springframework.kafka.KafkaListenerEndpointContainer#0-0-C-1] org.apache.kafka.clients.NetworkClient   : [Consumer clientId=consumer-provider-service-group-1, groupId=provider-service-group] Bootstrap broker localhost:9092 (id: -1 rack: null) disconnected
2026-05-23T05:04:01.312-05:00  INFO 6649 --- [provider-service] [org.springframework.kafka.KafkaListenerEndpointContainer#0-0-C-1] org.apache.kafka.clients.NetworkClient   : [Consumer clientId=consumer-provider-service-group-1, groupId=provider-service-group] Node -1 disconnected.
2026-05-23T05:04:01.315-05:00  WARN 6649 --- [provider-service] [org.springframework.kafka.KafkaListenerEndpointContainer#0-0-C-1] org.apache.kafka.clients.NetworkClient   : [Consumer clientId=consumer-provider-service-group-1, groupId=provider-service-group] Connection to node -1 (localhost/127.0.0.1:9092) could not be established. Broker may not be available.
2026-05-23T05:04:01.316-05:00  WARN 6649 --- [provider-service] [org.springframework.kafka.KafkaListenerEndpointContainer#0-0-C-1] org.apache.kafka.clients.NetworkClient   : [Consumer clientId=consumer-provider-service-group-1, groupId=provider-service-group] Bootstrap broker localhost:9092 (id: -1 rack: null) disconnected
2026-05-23T05:04:02.243-05:00  INFO 6649 --- [provider-service] [org.springframework.kafka.KafkaListenerEndpointContainer#0-0-C-1] org.apache.kafka.clients.NetworkClient   : [Consumer clientId=consumer-provider-service-group-1, groupId=provider-service-group] Node -1 disconnected.
2026-05-23T05:04:02.244-05:00  WARN 6649 --- [provider-service] [org.springframework.kafka.KafkaListenerEndpointContainer#0-0-C-1] org.apache.kafka.clients.NetworkClient   : [Consumer clientId=consumer-provider-service-group-1, groupId=provider-service-group] Connection to node -1 (localhost/127.0.0.1:9092) could not be established. Broker may not be available.
2026-05-23T05:04:02.245-05:00  WARN 6649 --- [provider-service] [org.springframework.kafka.KafkaListenerEndpointContainer#0-0-C-1] org.apache.kafka.clients.NetworkClient   : [Consumer clientId=consumer-provider-service-group-1, groupId=provider-service-group] Bootstrap broker localhost:9092 (id: -1 rack: null) disconnected
2026-05-23T05:04:03.371-05:00  INFO 6649 --- [provider-service] [org.springframework.kafka.KafkaListenerEndpointContainer#0-0-C-1] org.apache.kafka.clients.NetworkClient   : [Consumer clientId=consumer-provider-service-group-1, groupId=provider-service-group] Node -1 disconnected.
2026-05-23T05:04:03.375-05:00  WARN 6649 --- [provider-service] [org.springframework.kafka.KafkaListenerEndpointContainer#0-0-C-1] org.apache.kafka.clients.NetworkClient   : [Consumer clientId=consumer-provider-service-group-1, groupId=provider-service-group] Connection to node -1 (localhost/127.0.0.1:9092) could not be established. Broker may not be available.
2026-05-23T05:04:03.375-05:00  WARN 6649 --- [provider-service] [org.springframework.kafka.KafkaListenerEndpointContainer#0-0-C-1] org.apache.kafka.clients.NetworkClient   : [Consumer clientId=consumer-provider-service-group-1, groupId=provider-service-group] Bootstrap broker localhost:9092 (id: -1 rack: null) disconnected
2026-05-23T05:04:04.397-05:00  INFO 6649 --- [provider-service] [org.springframework.kafka.KafkaListenerEndpointContainer#0-0-C-1] org.apache.kafka.clients.NetworkClient   : [Consumer clientId=consumer-provider-service-group-1, groupId=provider-service-group] Node -1 disconnected.
2026-05-23T05:04:04.399-05:00  WARN 6649 --- [provider-service] [org.springframework.kafka.KafkaListenerEndpointContainer#0-0-C-1] org.apache.kafka.clients.NetworkClient   : [Consumer clientId=consumer-provider-service-group-1, groupId=provider-service-group] Connection to node -1 (localhost/127.0.0.1:9092) could not be established. Broker may not be available.
2026-05-23T05:04:04.399-05:00  WARN 6649 --- [provider-service] [org.springframework.kafka.KafkaListenerEndpointContainer#0-0-C-1] org.apache.kafka.clients.NetworkClient   : [Consumer clientId=consumer-provider-service-group-1, groupId=provider-service-group] Bootstrap broker localhost:9092 (id: -1 rack: null) disconnected
2026-05-23T05:04:05.254-05:00  INFO 6649 --- [provider-service] [org.springframework.kafka.KafkaListenerEndpointContainer#0-0-C-1] org.apache.kafka.clients.NetworkClient   : [Consumer clientId=consumer-provider-service-group-1, groupId=provider-service-group] Node -1 disconnected.
2026-05-23T05:04:05.255-05:00  WARN 6649 --- [provider-service] [org.springframework.kafka.KafkaListenerEndpointContainer#0-0-C-1] org.apache.kafka.clients.NetworkClient   : [Consumer clientId=consumer-provider-service-group-1, groupId=provider-service-group] Connection to node -1 (localhost/127.0.0.1:9092) could not be established. Broker may not be available.
2026-05-23T05:04:05.255-05:00  WARN 6649 --- [provider-service] [org.springframework.kafka.KafkaListenerEndpointContainer#0-0-C-1] org.apache.kafka.clients.NetworkClient   : [Consumer clientId=consumer-provider-service-group-1, groupId=provider-service-group] Bootstrap broker localhost:9092 (id: -1 rack: null) disconnected
2026-05-23T05:04:06.454-05:00  INFO 6649 --- [provider-service] [org.springframework.kafka.KafkaListenerEndpointContainer#0-0-C-1] org.apache.kafka.clients.NetworkClient   : [Consumer clientId=consumer-provider-service-group-1, groupId=provider-service-group] Node -1 disconnected.
2026-05-23T05:04:06.455-05:00  WARN 6649 --- [provider-service] [org.springframework.kafka.KafkaListenerEndpointContainer#0-0-C-1] org.apache.kafka.clients.NetworkClient   : [Consumer clientId=consumer-provider-service-group-1, groupId=provider-service-group] Connection to node -1 (localhost/127.0.0.1:9092) could not be established. Broker may not be available.
2026-05-23T05:04:06.455-05:00  WARN 6649 --- [provider-service] [org.springframework.kafka.KafkaListenerEndpointContainer#0-0-C-1] org.apache.kafka.clients.NetworkClient   : [Consumer clientId=consumer-provider-service-group-1, groupId=provider-service-group] Bootstrap broker localhost:9092 (id: -1 rack: null) disconnected
2026-05-23T05:04:07.435-05:00  INFO 6649 --- [provider-service] [org.springframework.kafka.KafkaListenerEndpointContainer#0-0-C-1] org.apache.kafka.clients.NetworkClient   : [Consumer clientId=consumer-provider-service-group-1, groupId=provider-service-group] Node -1 disconnected.
2026-05-23T05:04:07.437-05:00  WARN 6649 --- [provider-service] [org.springframework.kafka.KafkaListenerEndpointContainer#0-0-C-1] org.apache.kafka.clients.NetworkClient   : [Consumer clientId=consumer-provider-service-group-1, groupId=provider-service-group] Connection to node -1 (localhost/127.0.0.1:9092) could not be established. Broker may not be available.
2026-05-23T05:04:07.437-05:00  WARN 6649 --- [provider-service] [org.springframework.kafka.KafkaListenerEndpointContainer#0-0-C-1] org.apache.kafka.clients.NetworkClient   : [Consumer clientId=consumer-provider-service-group-1, groupId=provider-service-group] Bootstrap broker localhost:9092 (id: -1 rack: null) disconnected
2026-05-23T05:04:08.513-05:00  INFO 6649 --- [provider-service] [org.springframework.kafka.KafkaListenerEndpointContainer#0-0-C-1] org.apache.kafka.clients.NetworkClient   : [Consumer clientId=consumer-provider-service-group-1, groupId=provider-service-group] Node -1 disconnected.
2026-05-23T05:04:08.514-05:00  WARN 6649 --- [provider-service] [org.springframework.kafka.KafkaListenerEndpointContainer#0-0-C-1] org.apache.kafka.clients.NetworkClient   : [Consumer clientId=consumer-provider-service-group-1, groupId=provider-service-group] Connection to node -1 (localhost/127.0.0.1:9092) could not be established. Broker may not be available.
2026-05-23T05:04:08.514-05:00  WARN 6649 --- [provider-service] [org.springframework.kafka.KafkaListenerEndpointContainer#0-0-C-1] org.apache.kafka.clients.NetworkClient   : [Consumer clientId=consumer-provider-service-group-1, groupId=provider-service-group] Bootstrap broker localhost:9092 (id: -1 rack: null) disconnected
2026-05-23T05:04:09.591-05:00  INFO 6649 --- [provider-service] [org.springframework.kafka.KafkaListenerEndpointContainer#0-0-C-1] org.apache.kafka.clients.NetworkClient   : [Consumer clientId=consumer-provider-service-group-1, groupId=provider-service-group] Node -1 disconnected.
2026-05-23T05:04:09.594-05:00  WARN 6649 --- [provider-service] [org.springframework.kafka.KafkaListenerEndpointContainer#0-0-C-1] org.apache.kafka.clients.NetworkClient   : [Consumer clientId=consumer-provider-service-group-1, groupId=provider-service-group] Connection to node -1 (localhost/127.0.0.1:9092) could not be established. Broker may not be available.
2026-05-23T05:04:09.594-05:00  WARN 6649 --- [provider-service] [org.springframework.kafka.KafkaListenerEndpointContainer#0-0-C-1] org.apache.kafka.clients.NetworkClient   : [Consumer clientId=consumer-provider-service-group-1, groupId=provider-service-group] Bootstrap broker localhost:9092 (id: -1 rack: null) disconnected
2026-05-23T05:04:10.619-05:00  INFO 6649 --- [provider-service] [org.springframework.kafka.KafkaListenerEndpointContainer#0-0-C-1] org.apache.kafka.clients.NetworkClient   : [Consumer clientId=consumer-provider-service-group-1, groupId=provider-service-group] Node -1 disconnected.
2026-05-23T05:04:10.620-05:00  WARN 6649 --- [provider-service] [org.springframework.kafka.KafkaListenerEndpointContainer#0-0-C-1] org.apache.kafka.clients.NetworkClient   : [Consumer clientId=consumer-provider-service-group-1, groupId=provider-service-group] Connection to node -1 (localhost/127.0.0.1:9092) could not be established. Broker may not be available.
2026-05-23T05:04:10.620-05:00  WARN 6649 --- [provider-service] [org.springframework.kafka.KafkaListenerEndpointContainer#0-0-C-1] org.apache.kafka.clients.NetworkClient   : [Consumer clientId=consumer-provider-service-group-1, groupId=provider-service-group] Bootstrap broker localhost:9092 (id: -1 rack: null) disconnected
2026-05-23T05:04:11.860-05:00  INFO 6649 --- [provider-service] [org.springframework.kafka.KafkaListenerEndpointContainer#0-0-C-1] org.apache.kafka.clients.NetworkClient   : [Consumer clientId=consumer-provider-service-group-1, groupId=provider-service-group] Node -1 disconnected.
2026-05-23T05:04:11.863-05:00  WARN 6649 --- [provider-service] [org.springframework.kafka.KafkaListenerEndpointContainer#0-0-C-1] org.apache.kafka.clients.NetworkClient   : [Consumer clientId=consumer-provider-service-group-1, groupId=provider-service-group] Connection to node -1 (localhost/127.0.0.1:9092) could not be established. Broker may not be available.
2026-05-23T05:04:11.863-05:00  WARN 6649 --- [provider-service] [org.springframework.kafka.KafkaListenerEndpointContainer#0-0-C-1] org.apache.kafka.clients.NetworkClient   : [Consumer clientId=consumer-provider-service-group-1, groupId=provider-service-group] Bootstrap broker localhost:9092 (id: -1 rack: null) disconnected
2026-05-23T05:04:12.973-05:00  INFO 6649 --- [provider-service] [org.springframework.kafka.KafkaListenerEndpointContainer#0-0-C-1] org.apache.kafka.clients.NetworkClient   : [Consumer clientId=consumer-provider-service-group-1, groupId=provider-service-group] Node -1 disconnected.
2026-05-23T05:04:12.974-05:00  WARN 6649 --- [provider-service] [org.springframework.kafka.KafkaListenerEndpointContainer#0-0-C-1] org.apache.kafka.clients.NetworkClient   : [Consumer clientId=consumer-provider-service-group-1, groupId=provider-service-group] Connection to node -1 (localhost/127.0.0.1:9092) could not be established. Broker may not be available.
2026-05-23T05:04:12.975-05:00  WARN 6649 --- [provider-service] [org.springframework.kafka.KafkaListenerEndpointContainer#0-0-C-1] org.apache.kafka.clients.NetworkClient   : [Consumer clientId=consumer-provider-service-group-1, groupId=provider-service-group] Bootstrap broker localhost:9092 (id: -1 rack: null) disconnected
2026-05-23T05:04:13.953-05:00  INFO 6649 --- [provider-service] [org.springframework.kafka.KafkaListenerEndpointContainer#0-0-C-1] org.apache.kafka.clients.NetworkClient   : [Consumer clientId=consumer-provider-service-group-1, groupId=provider-service-group] Node -1 disconnected.
2026-05-23T05:04:13.954-05:00  WARN 6649 --- [provider-service] [org.springframework.kafka.KafkaListenerEndpointContainer#0-0-C-1] org.apache.kafka.clients.NetworkClient   : [Consumer clientId=consumer-provider-service-group-1, groupId=provider-service-group] Connection to node -1 (localhost/127.0.0.1:9092) could not be established. Broker may not be available.
2026-05-23T05:04:13.954-05:00  WARN 6649 --- [provider-service] [org.springframework.kafka.KafkaListenerEndpointContainer#0-0-C-1] org.apache.kafka.clients.NetworkClient   : [Consumer clientId=consumer-provider-service-group-1, groupId=provider-service-group] Bootstrap broker localhost:9092 (id: -1 rack: null) disconnected
2026-05-23T05:04:15.110-05:00  INFO 6649 --- [provider-service] [org.springframework.kafka.KafkaListenerEndpointContainer#0-0-C-1] org.apache.kafka.clients.NetworkClient   : [Consumer clientId=consumer-provider-service-group-1, groupId=provider-service-group] Node -1 disconnected.
2026-05-23T05:04:15.111-05:00  WARN 6649 --- [provider-service] [org.springframework.kafka.KafkaListenerEndpointContainer#0-0-C-1] org.apache.kafka.clients.NetworkClient   : [Consumer clientId=consumer-provider-service-group-1, groupId=provider-service-group] Connection to node -1 (localhost/127.0.0.1:9092) could not be established. Broker may not be available.
2026-05-23T05:04:15.111-05:00  WARN 6649 --- [provider-service] [org.springframework.kafka.KafkaListenerEndpointContainer#0-0-C-1] org.apache.kafka.clients.NetworkClient   : [Consumer clientId=consumer-provider-service-group-1, groupId=provider-service-group] Bootstrap broker localhost:9092 (id: -1 rack: null) disconnected
2026-05-23T05:04:15.928-05:00  INFO 6649 --- [provider-service] [org.springframework.kafka.KafkaListenerEndpointContainer#0-0-C-1] org.apache.kafka.clients.NetworkClient   : [Consumer clientId=consumer-provider-service-group-1, groupId=provider-service-group] Node -1 disconnected.
2026-05-23T05:04:15.929-05:00  WARN 6649 --- [provider-service] [org.springframework.kafka.KafkaListenerEndpointContainer#0-0-C-1] org.apache.kafka.clients.NetworkClient   : [Consumer clientId=consumer-provider-service-group-1, groupId=provider-service-group] Connection to node -1 (localhost/127.0.0.1:9092) could not be established. Broker may not be available.
2026-05-23T05:04:15.930-05:00  WARN 6649 --- [provider-service] [org.springframework.kafka.KafkaListenerEndpointContainer#0-0-C-1] org.apache.kafka.clients.NetworkClient   : [Consumer clientId=consumer-provider-service-group-1, groupId=provider-service-group] Bootstrap broker localhost:9092 (id: -1 rack: null) disconnected
2026-05-23T05:04:17.003-05:00  INFO 6649 --- [provider-service] [org.springframework.kafka.KafkaListenerEndpointContainer#0-0-C-1] org.apache.kafka.clients.NetworkClient   : [Consumer clientId=consumer-provider-service-group-1, groupId=provider-service-group] Node -1 disconnected.
2026-05-23T05:04:17.004-05:00  WARN 6649 --- [provider-service] [org.springframework.kafka.KafkaListenerEndpointContainer#0-0-C-1] org.apache.kafka.clients.NetworkClient   : [Consumer clientId=consumer-provider-service-group-1, groupId=provider-service-group] Connection to node -1 (localhost/127.0.0.1:9092) could not be established. Broker may not be available.
2026-05-23T05:04:17.004-05:00  WARN 6649 --- [provider-service] [org.springframework.kafka.KafkaListenerEndpointContainer#0-0-C-1] org.apache.kafka.clients.NetworkClient   : [Consumer clientId=consumer-provider-service-group-1, groupId=provider-service-group] Bootstrap broker localhost:9092 (id: -1 rack: null) disconnected
2026-05-23T05:04:17.975-05:00  INFO 6649 --- [provider-service] [org.springframework.kafka.KafkaListenerEndpointContainer#0-0-C-1] org.apache.kafka.clients.NetworkClient   : [Consumer clientId=consumer-provider-service-group-1, groupId=provider-service-group] Node -1 disconnected.
2026-05-23T05:04:17.975-05:00  WARN 6649 --- [provider-service] [org.springframework.kafka.KafkaListenerEndpointContainer#0-0-C-1] org.apache.kafka.clients.NetworkClient   : [Consumer clientId=consumer-provider-service-group-1, groupId=provider-service-group] Connection to node -1 (localhost/127.0.0.1:9092) could not be established. Broker may not be available.
2026-05-23T05:04:17.975-05:00  WARN 6649 --- [provider-service] [org.springframework.kafka.KafkaListenerEndpointContainer#0-0-C-1] org.apache.kafka.clients.NetworkClient   : [Consumer clientId=consumer-provider-service-group-1, groupId=provider-service-group] Bootstrap broker localhost:9092 (id: -1 rack: null) disconnected
2026-05-23T05:04:18.947-05:00  INFO 6649 --- [provider-service] [org.springframework.kafka.KafkaListenerEndpointContainer#0-0-C-1] org.apache.kafka.clients.NetworkClient   : [Consumer clientId=consumer-provider-service-group-1, groupId=provider-service-group] Node -1 disconnected.
2026-05-23T05:04:18.948-05:00  WARN 6649 --- [provider-service] [org.springframework.kafka.KafkaListenerEndpointContainer#0-0-C-1] org.apache.kafka.clients.NetworkClient   : [Consumer clientId=consumer-provider-service-group-1, groupId=provider-service-group] Connection to node -1 (localhost/127.0.0.1:9092) could not be established. Broker may not be available.
2026-05-23T05:04:18.949-05:00  WARN 6649 --- [provider-service] [org.springframework.kafka.KafkaListenerEndpointContainer#0-0-C-1] org.apache.kafka.clients.NetworkClient   : [Consumer clientId=consumer-provider-service-group-1, groupId=provider-service-group] Bootstrap broker localhost:9092 (id: -1 rack: null) disconnected
2026-05-23T05:04:19.805-05:00  INFO 6649 --- [provider-service] [org.springframework.kafka.KafkaListenerEndpointContainer#0-0-C-1] org.apache.kafka.clients.NetworkClient   : [Consumer clientId=consumer-provider-service-group-1, groupId=provider-service-group] Node -1 disconnected.
2026-05-23T05:04:19.807-05:00  WARN 6649 --- [provider-service] [org.springframework.kafka.KafkaListenerEndpointContainer#0-0-C-1] org.apache.kafka.clients.NetworkClient   : [Consumer clientId=consumer-provider-service-group-1, groupId=provider-service-group] Connection to node -1 (localhost/127.0.0.1:9092) could not be established. Broker may not be available.
2026-05-23T05:04:19.807-05:00  WARN 6649 --- [provider-service] [org.springframework.kafka.KafkaListenerEndpointContainer#0-0-C-1] org.apache.kafka.clients.NetworkClient   : [Consumer clientId=consumer-provider-service-group-1, groupId=provider-service-group] Bootstrap broker localhost:9092 (id: -1 rack: null) disconnected
2026-05-23T05:04:20.932-05:00  INFO 6649 --- [provider-service] [org.springframework.kafka.KafkaListenerEndpointContainer#0-0-C-1] org.apache.kafka.clients.NetworkClient   : [Consumer clientId=consumer-provider-service-group-1, groupId=provider-service-group] Node -1 disconnected.
2026-05-23T05:04:20.935-05:00  WARN 6649 --- [provider-service] [org.springframework.kafka.KafkaListenerEndpointContainer#0-0-C-1] org.apache.kafka.clients.NetworkClient   : [Consumer clientId=consumer-provider-service-group-1, groupId=provider-service-group] Connection to node -1 (localhost/127.0.0.1:9092) could not be established. Broker may not be available.
2026-05-23T05:04:20.935-05:00  WARN 6649 --- [provider-service] [org.springframework.kafka.KafkaListenerEndpointContainer#0-0-C-1] org.apache.kafka.clients.NetworkClient   : [Consumer clientId=consumer-provider-service-group-1, groupId=provider-service-group] Bootstrap broker localhost:9092 (id: -1 rack: null) disconnected
2026-05-23T05:04:21.852-05:00  INFO 6649 --- [provider-service] [org.springframework.kafka.KafkaListenerEndpointContainer#0-0-C-1] org.apache.kafka.clients.NetworkClient   : [Consumer clientId=consumer-provider-service-group-1, groupId=provider-service-group] Node -1 disconnected.
2026-05-23T05:04:21.853-05:00  WARN 6649 --- [provider-service] [org.springframework.kafka.KafkaListenerEndpointContainer#0-0-C-1] org.apache.kafka.clients.NetworkClient   : [Consumer clientId=consumer-provider-service-group-1, groupId=provider-service-group] Connection to node -1 (localhost/127.0.0.1:9092) could not be established. Broker may not be available.
2026-05-23T05:04:21.853-05:00  WARN 6649 --- [provider-service] [org.springframework.kafka.KafkaListenerEndpointContainer#0-0-C-1] org.apache.kafka.clients.NetworkClient   : [Consumer clientId=consumer-provider-service-group-1, groupId=provider-service-group] Bootstrap broker localhost:9092 (id: -1 rack: null) disconnected
2026-05-23T05:04:22.871-05:00  INFO 6649 --- [provider-service] [org.springframework.kafka.KafkaListenerEndpointContainer#0-0-C-1] org.apache.kafka.clients.NetworkClient   : [Consumer clientId=consumer-provider-service-group-1, groupId=provider-service-group] Node -1 disconnected.
2026-05-23T05:04:22.872-05:00  WARN 6649 --- [provider-service] [org.springframework.kafka.KafkaListenerEndpointContainer#0-0-C-1] org.apache.kafka.clients.NetworkClient   : [Consumer clientId=consumer-provider-service-group-1, groupId=provider-service-group] Connection to node -1 (localhost/127.0.0.1:9092) could not be established. Broker may not be available.
2026-05-23T05:04:22.872-05:00  WARN 6649 --- [provider-service] [org.springframework.kafka.KafkaListenerEndpointContainer#0-0-C-1] org.apache.kafka.clients.NetworkClient   : [Consumer clientId=consumer-provider-service-group-1, groupId=provider-service-group] Bootstrap broker localhost:9092 (id: -1 rack: null) disconnected
2026-05-23T05:04:23.793-05:00  INFO 6649 --- [provider-service] [org.springframework.kafka.KafkaListenerEndpointContainer#0-0-C-1] org.apache.kafka.clients.NetworkClient   : [Consumer clientId=consumer-provider-service-group-1, groupId=provider-service-group] Node -1 disconnected.
2026-05-23T05:04:23.794-05:00  WARN 6649 --- [provider-service] [org.springframework.kafka.KafkaListenerEndpointContainer#0-0-C-1] org.apache.kafka.clients.NetworkClient   : [Consumer clientId=consumer-provider-service-group-1, groupId=provider-service-group] Connection to node -1 (localhost/127.0.0.1:9092) could not be established. Broker may not be available.
2026-05-23T05:04:23.794-05:00  WARN 6649 --- [provider-service] [org.springframework.kafka.KafkaListenerEndpointContainer#0-0-C-1] org.apache.kafka.clients.NetworkClient   : [Consumer clientId=consumer-provider-service-group-1, groupId=provider-service-group] Bootstrap broker localhost:9092 (id: -1 rack: null) disconnected
2026-05-23T05:04:24.852-05:00  INFO 6649 --- [provider-service] [org.springframework.kafka.KafkaListenerEndpointContainer#0-0-C-1] org.apache.kafka.clients.NetworkClient   : [Consumer clientId=consumer-provider-service-group-1, groupId=provider-service-group] Node -1 disconnected.
2026-05-23T05:04:24.853-05:00  WARN 6649 --- [provider-service] [org.springframework.kafka.KafkaListenerEndpointContainer#0-0-C-1] org.apache.kafka.clients.NetworkClient   : [Consumer clientId=consumer-provider-service-group-1, groupId=provider-service-group] Connection to node -1 (localhost/127.0.0.1:9092) could not be established. Broker may not be available.
2026-05-23T05:04:24.853-05:00  WARN 6649 --- [provider-service] [org.springframework.kafka.KafkaListenerEndpointContainer#0-0-C-1] org.apache.kafka.clients.NetworkClient   : [Consumer clientId=consumer-provider-service-group-1, groupId=provider-service-group] Bootstrap broker localhost:9092 (id: -1 rack: null) disconnected
2026-05-23T05:04:25.669-05:00  INFO 6649 --- [provider-service] [org.springframework.kafka.KafkaListenerEndpointContainer#0-0-C-1] org.apache.kafka.clients.NetworkClient   : [Consumer clientId=consumer-provider-service-group-1, groupId=provider-service-group] Node -1 disconnected.
2026-05-23T05:04:25.669-05:00  WARN 6649 --- [provider-service] [org.springframework.kafka.KafkaListenerEndpointContainer#0-0-C-1] org.apache.kafka.clients.NetworkClient   : [Consumer clientId=consumer-provider-service-group-1, groupId=provider-service-group] Connection to node -1 (localhost/127.0.0.1:9092) could not be established. Broker may not be available.
2026-05-23T05:04:25.669-05:00  WARN 6649 --- [provider-service] [org.springframework.kafka.KafkaListenerEndpointContainer#0-0-C-1] org.apache.kafka.clients.NetworkClient   : [Consumer clientId=consumer-provider-service-group-1, groupId=provider-service-group] Bootstrap broker localhost:9092 (id: -1 rack: null) disconnected
2026-05-23T05:04:26.791-05:00  INFO 6649 --- [provider-service] [org.springframework.kafka.KafkaListenerEndpointContainer#0-0-C-1] org.apache.kafka.clients.NetworkClient   : [Consumer clientId=consumer-provider-service-group-1, groupId=provider-service-group] Node -1 disconnected.
2026-05-23T05:04:26.791-05:00  WARN 6649 --- [provider-service] [org.springframework.kafka.KafkaListenerEndpointContainer#0-0-C-1] org.apache.kafka.clients.NetworkClient   : [Consumer clientId=consumer-provider-service-group-1, groupId=provider-service-group] Connection to node -1 (localhost/127.0.0.1:9092) could not be established. Broker may not be available.
2026-05-23T05:04:26.791-05:00  WARN 6649 --- [provider-service] [org.springframework.kafka.KafkaListenerEndpointContainer#0-0-C-1] org.apache.kafka.clients.NetworkClient   : [Consumer clientId=consumer-provider-service-group-1, groupId=provider-service-group] Bootstrap broker localhost:9092 (id: -1 rack: null) disconnected
2026-05-23T05:04:27.863-05:00  INFO 6649 --- [provider-service] [org.springframework.kafka.KafkaListenerEndpointContainer#0-0-C-1] org.apache.kafka.clients.NetworkClient   : [Consumer clientId=consumer-provider-service-group-1, groupId=provider-service-group] Node -1 disconnected.
2026-05-23T05:04:27.863-05:00  WARN 6649 --- [provider-service] [org.springframework.kafka.KafkaListenerEndpointContainer#0-0-C-1] org.apache.kafka.clients.NetworkClient   : [Consumer clientId=consumer-provider-service-group-1, groupId=provider-service-group] Connection to node -1 (localhost/127.0.0.1:9092) could not be established. Broker may not be available.
2026-05-23T05:04:27.863-05:00  WARN 6649 --- [provider-service] [org.springframework.kafka.KafkaListenerEndpointContainer#0-0-C-1] org.apache.kafka.clients.NetworkClient   : [Consumer clientId=consumer-provider-service-group-1, groupId=provider-service-group] Bootstrap broker localhost:9092 (id: -1 rack: null) disconnected
2026-05-23T05:04:29.036-05:00  INFO 6649 --- [provider-service] [org.springframework.kafka.KafkaListenerEndpointContainer#0-0-C-1] org.apache.kafka.clients.NetworkClient   : [Consumer clientId=consumer-provider-service-group-1, groupId=provider-service-group] Node -1 disconnected.
2026-05-23T05:04:29.036-05:00  WARN 6649 --- [provider-service] [org.springframework.kafka.KafkaListenerEndpointContainer#0-0-C-1] org.apache.kafka.clients.NetworkClient   : [Consumer clientId=consumer-provider-service-group-1, groupId=provider-service-group] Connection to node -1 (localhost/127.0.0.1:9092) could not be established. Broker may not be available.
2026-05-23T05:04:29.036-05:00  WARN 6649 --- [provider-service] [org.springframework.kafka.KafkaListenerEndpointContainer#0-0-C-1] org.apache.kafka.clients.NetworkClient   : [Consumer clientId=consumer-provider-service-group-1, groupId=provider-service-group] Bootstrap broker localhost:9092 (id: -1 rack: null) disconnected
2026-05-23T05:04:30.160-05:00  INFO 6649 --- [provider-service] [org.springframework.kafka.KafkaListenerEndpointContainer#0-0-C-1] org.apache.kafka.clients.NetworkClient   : [Consumer clientId=consumer-provider-service-group-1, groupId=provider-service-group] Node -1 disconnected.
2026-05-23T05:04:30.161-05:00  WARN 6649 --- [provider-service] [org.springframework.kafka.KafkaListenerEndpointContainer#0-0-C-1] org.apache.kafka.clients.NetworkClient   : [Consumer clientId=consumer-provider-service-group-1, groupId=provider-service-group] Connection to node -1 (localhost/127.0.0.1:9092) could not be established. Broker may not be available.
2026-05-23T05:04:30.161-05:00  WARN 6649 --- [provider-service] [org.springframework.kafka.KafkaListenerEndpointContainer#0-0-C-1] org.apache.kafka.clients.NetworkClient   : [Consumer clientId=consumer-provider-service-group-1, groupId=provider-service-group] Bootstrap broker localhost:9092 (id: -1 rack: null) disconnected
2026-05-23T05:04:31.078-05:00  INFO 6649 --- [provider-service] [org.springframework.kafka.KafkaListenerEndpointContainer#0-0-C-1] org.apache.kafka.clients.NetworkClient   : [Consumer clientId=consumer-provider-service-group-1, groupId=provider-service-group] Node -1 disconnected.
2026-05-23T05:04:31.081-05:00  WARN 6649 --- [provider-service] [org.springframework.kafka.KafkaListenerEndpointContainer#0-0-C-1] org.apache.kafka.clients.NetworkClient   : [Consumer clientId=consumer-provider-service-group-1, groupId=provider-service-group] Connection to node -1 (localhost/127.0.0.1:9092) could not be established. Broker may not be available.
2026-05-23T05:04:31.081-05:00  WARN 6649 --- [provider-service] [org.springframework.kafka.KafkaListenerEndpointContainer#0-0-C-1] org.apache.kafka.clients.NetworkClient   : [Consumer clientId=consumer-provider-service-group-1, groupId=provider-service-group] Bootstrap broker localhost:9092 (id: -1 rack: null) disconnected
2026-05-23T05:04:32.098-05:00  INFO 6649 --- [provider-service] [org.springframework.kafka.KafkaListenerEndpointContainer#0-0-C-1] org.apache.kafka.clients.NetworkClient   : [Consumer clientId=consumer-provider-service-group-1, groupId=provider-service-group] Node -1 disconnected.
2026-05-23T05:04:32.099-05:00  WARN 6649 --- [provider-service] [org.springframework.kafka.KafkaListenerEndpointContainer#0-0-C-1] org.apache.kafka.clients.NetworkClient   : [Consumer clientId=consumer-provider-service-group-1, groupId=provider-service-group] Connection to node -1 (localhost/127.0.0.1:9092) could not be established. Broker may not be available.
2026-05-23T05:04:32.099-05:00  WARN 6649 --- [provider-service] [org.springframework.kafka.KafkaListenerEndpointContainer#0-0-C-1] org.apache.kafka.clients.NetworkClient   : [Consumer clientId=consumer-provider-service-group-1, groupId=provider-service-group] Bootstrap broker localhost:9092 (id: -1 rack: null) disconnected
2026-05-23T05:04:33.118-05:00  INFO 6649 --- [provider-service] [org.springframework.kafka.KafkaListenerEndpointContainer#0-0-C-1] org.apache.kafka.clients.NetworkClient   : [Consumer clientId=consumer-provider-service-group-1, groupId=provider-service-group] Node -1 disconnected.
2026-05-23T05:04:33.118-05:00  WARN 6649 --- [provider-service] [org.springframework.kafka.KafkaListenerEndpointContainer#0-0-C-1] org.apache.kafka.clients.NetworkClient   : [Consumer clientId=consumer-provider-service-group-1, groupId=provider-service-group] Connection to node -1 (localhost/127.0.0.1:9092) could not be established. Broker may not be available.
2026-05-23T05:04:33.118-05:00  WARN 6649 --- [provider-service] [org.springframework.kafka.KafkaListenerEndpointContainer#0-0-C-1] org.apache.kafka.clients.NetworkClient   : [Consumer clientId=consumer-provider-service-group-1, groupId=provider-service-group] Bootstrap broker localhost:9092 (id: -1 rack: null) disconnected
2026-05-23T05:04:34.087-05:00  INFO 6649 --- [provider-service] [org.springframework.kafka.KafkaListenerEndpointContainer#0-0-C-1] org.apache.kafka.clients.NetworkClient   : [Consumer clientId=consumer-provider-service-group-1, groupId=provider-service-group] Node -1 disconnected.
2026-05-23T05:04:34.087-05:00  WARN 6649 --- [provider-service] [org.springframework.kafka.KafkaListenerEndpointContainer#0-0-C-1] org.apache.kafka.clients.NetworkClient   : [Consumer clientId=consumer-provider-service-group-1, groupId=provider-service-group] Connection to node -1 (localhost/127.0.0.1:9092) could not be established. Broker may not be available.
2026-05-23T05:04:34.088-05:00  WARN 6649 --- [provider-service] [org.springframework.kafka.KafkaListenerEndpointContainer#0-0-C-1] org.apache.kafka.clients.NetworkClient   : [Consumer clientId=consumer-provider-service-group-1, groupId=provider-service-group] Bootstrap broker localhost:9092 (id: -1 rack: null) disconnected
2026-05-23T05:04:35.058-05:00  INFO 6649 --- [provider-service] [org.springframework.kafka.KafkaListenerEndpointContainer#0-0-C-1] org.apache.kafka.clients.NetworkClient   : [Consumer clientId=consumer-provider-service-group-1, groupId=provider-service-group] Node -1 disconnected.
2026-05-23T05:04:35.058-05:00  WARN 6649 --- [provider-service] [org.springframework.kafka.KafkaListenerEndpointContainer#0-0-C-1] org.apache.kafka.clients.NetworkClient   : [Consumer clientId=consumer-provider-service-group-1, groupId=provider-service-group] Connection to node -1 (localhost/127.0.0.1:9092) could not be established. Broker may not be available.
2026-05-23T05:04:35.058-05:00  WARN 6649 --- [provider-service] [org.springframework.kafka.KafkaListenerEndpointContainer#0-0-C-1] org.apache.kafka.clients.NetworkClient   : [Consumer clientId=consumer-provider-service-group-1, groupId=provider-service-group] Bootstrap broker localhost:9092 (id: -1 rack: null) disconnected
2026-05-23T05:04:36.128-05:00  INFO 6649 --- [provider-service] [org.springframework.kafka.KafkaListenerEndpointContainer#0-0-C-1] org.apache.kafka.clients.NetworkClient   : [Consumer clientId=consumer-provider-service-group-1, groupId=provider-service-group] Node -1 disconnected.
2026-05-23T05:04:36.129-05:00  WARN 6649 --- [provider-service] [org.springframework.kafka.KafkaListenerEndpointContainer#0-0-C-1] org.apache.kafka.clients.NetworkClient   : [Consumer clientId=consumer-provider-service-group-1, groupId=provider-service-group] Connection to node -1 (localhost/127.0.0.1:9092) could not be established. Broker may not be available.
2026-05-23T05:04:36.129-05:00  WARN 6649 --- [provider-service] [org.springframework.kafka.KafkaListenerEndpointContainer#0-0-C-1] org.apache.kafka.clients.NetworkClient   : [Consumer clientId=consumer-provider-service-group-1, groupId=provider-service-group] Bootstrap broker localhost:9092 (id: -1 rack: null) disconnected
2026-05-23T05:04:37.355-05:00  INFO 6649 --- [provider-service] [org.springframework.kafka.KafkaListenerEndpointContainer#0-0-C-1] org.apache.kafka.clients.NetworkClient   : [Consumer clientId=consumer-provider-service-group-1, groupId=provider-service-group] Node -1 disconnected.
2026-05-23T05:04:37.355-05:00  WARN 6649 --- [provider-service] [org.springframework.kafka.KafkaListenerEndpointContainer#0-0-C-1] org.apache.kafka.clients.NetworkClient   : [Consumer clientId=consumer-provider-service-group-1, groupId=provider-service-group] Connection to node -1 (localhost/127.0.0.1:9092) could not be established. Broker may not be available.
2026-05-23T05:04:37.356-05:00  WARN 6649 --- [provider-service] [org.springframework.kafka.KafkaListenerEndpointContainer#0-0-C-1] org.apache.kafka.clients.NetworkClient   : [Consumer clientId=consumer-provider-service-group-1, groupId=provider-service-group] Bootstrap broker localhost:9092 (id: -1 rack: null) disconnected
2026-05-23T05:04:38.222-05:00  INFO 6649 --- [provider-service] [org.springframework.kafka.KafkaListenerEndpointContainer#0-0-C-1] org.apache.kafka.clients.NetworkClient   : [Consumer clientId=consumer-provider-service-group-1, groupId=provider-service-group] Node -1 disconnected.
2026-05-23T05:04:38.222-05:00  WARN 6649 --- [provider-service] [org.springframework.kafka.KafkaListenerEndpointContainer#0-0-C-1] org.apache.kafka.clients.NetworkClient   : [Consumer clientId=consumer-provider-service-group-1, groupId=provider-service-group] Connection to node -1 (localhost/127.0.0.1:9092) could not be established. Broker may not be available.
2026-05-23T05:04:38.222-05:00  WARN 6649 --- [provider-service] [org.springframework.kafka.KafkaListenerEndpointContainer#0-0-C-1] org.apache.kafka.clients.NetworkClient   : [Consumer clientId=consumer-provider-service-group-1, groupId=provider-service-group] Bootstrap broker localhost:9092 (id: -1 rack: null) disconnected
2026-05-23T05:04:39.295-05:00  INFO 6649 --- [provider-service] [org.springframework.kafka.KafkaListenerEndpointContainer#0-0-C-1] org.apache.kafka.clients.NetworkClient   : [Consumer clientId=consumer-provider-service-group-1, groupId=provider-service-group] Node -1 disconnected.
2026-05-23T05:04:39.296-05:00  WARN 6649 --- [provider-service] [org.springframework.kafka.KafkaListenerEndpointContainer#0-0-C-1] org.apache.kafka.clients.NetworkClient   : [Consumer clientId=consumer-provider-service-group-1, groupId=provider-service-group] Connection to node -1 (localhost/127.0.0.1:9092) could not be established. Broker may not be available.
2026-05-23T05:04:39.296-05:00  WARN 6649 --- [provider-service] [org.springframework.kafka.KafkaListenerEndpointContainer#0-0-C-1] org.apache.kafka.clients.NetworkClient   : [Consumer clientId=consumer-provider-service-group-1, groupId=provider-service-group] Bootstrap broker localhost:9092 (id: -1 rack: null) disconnected
2026-05-23T05:04:40.369-05:00  INFO 6649 --- [provider-service] [org.springframework.kafka.KafkaListenerEndpointContainer#0-0-C-1] org.apache.kafka.clients.NetworkClient   : [Consumer clientId=consumer-provider-service-group-1, groupId=provider-service-group] Node -1 disconnected.
2026-05-23T05:04:40.369-05:00  WARN 6649 --- [provider-service] [org.springframework.kafka.KafkaListenerEndpointContainer#0-0-C-1] org.apache.kafka.clients.NetworkClient   : [Consumer clientId=consumer-provider-service-group-1, groupId=provider-service-group] Connection to node -1 (localhost/127.0.0.1:9092) could not be established. Broker may not be available.
2026-05-23T05:04:40.370-05:00  WARN 6649 --- [provider-service] [org.springframework.kafka.KafkaListenerEndpointContainer#0-0-C-1] org.apache.kafka.clients.NetworkClient   : [Consumer clientId=consumer-provider-service-group-1, groupId=provider-service-group] Bootstrap broker localhost:9092 (id: -1 rack: null) disconnected
2026-05-23T05:04:41.443-05:00  INFO 6649 --- [provider-service] [org.springframework.kafka.KafkaListenerEndpointContainer#0-0-C-1] org.apache.kafka.clients.NetworkClient   : [Consumer clientId=consumer-provider-service-group-1, groupId=provider-service-group] Node -1 disconnected.
2026-05-23T05:04:41.444-05:00  WARN 6649 --- [provider-service] [org.springframework.kafka.KafkaListenerEndpointContainer#0-0-C-1] org.apache.kafka.clients.NetworkClient   : [Consumer clientId=consumer-provider-service-group-1, groupId=provider-service-group] Connection to node -1 (localhost/127.0.0.1:9092) could not be established. Broker may not be available.
2026-05-23T05:04:41.444-05:00  WARN 6649 --- [provider-service] [org.springframework.kafka.KafkaListenerEndpointContainer#0-0-C-1] org.apache.kafka.clients.NetworkClient   : [Consumer clientId=consumer-provider-service-group-1, groupId=provider-service-group] Bootstrap broker localhost:9092 (id: -1 rack: null) disconnected
2026-05-23T05:04:42.568-05:00  INFO 6649 --- [provider-service] [org.springframework.kafka.KafkaListenerEndpointContainer#0-0-C-1] org.apache.kafka.clients.NetworkClient   : [Consumer clientId=consumer-provider-service-group-1, groupId=provider-service-group] Node -1 disconnected.
2026-05-23T05:04:42.569-05:00  WARN 6649 --- [provider-service] [org.springframework.kafka.KafkaListenerEndpointContainer#0-0-C-1] org.apache.kafka.clients.NetworkClient   : [Consumer clientId=consumer-provider-service-group-1, groupId=provider-service-group] Connection to node -1 (localhost/127.0.0.1:9092) could not be established. Broker may not be available.
2026-05-23T05:04:42.569-05:00  WARN 6649 --- [provider-service] [org.springframework.kafka.KafkaListenerEndpointContainer#0-0-C-1] org.apache.kafka.clients.NetworkClient   : [Consumer clientId=consumer-provider-service-group-1, groupId=provider-service-group] Bootstrap broker localhost:9092 (id: -1 rack: null) disconnected
2026-05-23T05:04:43.437-05:00  INFO 6649 --- [provider-service] [org.springframework.kafka.KafkaListenerEndpointContainer#0-0-C-1] org.apache.kafka.clients.NetworkClient   : [Consumer clientId=consumer-provider-service-group-1, groupId=provider-service-group] Node -1 disconnected.
2026-05-23T05:04:43.438-05:00  WARN 6649 --- [provider-service] [org.springframework.kafka.KafkaListenerEndpointContainer#0-0-C-1] org.apache.kafka.clients.NetworkClient   : [Consumer clientId=consumer-provider-service-group-1, groupId=provider-service-group] Connection to node -1 (localhost/127.0.0.1:9092) could not be established. Broker may not be available.
2026-05-23T05:04:43.438-05:00  WARN 6649 --- [provider-service] [org.springframework.kafka.KafkaListenerEndpointContainer#0-0-C-1] org.apache.kafka.clients.NetworkClient   : [Consumer clientId=consumer-provider-service-group-1, groupId=provider-service-group] Bootstrap broker localhost:9092 (id: -1 rack: null) disconnected
2026-05-23T05:04:44.406-05:00  INFO 6649 --- [provider-service] [org.springframework.kafka.KafkaListenerEndpointContainer#0-0-C-1] org.apache.kafka.clients.NetworkClient   : [Consumer clientId=consumer-provider-service-group-1, groupId=provider-service-group] Node -1 disconnected.
2026-05-23T05:04:44.407-05:00  WARN 6649 --- [provider-service] [org.springframework.kafka.KafkaListenerEndpointContainer#0-0-C-1] org.apache.kafka.clients.NetworkClient   : [Consumer clientId=consumer-provider-service-group-1, groupId=provider-service-group] Connection to node -1 (localhost/127.0.0.1:9092) could not be established. Broker may not be available.
2026-05-23T05:04:44.407-05:00  WARN 6649 --- [provider-service] [org.springframework.kafka.KafkaListenerEndpointContainer#0-0-C-1] org.apache.kafka.clients.NetworkClient   : [Consumer clientId=consumer-provider-service-group-1, groupId=provider-service-group] Bootstrap broker localhost:9092 (id: -1 rack: null) disconnected
2026-05-23T05:04:45.473-05:00  INFO 6649 --- [provider-service] [org.springframework.kafka.KafkaListenerEndpointContainer#0-0-C-1] org.apache.kafka.clients.NetworkClient   : [Consumer clientId=consumer-provider-service-group-1, groupId=provider-service-group] Node -1 disconnected.
2026-05-23T05:04:45.473-05:00  WARN 6649 --- [provider-service] [org.springframework.kafka.KafkaListenerEndpointContainer#0-0-C-1] org.apache.kafka.clients.NetworkClient   : [Consumer clientId=consumer-provider-service-group-1, groupId=provider-service-group] Connection to node -1 (localhost/127.0.0.1:9092) could not be established. Broker may not be available.
2026-05-23T05:04:45.474-05:00  WARN 6649 --- [provider-service] [org.springframework.kafka.KafkaListenerEndpointContainer#0-0-C-1] org.apache.kafka.clients.NetworkClient   : [Consumer clientId=consumer-provider-service-group-1, groupId=provider-service-group] Bootstrap broker localhost:9092 (id: -1 rack: null) disconnected
2026-05-23T05:04:46.596-05:00  INFO 6649 --- [provider-service] [org.springframework.kafka.KafkaListenerEndpointContainer#0-0-C-1] org.apache.kafka.clients.NetworkClient   : [Consumer clientId=consumer-provider-service-group-1, groupId=provider-service-group] Node -1 disconnected.
2026-05-23T05:04:46.597-05:00  WARN 6649 --- [provider-service] [org.springframework.kafka.KafkaListenerEndpointContainer#0-0-C-1] org.apache.kafka.clients.NetworkClient   : [Consumer clientId=consumer-provider-service-group-1, groupId=provider-service-group] Connection to node -1 (localhost/127.0.0.1:9092) could not be established. Broker may not be available.
2026-05-23T05:04:46.598-05:00  WARN 6649 --- [provider-service] [org.springframework.kafka.KafkaListenerEndpointContainer#0-0-C-1] org.apache.kafka.clients.NetworkClient   : [Consumer clientId=consumer-provider-service-group-1, groupId=provider-service-group] Bootstrap broker localhost:9092 (id: -1 rack: null) disconnected
2026-05-23T05:04:47.619-05:00  INFO 6649 --- [provider-service] [org.springframework.kafka.KafkaListenerEndpointContainer#0-0-C-1] org.apache.kafka.clients.NetworkClient   : [Consumer clientId=consumer-provider-service-group-1, groupId=provider-service-group] Node -1 disconnected.
2026-05-23T05:04:47.621-05:00  WARN 6649 --- [provider-service] [org.springframework.kafka.KafkaListenerEndpointContainer#0-0-C-1] org.apache.kafka.clients.NetworkClient   : [Consumer clientId=consumer-provider-service-group-1, groupId=provider-service-group] Connection to node -1 (localhost/127.0.0.1:9092) could not be established. Broker may not be available.
2026-05-23T05:04:47.621-05:00  WARN 6649 --- [provider-service] [org.springframework.kafka.KafkaListenerEndpointContainer#0-0-C-1] org.apache.kafka.clients.NetworkClient   : [Consumer clientId=consumer-provider-service-group-1, groupId=provider-service-group] Bootstrap broker localhost:9092 (id: -1 rack: null) disconnected
2026-05-23T05:04:48.693-05:00  INFO 6649 --- [provider-service] [org.springframework.kafka.KafkaListenerEndpointContainer#0-0-C-1] org.apache.kafka.clients.NetworkClient   : [Consumer clientId=consumer-provider-service-group-1, groupId=provider-service-group] Node -1 disconnected.
2026-05-23T05:04:48.700-05:00  WARN 6649 --- [provider-service] [org.springframework.kafka.KafkaListenerEndpointContainer#0-0-C-1] org.apache.kafka.clients.NetworkClient   : [Consumer clientId=consumer-provider-service-group-1, groupId=provider-service-group] Connection to node -1 (localhost/127.0.0.1:9092) could not be established. Broker may not be available.
2026-05-23T05:04:48.701-05:00  WARN 6649 --- [provider-service] [org.springframework.kafka.KafkaListenerEndpointContainer#0-0-C-1] org.apache.kafka.clients.NetworkClient   : [Consumer clientId=consumer-provider-service-group-1, groupId=provider-service-group] Bootstrap broker localhost:9092 (id: -1 rack: null) disconnected
2026-05-23T05:04:49.605-05:00  INFO 6649 --- [provider-service] [org.springframework.kafka.KafkaListenerEndpointContainer#0-0-C-1] org.apache.kafka.clients.NetworkClient   : [Consumer clientId=consumer-provider-service-group-1, groupId=provider-service-group] Node -1 disconnected.
2026-05-23T05:04:49.605-05:00  WARN 6649 --- [provider-service] [org.springframework.kafka.KafkaListenerEndpointContainer#0-0-C-1] org.apache.kafka.clients.NetworkClient   : [Consumer clientId=consumer-provider-service-group-1, groupId=provider-service-group] Connection to node -1 (localhost/127.0.0.1:9092) could not be established. Broker may not be available.
2026-05-23T05:04:49.605-05:00  WARN 6649 --- [provider-service] [org.springframework.kafka.KafkaListenerEndpointContainer#0-0-C-1] org.apache.kafka.clients.NetworkClient   : [Consumer clientId=consumer-provider-service-group-1, groupId=provider-service-group] Bootstrap broker localhost:9092 (id: -1 rack: null) disconnected
2026-05-23T05:04:50.729-05:00  INFO 6649 --- [provider-service] [org.springframework.kafka.KafkaListenerEndpointContainer#0-0-C-1] org.apache.kafka.clients.NetworkClient   : [Consumer clientId=consumer-provider-service-group-1, groupId=provider-service-group] Node -1 disconnected.
2026-05-23T05:04:50.731-05:00  WARN 6649 --- [provider-service] [org.springframework.kafka.KafkaListenerEndpointContainer#0-0-C-1] org.apache.kafka.clients.NetworkClient   : [Consumer clientId=consumer-provider-service-group-1, groupId=provider-service-group] Connection to node -1 (localhost/127.0.0.1:9092) could not be established. Broker may not be available.
2026-05-23T05:04:50.731-05:00  WARN 6649 --- [provider-service] [org.springframework.kafka.KafkaListenerEndpointContainer#0-0-C-1] org.apache.kafka.clients.NetworkClient   : [Consumer clientId=consumer-provider-service-group-1, groupId=provider-service-group] Bootstrap broker localhost:9092 (id: -1 rack: null) disconnected
2026-05-23T05:04:51.855-05:00  INFO 6649 --- [provider-service] [org.springframework.kafka.KafkaListenerEndpointContainer#0-0-C-1] org.apache.kafka.clients.NetworkClient   : [Consumer clientId=consumer-provider-service-group-1, groupId=provider-service-group] Node -1 disconnected.
2026-05-23T05:04:51.860-05:00  WARN 6649 --- [provider-service] [org.springframework.kafka.KafkaListenerEndpointContainer#0-0-C-1] org.apache.kafka.clients.NetworkClient   : [Consumer clientId=consumer-provider-service-group-1, groupId=provider-service-group] Connection to node -1 (localhost/127.0.0.1:9092) could not be established. Broker may not be available.
2026-05-23T05:04:51.860-05:00  WARN 6649 --- [provider-service] [org.springframework.kafka.KafkaListenerEndpointContainer#0-0-C-1] org.apache.kafka.clients.NetworkClient   : [Consumer clientId=consumer-provider-service-group-1, groupId=provider-service-group] Bootstrap broker localhost:9092 (id: -1 rack: null) disconnected
2026-05-23T05:04:52.828-05:00  INFO 6649 --- [provider-service] [org.springframework.kafka.KafkaListenerEndpointContainer#0-0-C-1] org.apache.kafka.clients.NetworkClient   : [Consumer clientId=consumer-provider-service-group-1, groupId=provider-service-group] Node -1 disconnected.
2026-05-23T05:04:52.829-05:00  WARN 6649 --- [provider-service] [org.springframework.kafka.KafkaListenerEndpointContainer#0-0-C-1] org.apache.kafka.clients.NetworkClient   : [Consumer clientId=consumer-provider-service-group-1, groupId=provider-service-group] Connection to node -1 (localhost/127.0.0.1:9092) could not be established. Broker may not be available.
2026-05-23T05:04:52.829-05:00  WARN 6649 --- [provider-service] [org.springframework.kafka.KafkaListenerEndpointContainer#0-0-C-1] org.apache.kafka.clients.NetworkClient   : [Consumer clientId=consumer-provider-service-group-1, groupId=provider-service-group] Bootstrap broker localhost:9092 (id: -1 rack: null) disconnected
2026-05-23T05:04:53.900-05:00  INFO 6649 --- [provider-service] [org.springframework.kafka.KafkaListenerEndpointContainer#0-0-C-1] org.apache.kafka.clients.NetworkClient   : [Consumer clientId=consumer-provider-service-group-1, groupId=provider-service-group] Node -1 disconnected.
2026-05-23T05:04:53.908-05:00  WARN 6649 --- [provider-service] [org.springframework.kafka.KafkaListenerEndpointContainer#0-0-C-1] org.apache.kafka.clients.NetworkClient   : [Consumer clientId=consumer-provider-service-group-1, groupId=provider-service-group] Connection to node -1 (localhost/127.0.0.1:9092) could not be established. Broker may not be available.
2026-05-23T05:04:53.909-05:00  WARN 6649 --- [provider-service] [org.springframework.kafka.KafkaListenerEndpointContainer#0-0-C-1] org.apache.kafka.clients.NetworkClient   : [Consumer clientId=consumer-provider-service-group-1, groupId=provider-service-group] Bootstrap broker localhost:9092 (id: -1 rack: null) disconnected
2026-05-23T05:04:54.811-05:00  INFO 6649 --- [provider-service] [org.springframework.kafka.KafkaListenerEndpointContainer#0-0-C-1] org.apache.kafka.clients.NetworkClient   : [Consumer clientId=consumer-provider-service-group-1, groupId=provider-service-group] Node -1 disconnected.
2026-05-23T05:04:54.812-05:00  WARN 6649 --- [provider-service] [org.springframework.kafka.KafkaListenerEndpointContainer#0-0-C-1] org.apache.kafka.clients.NetworkClient   : [Consumer clientId=consumer-provider-service-group-1, groupId=provider-service-group] Connection to node -1 (localhost/127.0.0.1:9092) could not be established. Broker may not be available.
2026-05-23T05:04:54.813-05:00  WARN 6649 --- [provider-service] [org.springframework.kafka.KafkaListenerEndpointContainer#0-0-C-1] org.apache.kafka.clients.NetworkClient   : [Consumer clientId=consumer-provider-service-group-1, groupId=provider-service-group] Bootstrap broker localhost:9092 (id: -1 rack: null) disconnected
2026-05-23T05:04:55.836-05:00  INFO 6649 --- [provider-service] [org.springframework.kafka.KafkaListenerEndpointContainer#0-0-C-1] org.apache.kafka.clients.NetworkClient   : [Consumer clientId=consumer-provider-service-group-1, groupId=provider-service-group] Node -1 disconnected.
2026-05-23T05:04:55.836-05:00  WARN 6649 --- [provider-service] [org.springframework.kafka.KafkaListenerEndpointContainer#0-0-C-1] org.apache.kafka.clients.NetworkClient   : [Consumer clientId=consumer-provider-service-group-1, groupId=provider-service-group] Connection to node -1 (localhost/127.0.0.1:9092) could not be established. Broker may not be available.
2026-05-23T05:04:55.837-05:00  WARN 6649 --- [provider-service] [org.springframework.kafka.KafkaListenerEndpointContainer#0-0-C-1] org.apache.kafka.clients.NetworkClient   : [Consumer clientId=consumer-provider-service-group-1, groupId=provider-service-group] Bootstrap broker localhost:9092 (id: -1 rack: null) disconnected
2026-05-23T05:04:57.017-05:00  INFO 6649 --- [provider-service] [org.springframework.kafka.KafkaListenerEndpointContainer#0-0-C-1] org.apache.kafka.clients.NetworkClient   : [Consumer clientId=consumer-provider-service-group-1, groupId=provider-service-group] Node -1 disconnected.
2026-05-23T05:04:57.019-05:00  WARN 6649 --- [provider-service] [org.springframework.kafka.KafkaListenerEndpointContainer#0-0-C-1] org.apache.kafka.clients.NetworkClient   : [Consumer clientId=consumer-provider-service-group-1, groupId=provider-service-group] Connection to node -1 (localhost/127.0.0.1:9092) could not be established. Broker may not be available.
2026-05-23T05:04:57.019-05:00  WARN 6649 --- [provider-service] [org.springframework.kafka.KafkaListenerEndpointContainer#0-0-C-1] org.apache.kafka.clients.NetworkClient   : [Consumer clientId=consumer-provider-service-group-1, groupId=provider-service-group] Bootstrap broker localhost:9092 (id: -1 rack: null) disconnected
2026-05-23T05:04:58.147-05:00  INFO 6649 --- [provider-service] [org.springframework.kafka.KafkaListenerEndpointContainer#0-0-C-1] org.apache.kafka.clients.NetworkClient   : [Consumer clientId=consumer-provider-service-group-1, groupId=provider-service-group] Node -1 disconnected.
2026-05-23T05:04:58.148-05:00  WARN 6649 --- [provider-service] [org.springframework.kafka.KafkaListenerEndpointContainer#0-0-C-1] org.apache.kafka.clients.NetworkClient   : [Consumer clientId=consumer-provider-service-group-1, groupId=provider-service-group] Connection to node -1 (localhost/127.0.0.1:9092) could not be established. Broker may not be available.
2026-05-23T05:04:58.148-05:00  WARN 6649 --- [provider-service] [org.springframework.kafka.KafkaListenerEndpointContainer#0-0-C-1] org.apache.kafka.clients.NetworkClient   : [Consumer clientId=consumer-provider-service-group-1, groupId=provider-service-group] Bootstrap broker localhost:9092 (id: -1 rack: null) disconnected
2026-05-23T05:04:59.325-05:00  INFO 6649 --- [provider-service] [org.springframework.kafka.KafkaListenerEndpointContainer#0-0-C-1] org.apache.kafka.clients.NetworkClient   : [Consumer clientId=consumer-provider-service-group-1, groupId=provider-service-group] Node -1 disconnected.
2026-05-23T05:04:59.326-05:00  WARN 6649 --- [provider-service] [org.springframework.kafka.KafkaListenerEndpointContainer#0-0-C-1] org.apache.kafka.clients.NetworkClient   : [Consumer clientId=consumer-provider-service-group-1, groupId=provider-service-group] Connection to node -1 (localhost/127.0.0.1:9092) could not be established. Broker may not be available.
2026-05-23T05:04:59.326-05:00  WARN 6649 --- [provider-service] [org.springframework.kafka.KafkaListenerEndpointContainer#0-0-C-1] org.apache.kafka.clients.NetworkClient   : [Consumer clientId=consumer-provider-service-group-1, groupId=provider-service-group] Bootstrap broker localhost:9092 (id: -1 rack: null) disconnected
2026-05-23T05:05:00.424-05:00  INFO 6649 --- [provider-service] [org.springframework.kafka.KafkaListenerEndpointContainer#0-0-C-1] org.apache.kafka.clients.NetworkClient   : [Consumer clientId=consumer-provider-service-group-1, groupId=provider-service-group] Node -1 disconnected.
2026-05-23T05:05:00.425-05:00  WARN 6649 --- [provider-service] [org.springframework.kafka.KafkaListenerEndpointContainer#0-0-C-1] org.apache.kafka.clients.NetworkClient   : [Consumer clientId=consumer-provider-service-group-1, groupId=provider-service-group] Connection to node -1 (localhost/127.0.0.1:9092) could not be established. Broker may not be available.
2026-05-23T05:05:00.425-05:00  WARN 6649 --- [provider-service] [org.springframework.kafka.KafkaListenerEndpointContainer#0-0-C-1] org.apache.kafka.clients.NetworkClient   : [Consumer clientId=consumer-provider-service-group-1, groupId=provider-service-group] Bootstrap broker localhost:9092 (id: -1 rack: null) disconnected
2026-05-23T05:05:01.497-05:00  INFO 6649 --- [provider-service] [org.springframework.kafka.KafkaListenerEndpointContainer#0-0-C-1] org.apache.kafka.clients.NetworkClient   : [Consumer clientId=consumer-provider-service-group-1, groupId=provider-service-group] Node -1 disconnected.
2026-05-23T05:05:01.497-05:00  WARN 6649 --- [provider-service] [org.springframework.kafka.KafkaListenerEndpointContainer#0-0-C-1] org.apache.kafka.clients.NetworkClient   : [Consumer clientId=consumer-provider-service-group-1, groupId=provider-service-group] Connection to node -1 (localhost/127.0.0.1:9092) could not be established. Broker may not be available.
2026-05-23T05:05:01.497-05:00  WARN 6649 --- [provider-service] [org.springframework.kafka.KafkaListenerEndpointContainer#0-0-C-1] org.apache.kafka.clients.NetworkClient   : [Consumer clientId=consumer-provider-service-group-1, groupId=provider-service-group] Bootstrap broker localhost:9092 (id: -1 rack: null) disconnected
2026-05-23T05:05:02.628-05:00  INFO 6649 --- [provider-service] [org.springframework.kafka.KafkaListenerEndpointContainer#0-0-C-1] org.apache.kafka.clients.NetworkClient   : [Consumer clientId=consumer-provider-service-group-1, groupId=provider-service-group] Node -1 disconnected.
2026-05-23T05:05:02.629-05:00  WARN 6649 --- [provider-service] [org.springframework.kafka.KafkaListenerEndpointContainer#0-0-C-1] org.apache.kafka.clients.NetworkClient   : [Consumer clientId=consumer-provider-service-group-1, groupId=provider-service-group] Connection to node -1 (localhost/127.0.0.1:9092) could not be established. Broker may not be available.
2026-05-23T05:05:02.629-05:00  WARN 6649 --- [provider-service] [org.springframework.kafka.KafkaListenerEndpointContainer#0-0-C-1] org.apache.kafka.clients.NetworkClient   : [Consumer clientId=consumer-provider-service-group-1, groupId=provider-service-group] Bootstrap broker localhost:9092 (id: -1 rack: null) disconnected
2026-05-23T05:05:03.551-05:00  INFO 6649 --- [provider-service] [org.springframework.kafka.KafkaListenerEndpointContainer#0-0-C-1] org.apache.kafka.clients.NetworkClient   : [Consumer clientId=consumer-provider-service-group-1, groupId=provider-service-group] Node -1 disconnected.
2026-05-23T05:05:03.551-05:00  WARN 6649 --- [provider-service] [org.springframework.kafka.KafkaListenerEndpointContainer#0-0-C-1] org.apache.kafka.clients.NetworkClient   : [Consumer clientId=consumer-provider-service-group-1, groupId=provider-service-group] Connection to node -1 (localhost/127.0.0.1:9092) could not be established. Broker may not be available.
2026-05-23T05:05:03.551-05:00  WARN 6649 --- [provider-service] [org.springframework.kafka.KafkaListenerEndpointContainer#0-0-C-1] org.apache.kafka.clients.NetworkClient   : [Consumer clientId=consumer-provider-service-group-1, groupId=provider-service-group] Bootstrap broker localhost:9092 (id: -1 rack: null) disconnected
2026-05-23T05:05:04.610-05:00  INFO 6649 --- [provider-service] [org.springframework.kafka.KafkaListenerEndpointContainer#0-0-C-1] org.apache.kafka.clients.NetworkClient   : [Consumer clientId=consumer-provider-service-group-1, groupId=provider-service-group] Node -1 disconnected.
2026-05-23T05:05:04.611-05:00  WARN 6649 --- [provider-service] [org.springframework.kafka.KafkaListenerEndpointContainer#0-0-C-1] org.apache.kafka.clients.NetworkClient   : [Consumer clientId=consumer-provider-service-group-1, groupId=provider-service-group] Connection to node -1 (localhost/127.0.0.1:9092) could not be established. Broker may not be available.
2026-05-23T05:05:04.611-05:00  WARN 6649 --- [provider-service] [org.springframework.kafka.KafkaListenerEndpointContainer#0-0-C-1] org.apache.kafka.clients.NetworkClient   : [Consumer clientId=consumer-provider-service-group-1, groupId=provider-service-group] Bootstrap broker localhost:9092 (id: -1 rack: null) disconnected
2026-05-23T05:05:05.480-05:00  INFO 6649 --- [provider-service] [org.springframework.kafka.KafkaListenerEndpointContainer#0-0-C-1] org.apache.kafka.clients.NetworkClient   : [Consumer clientId=consumer-provider-service-group-1, groupId=provider-service-group] Node -1 disconnected.
2026-05-23T05:05:05.480-05:00  WARN 6649 --- [provider-service] [org.springframework.kafka.KafkaListenerEndpointContainer#0-0-C-1] org.apache.kafka.clients.NetworkClient   : [Consumer clientId=consumer-provider-service-group-1, groupId=provider-service-group] Connection to node -1 (localhost/127.0.0.1:9092) could not be established. Broker may not be available.
2026-05-23T05:05:05.480-05:00  WARN 6649 --- [provider-service] [org.springframework.kafka.KafkaListenerEndpointContainer#0-0-C-1] org.apache.kafka.clients.NetworkClient   : [Consumer clientId=consumer-provider-service-group-1, groupId=provider-service-group] Bootstrap broker localhost:9092 (id: -1 rack: null) disconnected
2026-05-23T05:05:06.397-05:00  INFO 6649 --- [provider-service] [org.springframework.kafka.KafkaListenerEndpointContainer#0-0-C-1] org.apache.kafka.clients.NetworkClient   : [Consumer clientId=consumer-provider-service-group-1, groupId=provider-service-group] Node -1 disconnected.
2026-05-23T05:05:06.398-05:00  WARN 6649 --- [provider-service] [org.springframework.kafka.KafkaListenerEndpointContainer#0-0-C-1] org.apache.kafka.clients.NetworkClient   : [Consumer clientId=consumer-provider-service-group-1, groupId=provider-service-group] Connection to node -1 (localhost/127.0.0.1:9092) could not be established. Broker may not be available.
2026-05-23T05:05:06.398-05:00  WARN 6649 --- [provider-service] [org.springframework.kafka.KafkaListenerEndpointContainer#0-0-C-1] org.apache.kafka.clients.NetworkClient   : [Consumer clientId=consumer-provider-service-group-1, groupId=provider-service-group] Bootstrap broker localhost:9092 (id: -1 rack: null) disconnected
2026-05-23T05:05:07.522-05:00  INFO 6649 --- [provider-service] [org.springframework.kafka.KafkaListenerEndpointContainer#0-0-C-1] org.apache.kafka.clients.NetworkClient   : [Consumer clientId=consumer-provider-service-group-1, groupId=provider-service-group] Node -1 disconnected.
2026-05-23T05:05:07.523-05:00  WARN 6649 --- [provider-service] [org.springframework.kafka.KafkaListenerEndpointContainer#0-0-C-1] org.apache.kafka.clients.NetworkClient   : [Consumer clientId=consumer-provider-service-group-1, groupId=provider-service-group] Connection to node -1 (localhost/127.0.0.1:9092) could not be established. Broker may not be available.
2026-05-23T05:05:07.523-05:00  WARN 6649 --- [provider-service] [org.springframework.kafka.KafkaListenerEndpointContainer#0-0-C-1] org.apache.kafka.clients.NetworkClient   : [Consumer clientId=consumer-provider-service-group-1, groupId=provider-service-group] Bootstrap broker localhost:9092 (id: -1 rack: null) disconnected
2026-05-23T05:05:08.390-05:00  INFO 6649 --- [provider-service] [org.springframework.kafka.KafkaListenerEndpointContainer#0-0-C-1] org.apache.kafka.clients.NetworkClient   : [Consumer clientId=consumer-provider-service-group-1, groupId=provider-service-group] Node -1 disconnected.
2026-05-23T05:05:08.390-05:00  WARN 6649 --- [provider-service] [org.springframework.kafka.KafkaListenerEndpointContainer#0-0-C-1] org.apache.kafka.clients.NetworkClient   : [Consumer clientId=consumer-provider-service-group-1, groupId=provider-service-group] Connection to node -1 (localhost/127.0.0.1:9092) could not be established. Broker may not be available.
2026-05-23T05:05:08.391-05:00  WARN 6649 --- [provider-service] [org.springframework.kafka.KafkaListenerEndpointContainer#0-0-C-1] org.apache.kafka.clients.NetworkClient   : [Consumer clientId=consumer-provider-service-group-1, groupId=provider-service-group] Bootstrap broker localhost:9092 (id: -1 rack: null) disconnected
2026-05-23T05:05:09.311-05:00  INFO 6649 --- [provider-service] [org.springframework.kafka.KafkaListenerEndpointContainer#0-0-C-1] org.apache.kafka.clients.NetworkClient   : [Consumer clientId=consumer-provider-service-group-1, groupId=provider-service-group] Node -1 disconnected.
2026-05-23T05:05:09.311-05:00  WARN 6649 --- [provider-service] [org.springframework.kafka.KafkaListenerEndpointContainer#0-0-C-1] org.apache.kafka.clients.NetworkClient   : [Consumer clientId=consumer-provider-service-group-1, groupId=provider-service-group] Connection to node -1 (localhost/127.0.0.1:9092) could not be established. Broker may not be available.
2026-05-23T05:05:09.312-05:00  WARN 6649 --- [provider-service] [org.springframework.kafka.KafkaListenerEndpointContainer#0-0-C-1] org.apache.kafka.clients.NetworkClient   : [Consumer clientId=consumer-provider-service-group-1, groupId=provider-service-group] Bootstrap broker localhost:9092 (id: -1 rack: null) disconnected
2026-05-23T05:05:10.275-05:00  INFO 6649 --- [provider-service] [org.springframework.kafka.KafkaListenerEndpointContainer#0-0-C-1] org.apache.kafka.clients.NetworkClient   : [Consumer clientId=consumer-provider-service-group-1, groupId=provider-service-group] Node -1 disconnected.
2026-05-23T05:05:10.275-05:00  WARN 6649 --- [provider-service] [org.springframework.kafka.KafkaListenerEndpointContainer#0-0-C-1] org.apache.kafka.clients.NetworkClient   : [Consumer clientId=consumer-provider-service-group-1, groupId=provider-service-group] Connection to node -1 (localhost/127.0.0.1:9092) could not be established. Broker may not be available.
2026-05-23T05:05:10.275-05:00  WARN 6649 --- [provider-service] [org.springframework.kafka.KafkaListenerEndpointContainer#0-0-C-1] org.apache.kafka.clients.NetworkClient   : [Consumer clientId=consumer-provider-service-group-1, groupId=provider-service-group] Bootstrap broker localhost:9092 (id: -1 rack: null) disconnected
2026-05-23T05:05:11.399-05:00  INFO 6649 --- [provider-service] [org.springframework.kafka.KafkaListenerEndpointContainer#0-0-C-1] org.apache.kafka.clients.NetworkClient   : [Consumer clientId=consumer-provider-service-group-1, groupId=provider-service-group] Node -1 disconnected.
2026-05-23T05:05:11.400-05:00  WARN 6649 --- [provider-service] [org.springframework.kafka.KafkaListenerEndpointContainer#0-0-C-1] org.apache.kafka.clients.NetworkClient   : [Consumer clientId=consumer-provider-service-group-1, groupId=provider-service-group] Connection to node -1 (localhost/127.0.0.1:9092) could not be established. Broker may not be available.
2026-05-23T05:05:11.401-05:00  WARN 6649 --- [provider-service] [org.springframework.kafka.KafkaListenerEndpointContainer#0-0-C-1] org.apache.kafka.clients.NetworkClient   : [Consumer clientId=consumer-provider-service-group-1, groupId=provider-service-group] Bootstrap broker localhost:9092 (id: -1 rack: null) disconnected
2026-05-23T05:05:12.522-05:00  INFO 6649 --- [provider-service] [org.springframework.kafka.KafkaListenerEndpointContainer#0-0-C-1] org.apache.kafka.clients.NetworkClient   : [Consumer clientId=consumer-provider-service-group-1, groupId=provider-service-group] Node -1 disconnected.
2026-05-23T05:05:12.525-05:00  WARN 6649 --- [provider-service] [org.springframework.kafka.KafkaListenerEndpointContainer#0-0-C-1] org.apache.kafka.clients.NetworkClient   : [Consumer clientId=consumer-provider-service-group-1, groupId=provider-service-group] Connection to node -1 (localhost/127.0.0.1:9092) could not be established. Broker may not be available.
2026-05-23T05:05:12.525-05:00  WARN 6649 --- [provider-service] [org.springframework.kafka.KafkaListenerEndpointContainer#0-0-C-1] org.apache.kafka.clients.NetworkClient   : [Consumer clientId=consumer-provider-service-group-1, groupId=provider-service-group] Bootstrap broker localhost:9092 (id: -1 rack: null) disconnected
2026-05-23T05:05:13.593-05:00  INFO 6649 --- [provider-service] [org.springframework.kafka.KafkaListenerEndpointContainer#0-0-C-1] org.apache.kafka.clients.NetworkClient   : [Consumer clientId=consumer-provider-service-group-1, groupId=provider-service-group] Node -1 disconnected.
2026-05-23T05:05:13.594-05:00  WARN 6649 --- [provider-service] [org.springframework.kafka.KafkaListenerEndpointContainer#0-0-C-1] org.apache.kafka.clients.NetworkClient   : [Consumer clientId=consumer-provider-service-group-1, groupId=provider-service-group] Connection to node -1 (localhost/127.0.0.1:9092) could not be established. Broker may not be available.
2026-05-23T05:05:13.594-05:00  WARN 6649 --- [provider-service] [org.springframework.kafka.KafkaListenerEndpointContainer#0-0-C-1] org.apache.kafka.clients.NetworkClient   : [Consumer clientId=consumer-provider-service-group-1, groupId=provider-service-group] Bootstrap broker localhost:9092 (id: -1 rack: null) disconnected
2026-05-23T05:05:14.463-05:00  INFO 6649 --- [provider-service] [org.springframework.kafka.KafkaListenerEndpointContainer#0-0-C-1] org.apache.kafka.clients.NetworkClient   : [Consumer clientId=consumer-provider-service-group-1, groupId=provider-service-group] Node -1 disconnected.
2026-05-23T05:05:14.466-05:00  WARN 6649 --- [provider-service] [org.springframework.kafka.KafkaListenerEndpointContainer#0-0-C-1] org.apache.kafka.clients.NetworkClient   : [Consumer clientId=consumer-provider-service-group-1, groupId=provider-service-group] Connection to node -1 (localhost/127.0.0.1:9092) could not be established. Broker may not be available.
2026-05-23T05:05:14.467-05:00  WARN 6649 --- [provider-service] [org.springframework.kafka.KafkaListenerEndpointContainer#0-0-C-1] org.apache.kafka.clients.NetworkClient   : [Consumer clientId=consumer-provider-service-group-1, groupId=provider-service-group] Bootstrap broker localhost:9092 (id: -1 rack: null) disconnected
2026-05-23T05:05:15.534-05:00  INFO 6649 --- [provider-service] [org.springframework.kafka.KafkaListenerEndpointContainer#0-0-C-1] org.apache.kafka.clients.NetworkClient   : [Consumer clientId=consumer-provider-service-group-1, groupId=provider-service-group] Node -1 disconnected.
2026-05-23T05:05:15.539-05:00  WARN 6649 --- [provider-service] [org.springframework.kafka.KafkaListenerEndpointContainer#0-0-C-1] org.apache.kafka.clients.NetworkClient   : [Consumer clientId=consumer-provider-service-group-1, groupId=provider-service-group] Connection to node -1 (localhost/127.0.0.1:9092) could not be established. Broker may not be available.
2026-05-23T05:05:15.540-05:00  WARN 6649 --- [provider-service] [org.springframework.kafka.KafkaListenerEndpointContainer#0-0-C-1] org.apache.kafka.clients.NetworkClient   : [Consumer clientId=consumer-provider-service-group-1, groupId=provider-service-group] Bootstrap broker localhost:9092 (id: -1 rack: null) disconnected
2026-05-23T05:05:16.503-05:00  INFO 6649 --- [provider-service] [org.springframework.kafka.KafkaListenerEndpointContainer#0-0-C-1] org.apache.kafka.clients.NetworkClient   : [Consumer clientId=consumer-provider-service-group-1, groupId=provider-service-group] Node -1 disconnected.
2026-05-23T05:05:16.504-05:00  WARN 6649 --- [provider-service] [org.springframework.kafka.KafkaListenerEndpointContainer#0-0-C-1] org.apache.kafka.clients.NetworkClient   : [Consumer clientId=consumer-provider-service-group-1, groupId=provider-service-group] Connection to node -1 (localhost/127.0.0.1:9092) could not be established. Broker may not be available.
2026-05-23T05:05:16.504-05:00  WARN 6649 --- [provider-service] [org.springframework.kafka.KafkaListenerEndpointContainer#0-0-C-1] org.apache.kafka.clients.NetworkClient   : [Consumer clientId=consumer-provider-service-group-1, groupId=provider-service-group] Bootstrap broker localhost:9092 (id: -1 rack: null) disconnected
2026-05-23T05:05:17.477-05:00  INFO 6649 --- [provider-service] [org.springframework.kafka.KafkaListenerEndpointContainer#0-0-C-1] org.apache.kafka.clients.NetworkClient   : [Consumer clientId=consumer-provider-service-group-1, groupId=provider-service-group] Node -1 disconnected.
2026-05-23T05:05:17.478-05:00  WARN 6649 --- [provider-service] [org.springframework.kafka.KafkaListenerEndpointContainer#0-0-C-1] org.apache.kafka.clients.NetworkClient   : [Consumer clientId=consumer-provider-service-group-1, groupId=provider-service-group] Connection to node -1 (localhost/127.0.0.1:9092) could not be established. Broker may not be available.
2026-05-23T05:05:17.478-05:00  WARN 6649 --- [provider-service] [org.springframework.kafka.KafkaListenerEndpointContainer#0-0-C-1] org.apache.kafka.clients.NetworkClient   : [Consumer clientId=consumer-provider-service-group-1, groupId=provider-service-group] Bootstrap broker localhost:9092 (id: -1 rack: null) disconnected
2026-05-23T05:05:18.704-05:00  INFO 6649 --- [provider-service] [org.springframework.kafka.KafkaListenerEndpointContainer#0-0-C-1] org.apache.kafka.clients.NetworkClient   : [Consumer clientId=consumer-provider-service-group-1, groupId=provider-service-group] Node -1 disconnected.
2026-05-23T05:05:18.705-05:00  WARN 6649 --- [provider-service] [org.springframework.kafka.KafkaListenerEndpointContainer#0-0-C-1] org.apache.kafka.clients.NetworkClient   : [Consumer clientId=consumer-provider-service-group-1, groupId=provider-service-group] Connection to node -1 (localhost/127.0.0.1:9092) could not be established. Broker may not be available.
2026-05-23T05:05:18.705-05:00  WARN 6649 --- [provider-service] [org.springframework.kafka.KafkaListenerEndpointContainer#0-0-C-1] org.apache.kafka.clients.NetworkClient   : [Consumer clientId=consumer-provider-service-group-1, groupId=provider-service-group] Bootstrap broker localhost:9092 (id: -1 rack: null) disconnected
2026-05-23T05:05:19.719-05:00  INFO 6649 --- [provider-service] [org.springframework.kafka.KafkaListenerEndpointContainer#0-0-C-1] org.apache.kafka.clients.NetworkClient   : [Consumer clientId=consumer-provider-service-group-1, groupId=provider-service-group] Node -1 disconnected.
2026-05-23T05:05:19.719-05:00  WARN 6649 --- [provider-service] [org.springframework.kafka.KafkaListenerEndpointContainer#0-0-C-1] org.apache.kafka.clients.NetworkClient   : [Consumer clientId=consumer-provider-service-group-1, groupId=provider-service-group] Connection to node -1 (localhost/127.0.0.1:9092) could not be established. Broker may not be available.
2026-05-23T05:05:19.719-05:00  WARN 6649 --- [provider-service] [org.springframework.kafka.KafkaListenerEndpointContainer#0-0-C-1] org.apache.kafka.clients.NetworkClient   : [Consumer clientId=consumer-provider-service-group-1, groupId=provider-service-group] Bootstrap broker localhost:9092 (id: -1 rack: null) disconnected
2026-05-23T05:05:20.689-05:00  INFO 6649 --- [provider-service] [org.springframework.kafka.KafkaListenerEndpointContainer#0-0-C-1] org.apache.kafka.clients.NetworkClient   : [Consumer clientId=consumer-provider-service-group-1, groupId=provider-service-group] Node -1 disconnected.
2026-05-23T05:05:20.691-05:00  WARN 6649 --- [provider-service] [org.springframework.kafka.KafkaListenerEndpointContainer#0-0-C-1] org.apache.kafka.clients.NetworkClient   : [Consumer clientId=consumer-provider-service-group-1, groupId=provider-service-group] Connection to node -1 (localhost/127.0.0.1:9092) could not be established. Broker may not be available.
2026-05-23T05:05:20.691-05:00  WARN 6649 --- [provider-service] [org.springframework.kafka.KafkaListenerEndpointContainer#0-0-C-1] org.apache.kafka.clients.NetworkClient   : [Consumer clientId=consumer-provider-service-group-1, groupId=provider-service-group] Bootstrap broker localhost:9092 (id: -1 rack: null) disconnected
2026-05-23T05:05:21.717-05:00  INFO 6649 --- [provider-service] [org.springframework.kafka.KafkaListenerEndpointContainer#0-0-C-1] org.apache.kafka.clients.NetworkClient   : [Consumer clientId=consumer-provider-service-group-1, groupId=provider-service-group] Node -1 disconnected.
2026-05-23T05:05:21.722-05:00  WARN 6649 --- [provider-service] [org.springframework.kafka.KafkaListenerEndpointContainer#0-0-C-1] org.apache.kafka.clients.NetworkClient   : [Consumer clientId=consumer-provider-service-group-1, groupId=provider-service-group] Connection to node -1 (localhost/127.0.0.1:9092) could not be established. Broker may not be available.
2026-05-23T05:05:21.722-05:00  WARN 6649 --- [provider-service] [org.springframework.kafka.KafkaListenerEndpointContainer#0-0-C-1] org.apache.kafka.clients.NetworkClient   : [Consumer clientId=consumer-provider-service-group-1, groupId=provider-service-group] Bootstrap broker localhost:9092 (id: -1 rack: null) disconnected
2026-05-23T05:05:22.837-05:00  INFO 6649 --- [provider-service] [org.springframework.kafka.KafkaListenerEndpointContainer#0-0-C-1] org.apache.kafka.clients.NetworkClient   : [Consumer clientId=consumer-provider-service-group-1, groupId=provider-service-group] Node -1 disconnected.
2026-05-23T05:05:22.838-05:00  WARN 6649 --- [provider-service] [org.springframework.kafka.KafkaListenerEndpointContainer#0-0-C-1] org.apache.kafka.clients.NetworkClient   : [Consumer clientId=consumer-provider-service-group-1, groupId=provider-service-group] Connection to node -1 (localhost/127.0.0.1:9092) could not be established. Broker may not be available.
2026-05-23T05:05:22.838-05:00  WARN 6649 --- [provider-service] [org.springframework.kafka.KafkaListenerEndpointContainer#0-0-C-1] org.apache.kafka.clients.NetworkClient   : [Consumer clientId=consumer-provider-service-group-1, groupId=provider-service-group] Bootstrap broker localhost:9092 (id: -1 rack: null) disconnected
2026-05-23T05:05:23.811-05:00  INFO 6649 --- [provider-service] [org.springframework.kafka.KafkaListenerEndpointContainer#0-0-C-1] org.apache.kafka.clients.NetworkClient   : [Consumer clientId=consumer-provider-service-group-1, groupId=provider-service-group] Node -1 disconnected.
2026-05-23T05:05:23.812-05:00  WARN 6649 --- [provider-service] [org.springframework.kafka.KafkaListenerEndpointContainer#0-0-C-1] org.apache.kafka.clients.NetworkClient   : [Consumer clientId=consumer-provider-service-group-1, groupId=provider-service-group] Connection to node -1 (localhost/127.0.0.1:9092) could not be established. Broker may not be available.
2026-05-23T05:05:23.813-05:00  WARN 6649 --- [provider-service] [org.springframework.kafka.KafkaListenerEndpointContainer#0-0-C-1] org.apache.kafka.clients.NetworkClient   : [Consumer clientId=consumer-provider-service-group-1, groupId=provider-service-group] Bootstrap broker localhost:9092 (id: -1 rack: null) disconnected
2026-05-23T05:05:24.927-05:00  INFO 6649 --- [provider-service] [org.springframework.kafka.KafkaListenerEndpointContainer#0-0-C-1] org.apache.kafka.clients.NetworkClient   : [Consumer clientId=consumer-provider-service-group-1, groupId=provider-service-group] Node -1 disconnected.
2026-05-23T05:05:24.929-05:00  WARN 6649 --- [provider-service] [org.springframework.kafka.KafkaListenerEndpointContainer#0-0-C-1] org.apache.kafka.clients.NetworkClient   : [Consumer clientId=consumer-provider-service-group-1, groupId=provider-service-group] Connection to node -1 (localhost/127.0.0.1:9092) could not be established. Broker may not be available.
2026-05-23T05:05:24.929-05:00  WARN 6649 --- [provider-service] [org.springframework.kafka.KafkaListenerEndpointContainer#0-0-C-1] org.apache.kafka.clients.NetworkClient   : [Consumer clientId=consumer-provider-service-group-1, groupId=provider-service-group] Bootstrap broker localhost:9092 (id: -1 rack: null) disconnected
2026-05-23T05:05:25.799-05:00  INFO 6649 --- [provider-service] [org.springframework.kafka.KafkaListenerEndpointContainer#0-0-C-1] org.apache.kafka.clients.NetworkClient   : [Consumer clientId=consumer-provider-service-group-1, groupId=provider-service-group] Node -1 disconnected.
2026-05-23T05:05:25.800-05:00  WARN 6649 --- [provider-service] [org.springframework.kafka.KafkaListenerEndpointContainer#0-0-C-1] org.apache.kafka.clients.NetworkClient   : [Consumer clientId=consumer-provider-service-group-1, groupId=provider-service-group] Connection to node -1 (localhost/127.0.0.1:9092) could not be established. Broker may not be available.
2026-05-23T05:05:25.800-05:00  WARN 6649 --- [provider-service] [org.springframework.kafka.KafkaListenerEndpointContainer#0-0-C-1] org.apache.kafka.clients.NetworkClient   : [Consumer clientId=consumer-provider-service-group-1, groupId=provider-service-group] Bootstrap broker localhost:9092 (id: -1 rack: null) disconnected
2026-05-23T05:05:26.722-05:00  INFO 6649 --- [provider-service] [org.springframework.kafka.KafkaListenerEndpointContainer#0-0-C-1] org.apache.kafka.clients.NetworkClient   : [Consumer clientId=consumer-provider-service-group-1, groupId=provider-service-group] Node -1 disconnected.
2026-05-23T05:05:26.722-05:00  WARN 6649 --- [provider-service] [org.springframework.kafka.KafkaListenerEndpointContainer#0-0-C-1] org.apache.kafka.clients.NetworkClient   : [Consumer clientId=consumer-provider-service-group-1, groupId=provider-service-group] Connection to node -1 (localhost/127.0.0.1:9092) could not be established. Broker may not be available.
2026-05-23T05:05:26.722-05:00  WARN 6649 --- [provider-service] [org.springframework.kafka.KafkaListenerEndpointContainer#0-0-C-1] org.apache.kafka.clients.NetworkClient   : [Consumer clientId=consumer-provider-service-group-1, groupId=provider-service-group] Bootstrap broker localhost:9092 (id: -1 rack: null) disconnected
2026-05-23T05:05:27.899-05:00  INFO 6649 --- [provider-service] [org.springframework.kafka.KafkaListenerEndpointContainer#0-0-C-1] org.apache.kafka.clients.NetworkClient   : [Consumer clientId=consumer-provider-service-group-1, groupId=provider-service-group] Node -1 disconnected.
2026-05-23T05:05:27.900-05:00  WARN 6649 --- [provider-service] [org.springframework.kafka.KafkaListenerEndpointContainer#0-0-C-1] org.apache.kafka.clients.NetworkClient   : [Consumer clientId=consumer-provider-service-group-1, groupId=provider-service-group] Connection to node -1 (localhost/127.0.0.1:9092) could not be established. Broker may not be available.
2026-05-23T05:05:27.900-05:00  WARN 6649 --- [provider-service] [org.springframework.kafka.KafkaListenerEndpointContainer#0-0-C-1] org.apache.kafka.clients.NetworkClient   : [Consumer clientId=consumer-provider-service-group-1, groupId=provider-service-group] Bootstrap broker localhost:9092 (id: -1 rack: null) disconnected
2026-05-23T05:05:28.821-05:00  INFO 6649 --- [provider-service] [org.springframework.kafka.KafkaListenerEndpointContainer#0-0-C-1] org.apache.kafka.clients.NetworkClient   : [Consumer clientId=consumer-provider-service-group-1, groupId=provider-service-group] Node -1 disconnected.
2026-05-23T05:05:28.821-05:00  WARN 6649 --- [provider-service] [org.springframework.kafka.KafkaListenerEndpointContainer#0-0-C-1] org.apache.kafka.clients.NetworkClient   : [Consumer clientId=consumer-provider-service-group-1, groupId=provider-service-group] Connection to node -1 (localhost/127.0.0.1:9092) could not be established. Broker may not be available.
2026-05-23T05:05:28.822-05:00  WARN 6649 --- [provider-service] [org.springframework.kafka.KafkaListenerEndpointContainer#0-0-C-1] org.apache.kafka.clients.NetworkClient   : [Consumer clientId=consumer-provider-service-group-1, groupId=provider-service-group] Bootstrap broker localhost:9092 (id: -1 rack: null) disconnected
2026-05-23T05:05:29.879-05:00  INFO 6649 --- [provider-service] [org.springframework.kafka.KafkaListenerEndpointContainer#0-0-C-1] org.apache.kafka.clients.NetworkClient   : [Consumer clientId=consumer-provider-service-group-1, groupId=provider-service-group] Node -1 disconnected.
2026-05-23T05:05:29.879-05:00  WARN 6649 --- [provider-service] [org.springframework.kafka.KafkaListenerEndpointContainer#0-0-C-1] org.apache.kafka.clients.NetworkClient   : [Consumer clientId=consumer-provider-service-group-1, groupId=provider-service-group] Connection to node -1 (localhost/127.0.0.1:9092) could not be established. Broker may not be available.
2026-05-23T05:05:29.879-05:00  WARN 6649 --- [provider-service] [org.springframework.kafka.KafkaListenerEndpointContainer#0-0-C-1] org.apache.kafka.clients.NetworkClient   : [Consumer clientId=consumer-provider-service-group-1, groupId=provider-service-group] Bootstrap broker localhost:9092 (id: -1 rack: null) disconnected
2026-05-23T05:05:31.001-05:00  INFO 6649 --- [provider-service] [org.springframework.kafka.KafkaListenerEndpointContainer#0-0-C-1] org.apache.kafka.clients.NetworkClient   : [Consumer clientId=consumer-provider-service-group-1, groupId=provider-service-group] Node -1 disconnected.
2026-05-23T05:05:31.001-05:00  WARN 6649 --- [provider-service] [org.springframework.kafka.KafkaListenerEndpointContainer#0-0-C-1] org.apache.kafka.clients.NetworkClient   : [Consumer clientId=consumer-provider-service-group-1, groupId=provider-service-group] Connection to node -1 (localhost/127.0.0.1:9092) could not be established. Broker may not be available.
2026-05-23T05:05:31.002-05:00  WARN 6649 --- [provider-service] [org.springframework.kafka.KafkaListenerEndpointContainer#0-0-C-1] org.apache.kafka.clients.NetworkClient   : [Consumer clientId=consumer-provider-service-group-1, groupId=provider-service-group] Bootstrap broker localhost:9092 (id: -1 rack: null) disconnected
2026-05-23T05:05:32.229-05:00  INFO 6649 --- [provider-service] [org.springframework.kafka.KafkaListenerEndpointContainer#0-0-C-1] org.apache.kafka.clients.NetworkClient   : [Consumer clientId=consumer-provider-service-group-1, groupId=provider-service-group] Node -1 disconnected.
2026-05-23T05:05:32.229-05:00  WARN 6649 --- [provider-service] [org.springframework.kafka.KafkaListenerEndpointContainer#0-0-C-1] org.apache.kafka.clients.NetworkClient   : [Consumer clientId=consumer-provider-service-group-1, groupId=provider-service-group] Connection to node -1 (localhost/127.0.0.1:9092) could not be established. Broker may not be available.
2026-05-23T05:05:32.230-05:00  WARN 6649 --- [provider-service] [org.springframework.kafka.KafkaListenerEndpointContainer#0-0-C-1] org.apache.kafka.clients.NetworkClient   : [Consumer clientId=consumer-provider-service-group-1, groupId=provider-service-group] Bootstrap broker localhost:9092 (id: -1 rack: null) disconnected
2026-05-23T05:05:33.303-05:00  INFO 6649 --- [provider-service] [org.springframework.kafka.KafkaListenerEndpointContainer#0-0-C-1] org.apache.kafka.clients.NetworkClient   : [Consumer clientId=consumer-provider-service-group-1, groupId=provider-service-group] Node -1 disconnected.
2026-05-23T05:05:33.304-05:00  WARN 6649 --- [provider-service] [org.springframework.kafka.KafkaListenerEndpointContainer#0-0-C-1] org.apache.kafka.clients.NetworkClient   : [Consumer clientId=consumer-provider-service-group-1, groupId=provider-service-group] Connection to node -1 (localhost/127.0.0.1:9092) could not be established. Broker may not be available.
2026-05-23T05:05:33.304-05:00  WARN 6649 --- [provider-service] [org.springframework.kafka.KafkaListenerEndpointContainer#0-0-C-1] org.apache.kafka.clients.NetworkClient   : [Consumer clientId=consumer-provider-service-group-1, groupId=provider-service-group] Bootstrap broker localhost:9092 (id: -1 rack: null) disconnected
2026-05-23T05:05:34.479-05:00  INFO 6649 --- [provider-service] [org.springframework.kafka.KafkaListenerEndpointContainer#0-0-C-1] org.apache.kafka.clients.NetworkClient   : [Consumer clientId=consumer-provider-service-group-1, groupId=provider-service-group] Node -1 disconnected.
2026-05-23T05:05:34.479-05:00  WARN 6649 --- [provider-service] [org.springframework.kafka.KafkaListenerEndpointContainer#0-0-C-1] org.apache.kafka.clients.NetworkClient   : [Consumer clientId=consumer-provider-service-group-1, groupId=provider-service-group] Connection to node -1 (localhost/127.0.0.1:9092) could not be established. Broker may not be available.
2026-05-23T05:05:34.479-05:00  WARN 6649 --- [provider-service] [org.springframework.kafka.KafkaListenerEndpointContainer#0-0-C-1] org.apache.kafka.clients.NetworkClient   : [Consumer clientId=consumer-provider-service-group-1, groupId=provider-service-group] Bootstrap broker localhost:9092 (id: -1 rack: null) disconnected
2026-05-23T05:05:35.703-05:00  INFO 6649 --- [provider-service] [org.springframework.kafka.KafkaListenerEndpointContainer#0-0-C-1] org.apache.kafka.clients.NetworkClient   : [Consumer clientId=consumer-provider-service-group-1, groupId=provider-service-group] Node -1 disconnected.
2026-05-23T05:05:35.703-05:00  WARN 6649 --- [provider-service] [org.springframework.kafka.KafkaListenerEndpointContainer#0-0-C-1] org.apache.kafka.clients.NetworkClient   : [Consumer clientId=consumer-provider-service-group-1, groupId=provider-service-group] Connection to node -1 (localhost/127.0.0.1:9092) could not be established. Broker may not be available.
2026-05-23T05:05:35.703-05:00  WARN 6649 --- [provider-service] [org.springframework.kafka.KafkaListenerEndpointContainer#0-0-C-1] org.apache.kafka.clients.NetworkClient   : [Consumer clientId=consumer-provider-service-group-1, groupId=provider-service-group] Bootstrap broker localhost:9092 (id: -1 rack: null) disconnected
2026-05-23T05:05:36.825-05:00  INFO 6649 --- [provider-service] [org.springframework.kafka.KafkaListenerEndpointContainer#0-0-C-1] org.apache.kafka.clients.NetworkClient   : [Consumer clientId=consumer-provider-service-group-1, groupId=provider-service-group] Node -1 disconnected.
2026-05-23T05:05:36.825-05:00  WARN 6649 --- [provider-service] [org.springframework.kafka.KafkaListenerEndpointContainer#0-0-C-1] org.apache.kafka.clients.NetworkClient   : [Consumer clientId=consumer-provider-service-group-1, groupId=provider-service-group] Connection to node -1 (localhost/127.0.0.1:9092) could not be established. Broker may not be available.
2026-05-23T05:05:36.825-05:00  WARN 6649 --- [provider-service] [org.springframework.kafka.KafkaListenerEndpointContainer#0-0-C-1] org.apache.kafka.clients.NetworkClient   : [Consumer clientId=consumer-provider-service-group-1, groupId=provider-service-group] Bootstrap broker localhost:9092 (id: -1 rack: null) disconnected
2026-05-23T05:05:38.001-05:00  INFO 6649 --- [provider-service] [org.springframework.kafka.KafkaListenerEndpointContainer#0-0-C-1] org.apache.kafka.clients.NetworkClient   : [Consumer clientId=consumer-provider-service-group-1, groupId=provider-service-group] Node -1 disconnected.
2026-05-23T05:05:38.001-05:00  WARN 6649 --- [provider-service] [org.springframework.kafka.KafkaListenerEndpointContainer#0-0-C-1] org.apache.kafka.clients.NetworkClient   : [Consumer clientId=consumer-provider-service-group-1, groupId=provider-service-group] Connection to node -1 (localhost/127.0.0.1:9092) could not be established. Broker may not be available.
2026-05-23T05:05:38.001-05:00  WARN 6649 --- [provider-service] [org.springframework.kafka.KafkaListenerEndpointContainer#0-0-C-1] org.apache.kafka.clients.NetworkClient   : [Consumer clientId=consumer-provider-service-group-1, groupId=provider-service-group] Bootstrap broker localhost:9092 (id: -1 rack: null) disconnected
2026-05-23T05:05:38.921-05:00  INFO 6649 --- [provider-service] [org.springframework.kafka.KafkaListenerEndpointContainer#0-0-C-1] org.apache.kafka.clients.NetworkClient   : [Consumer clientId=consumer-provider-service-group-1, groupId=provider-service-group] Node -1 disconnected.
2026-05-23T05:05:38.922-05:00  WARN 6649 --- [provider-service] [org.springframework.kafka.KafkaListenerEndpointContainer#0-0-C-1] org.apache.kafka.clients.NetworkClient   : [Consumer clientId=consumer-provider-service-group-1, groupId=provider-service-group] Connection to node -1 (localhost/127.0.0.1:9092) could not be established. Broker may not be available.
2026-05-23T05:05:38.922-05:00  WARN 6649 --- [provider-service] [org.springframework.kafka.KafkaListenerEndpointContainer#0-0-C-1] org.apache.kafka.clients.NetworkClient   : [Consumer clientId=consumer-provider-service-group-1, groupId=provider-service-group] Bootstrap broker localhost:9092 (id: -1 rack: null) disconnected
2026-05-23T05:05:39.726-05:00  INFO 6649 --- [provider-service] [org.springframework.kafka.KafkaListenerEndpointContainer#0-0-C-1] org.apache.kafka.clients.NetworkClient   : [Consumer clientId=consumer-provider-service-group-1, groupId=provider-service-group] Node -1 disconnected.
2026-05-23T05:05:39.727-05:00  WARN 6649 --- [provider-service] [org.springframework.kafka.KafkaListenerEndpointContainer#0-0-C-1] org.apache.kafka.clients.NetworkClient   : [Consumer clientId=consumer-provider-service-group-1, groupId=provider-service-group] Connection to node -1 (localhost/127.0.0.1:9092) could not be established. Broker may not be available.
2026-05-23T05:05:39.727-05:00  WARN 6649 --- [provider-service] [org.springframework.kafka.KafkaListenerEndpointContainer#0-0-C-1] org.apache.kafka.clients.NetworkClient   : [Consumer clientId=consumer-provider-service-group-1, groupId=provider-service-group] Bootstrap broker localhost:9092 (id: -1 rack: null) disconnected
2026-05-23T05:05:40.594-05:00  INFO 6649 --- [provider-service] [org.springframework.kafka.KafkaListenerEndpointContainer#0-0-C-1] org.apache.kafka.clients.NetworkClient   : [Consumer clientId=consumer-provider-service-group-1, groupId=provider-service-group] Node -1 disconnected.
2026-05-23T05:05:40.594-05:00  WARN 6649 --- [provider-service] [org.springframework.kafka.KafkaListenerEndpointContainer#0-0-C-1] org.apache.kafka.clients.NetworkClient   : [Consumer clientId=consumer-provider-service-group-1, groupId=provider-service-group] Connection to node -1 (localhost/127.0.0.1:9092) could not be established. Broker may not be available.
2026-05-23T05:05:40.595-05:00  WARN 6649 --- [provider-service] [org.springframework.kafka.KafkaListenerEndpointContainer#0-0-C-1] org.apache.kafka.clients.NetworkClient   : [Consumer clientId=consumer-provider-service-group-1, groupId=provider-service-group] Bootstrap broker localhost:9092 (id: -1 rack: null) disconnected
2026-05-23T05:05:41.821-05:00  INFO 6649 --- [provider-service] [org.springframework.kafka.KafkaListenerEndpointContainer#0-0-C-1] org.apache.kafka.clients.NetworkClient   : [Consumer clientId=consumer-provider-service-group-1, groupId=provider-service-group] Node -1 disconnected.
2026-05-23T05:05:41.822-05:00  WARN 6649 --- [provider-service] [org.springframework.kafka.KafkaListenerEndpointContainer#0-0-C-1] org.apache.kafka.clients.NetworkClient   : [Consumer clientId=consumer-provider-service-group-1, groupId=provider-service-group] Connection to node -1 (localhost/127.0.0.1:9092) could not be established. Broker may not be available.
2026-05-23T05:05:41.822-05:00  WARN 6649 --- [provider-service] [org.springframework.kafka.KafkaListenerEndpointContainer#0-0-C-1] org.apache.kafka.clients.NetworkClient   : [Consumer clientId=consumer-provider-service-group-1, groupId=provider-service-group] Bootstrap broker localhost:9092 (id: -1 rack: null) disconnected
2026-05-23T05:05:42.995-05:00  INFO 6649 --- [provider-service] [org.springframework.kafka.KafkaListenerEndpointContainer#0-0-C-1] org.apache.kafka.clients.NetworkClient   : [Consumer clientId=consumer-provider-service-group-1, groupId=provider-service-group] Node -1 disconnected.
2026-05-23T05:05:42.996-05:00  WARN 6649 --- [provider-service] [org.springframework.kafka.KafkaListenerEndpointContainer#0-0-C-1] org.apache.kafka.clients.NetworkClient   : [Consumer clientId=consumer-provider-service-group-1, groupId=provider-service-group] Connection to node -1 (localhost/127.0.0.1:9092) could not be established. Broker may not be available.
2026-05-23T05:05:42.996-05:00  WARN 6649 --- [provider-service] [org.springframework.kafka.KafkaListenerEndpointContainer#0-0-C-1] org.apache.kafka.clients.NetworkClient   : [Consumer clientId=consumer-provider-service-group-1, groupId=provider-service-group] Bootstrap broker localhost:9092 (id: -1 rack: null) disconnected
2026-05-23T05:05:43.865-05:00  INFO 6649 --- [provider-service] [org.springframework.kafka.KafkaListenerEndpointContainer#0-0-C-1] org.apache.kafka.clients.NetworkClient   : [Consumer clientId=consumer-provider-service-group-1, groupId=provider-service-group] Node -1 disconnected.
2026-05-23T05:05:43.867-05:00  WARN 6649 --- [provider-service] [org.springframework.kafka.KafkaListenerEndpointContainer#0-0-C-1] org.apache.kafka.clients.NetworkClient   : [Consumer clientId=consumer-provider-service-group-1, groupId=provider-service-group] Connection to node -1 (localhost/127.0.0.1:9092) could not be established. Broker may not be available.
2026-05-23T05:05:43.867-05:00  WARN 6649 --- [provider-service] [org.springframework.kafka.KafkaListenerEndpointContainer#0-0-C-1] org.apache.kafka.clients.NetworkClient   : [Consumer clientId=consumer-provider-service-group-1, groupId=provider-service-group] Bootstrap broker localhost:9092 (id: -1 rack: null) disconnected
2026-05-23T05:05:44.779-05:00  INFO 6649 --- [provider-service] [org.springframework.kafka.KafkaListenerEndpointContainer#0-0-C-1] org.apache.kafka.clients.NetworkClient   : [Consumer clientId=consumer-provider-service-group-1, groupId=provider-service-group] Node -1 disconnected.
2026-05-23T05:05:44.780-05:00  WARN 6649 --- [provider-service] [org.springframework.kafka.KafkaListenerEndpointContainer#0-0-C-1] org.apache.kafka.clients.NetworkClient   : [Consumer clientId=consumer-provider-service-group-1, groupId=provider-service-group] Connection to node -1 (localhost/127.0.0.1:9092) could not be established. Broker may not be available.
2026-05-23T05:05:44.781-05:00  WARN 6649 --- [provider-service] [org.springframework.kafka.KafkaListenerEndpointContainer#0-0-C-1] org.apache.kafka.clients.NetworkClient   : [Consumer clientId=consumer-provider-service-group-1, groupId=provider-service-group] Bootstrap broker localhost:9092 (id: -1 rack: null) disconnected
2026-05-23T05:05:45.596-05:00  INFO 6649 --- [provider-service] [org.springframework.kafka.KafkaListenerEndpointContainer#0-0-C-1] org.apache.kafka.clients.NetworkClient   : [Consumer clientId=consumer-provider-service-group-1, groupId=provider-service-group] Node -1 disconnected.
2026-05-23T05:05:45.597-05:00  WARN 6649 --- [provider-service] [org.springframework.kafka.KafkaListenerEndpointContainer#0-0-C-1] org.apache.kafka.clients.NetworkClient   : [Consumer clientId=consumer-provider-service-group-1, groupId=provider-service-group] Connection to node -1 (localhost/127.0.0.1:9092) could not be established. Broker may not be available.
2026-05-23T05:05:45.597-05:00  WARN 6649 --- [provider-service] [org.springframework.kafka.KafkaListenerEndpointContainer#0-0-C-1] org.apache.kafka.clients.NetworkClient   : [Consumer clientId=consumer-provider-service-group-1, groupId=provider-service-group] Bootstrap broker localhost:9092 (id: -1 rack: null) disconnected
2026-05-23T05:05:46.823-05:00  INFO 6649 --- [provider-service] [org.springframework.kafka.KafkaListenerEndpointContainer#0-0-C-1] org.apache.kafka.clients.NetworkClient   : [Consumer clientId=consumer-provider-service-group-1, groupId=provider-service-group] Node -1 disconnected.
2026-05-23T05:05:46.824-05:00  WARN 6649 --- [provider-service] [org.springframework.kafka.KafkaListenerEndpointContainer#0-0-C-1] org.apache.kafka.clients.NetworkClient   : [Consumer clientId=consumer-provider-service-group-1, groupId=provider-service-group] Connection to node -1 (localhost/127.0.0.1:9092) could not be established. Broker may not be available.
2026-05-23T05:05:46.824-05:00  WARN 6649 --- [provider-service] [org.springframework.kafka.KafkaListenerEndpointContainer#0-0-C-1] org.apache.kafka.clients.NetworkClient   : [Consumer clientId=consumer-provider-service-group-1, groupId=provider-service-group] Bootstrap broker localhost:9092 (id: -1 rack: null) disconnected
2026-05-23T05:05:47.895-05:00  INFO 6649 --- [provider-service] [org.springframework.kafka.KafkaListenerEndpointContainer#0-0-C-1] org.apache.kafka.clients.NetworkClient   : [Consumer clientId=consumer-provider-service-group-1, groupId=provider-service-group] Node -1 disconnected.
2026-05-23T05:05:47.895-05:00  WARN 6649 --- [provider-service] [org.springframework.kafka.KafkaListenerEndpointContainer#0-0-C-1] org.apache.kafka.clients.NetworkClient   : [Consumer clientId=consumer-provider-service-group-1, groupId=provider-service-group] Connection to node -1 (localhost/127.0.0.1:9092) could not be established. Broker may not be available.
2026-05-23T05:05:47.895-05:00  WARN 6649 --- [provider-service] [org.springframework.kafka.KafkaListenerEndpointContainer#0-0-C-1] org.apache.kafka.clients.NetworkClient   : [Consumer clientId=consumer-provider-service-group-1, groupId=provider-service-group] Bootstrap broker localhost:9092 (id: -1 rack: null) disconnected
2026-05-23T05:05:48.969-05:00  INFO 6649 --- [provider-service] [org.springframework.kafka.KafkaListenerEndpointContainer#0-0-C-1] org.apache.kafka.clients.NetworkClient   : [Consumer clientId=consumer-provider-service-group-1, groupId=provider-service-group] Node -1 disconnected.
2026-05-23T05:05:48.969-05:00  WARN 6649 --- [provider-service] [org.springframework.kafka.KafkaListenerEndpointContainer#0-0-C-1] org.apache.kafka.clients.NetworkClient   : [Consumer clientId=consumer-provider-service-group-1, groupId=provider-service-group] Connection to node -1 (localhost/127.0.0.1:9092) could not be established. Broker may not be available.
2026-05-23T05:05:48.969-05:00  WARN 6649 --- [provider-service] [org.springframework.kafka.KafkaListenerEndpointContainer#0-0-C-1] org.apache.kafka.clients.NetworkClient   : [Consumer clientId=consumer-provider-service-group-1, groupId=provider-service-group] Bootstrap broker localhost:9092 (id: -1 rack: null) disconnected
2026-05-23T05:05:50.037-05:00  INFO 6649 --- [provider-service] [org.springframework.kafka.KafkaListenerEndpointContainer#0-0-C-1] org.apache.kafka.clients.NetworkClient   : [Consumer clientId=consumer-provider-service-group-1, groupId=provider-service-group] Node -1 disconnected.
2026-05-23T05:05:50.038-05:00  WARN 6649 --- [provider-service] [org.springframework.kafka.KafkaListenerEndpointContainer#0-0-C-1] org.apache.kafka.clients.NetworkClient   : [Consumer clientId=consumer-provider-service-group-1, groupId=provider-service-group] Connection to node -1 (localhost/127.0.0.1:9092) could not be established. Broker may not be available.
2026-05-23T05:05:50.038-05:00  WARN 6649 --- [provider-service] [org.springframework.kafka.KafkaListenerEndpointContainer#0-0-C-1] org.apache.kafka.clients.NetworkClient   : [Consumer clientId=consumer-provider-service-group-1, groupId=provider-service-group] Bootstrap broker localhost:9092 (id: -1 rack: null) disconnected
2026-05-23T05:05:51.162-05:00  INFO 6649 --- [provider-service] [org.springframework.kafka.KafkaListenerEndpointContainer#0-0-C-1] org.apache.kafka.clients.NetworkClient   : [Consumer clientId=consumer-provider-service-group-1, groupId=provider-service-group] Node -1 disconnected.
2026-05-23T05:05:51.163-05:00  WARN 6649 --- [provider-service] [org.springframework.kafka.KafkaListenerEndpointContainer#0-0-C-1] org.apache.kafka.clients.NetworkClient   : [Consumer clientId=consumer-provider-service-group-1, groupId=provider-service-group] Connection to node -1 (localhost/127.0.0.1:9092) could not be established. Broker may not be available.
2026-05-23T05:05:51.163-05:00  WARN 6649 --- [provider-service] [org.springframework.kafka.KafkaListenerEndpointContainer#0-0-C-1] org.apache.kafka.clients.NetworkClient   : [Consumer clientId=consumer-provider-service-group-1, groupId=provider-service-group] Bootstrap broker localhost:9092 (id: -1 rack: null) disconnected
2026-05-23T05:05:52.338-05:00  INFO 6649 --- [provider-service] [org.springframework.kafka.KafkaListenerEndpointContainer#0-0-C-1] org.apache.kafka.clients.NetworkClient   : [Consumer clientId=consumer-provider-service-group-1, groupId=provider-service-group] Node -1 disconnected.
2026-05-23T05:05:52.339-05:00  WARN 6649 --- [provider-service] [org.springframework.kafka.KafkaListenerEndpointContainer#0-0-C-1] org.apache.kafka.clients.NetworkClient   : [Consumer clientId=consumer-provider-service-group-1, groupId=provider-service-group] Connection to node -1 (localhost/127.0.0.1:9092) could not be established. Broker may not be available.
2026-05-23T05:05:52.339-05:00  WARN 6649 --- [provider-service] [org.springframework.kafka.KafkaListenerEndpointContainer#0-0-C-1] org.apache.kafka.clients.NetworkClient   : [Consumer clientId=consumer-provider-service-group-1, groupId=provider-service-group] Bootstrap broker localhost:9092 (id: -1 rack: null) disconnected
2026-05-23T05:05:53.463-05:00  INFO 6649 --- [provider-service] [org.springframework.kafka.KafkaListenerEndpointContainer#0-0-C-1] org.apache.kafka.clients.NetworkClient   : [Consumer clientId=consumer-provider-service-group-1, groupId=provider-service-group] Node -1 disconnected.
2026-05-23T05:05:53.463-05:00  WARN 6649 --- [provider-service] [org.springframework.kafka.KafkaListenerEndpointContainer#0-0-C-1] org.apache.kafka.clients.NetworkClient   : [Consumer clientId=consumer-provider-service-group-1, groupId=provider-service-group] Connection to node -1 (localhost/127.0.0.1:9092) could not be established. Broker may not be available.
2026-05-23T05:05:53.463-05:00  WARN 6649 --- [provider-service] [org.springframework.kafka.KafkaListenerEndpointContainer#0-0-C-1] org.apache.kafka.clients.NetworkClient   : [Consumer clientId=consumer-provider-service-group-1, groupId=provider-service-group] Bootstrap broker localhost:9092 (id: -1 rack: null) disconnected
2026-05-23T05:05:54.436-05:00  INFO 6649 --- [provider-service] [org.springframework.kafka.KafkaListenerEndpointContainer#0-0-C-1] org.apache.kafka.clients.NetworkClient   : [Consumer clientId=consumer-provider-service-group-1, groupId=provider-service-group] Node -1 disconnected.
2026-05-23T05:05:54.437-05:00  WARN 6649 --- [provider-service] [org.springframework.kafka.KafkaListenerEndpointContainer#0-0-C-1] org.apache.kafka.clients.NetworkClient   : [Consumer clientId=consumer-provider-service-group-1, groupId=provider-service-group] Connection to node -1 (localhost/127.0.0.1:9092) could not be established. Broker may not be available.
2026-05-23T05:05:54.437-05:00  WARN 6649 --- [provider-service] [org.springframework.kafka.KafkaListenerEndpointContainer#0-0-C-1] org.apache.kafka.clients.NetworkClient   : [Consumer clientId=consumer-provider-service-group-1, groupId=provider-service-group] Bootstrap broker localhost:9092 (id: -1 rack: null) disconnected
2026-05-23T05:05:55.549-05:00  INFO 6649 --- [provider-service] [org.springframework.kafka.KafkaListenerEndpointContainer#0-0-C-1] org.apache.kafka.clients.NetworkClient   : [Consumer clientId=consumer-provider-service-group-1, groupId=provider-service-group] Node -1 disconnected.
2026-05-23T05:05:55.550-05:00  WARN 6649 --- [provider-service] [org.springframework.kafka.KafkaListenerEndpointContainer#0-0-C-1] org.apache.kafka.clients.NetworkClient   : [Consumer clientId=consumer-provider-service-group-1, groupId=provider-service-group] Connection to node -1 (localhost/127.0.0.1:9092) could not be established. Broker may not be available.
2026-05-23T05:05:55.550-05:00  WARN 6649 --- [provider-service] [org.springframework.kafka.KafkaListenerEndpointContainer#0-0-C-1] org.apache.kafka.clients.NetworkClient   : [Consumer clientId=consumer-provider-service-group-1, groupId=provider-service-group] Bootstrap broker localhost:9092 (id: -1 rack: null) disconnected
2026-05-23T05:05:56.673-05:00  INFO 6649 --- [provider-service] [org.springframework.kafka.KafkaListenerEndpointContainer#0-0-C-1] org.apache.kafka.clients.NetworkClient   : [Consumer clientId=consumer-provider-service-group-1, groupId=provider-service-group] Node -1 disconnected.
2026-05-23T05:05:56.674-05:00  WARN 6649 --- [provider-service] [org.springframework.kafka.KafkaListenerEndpointContainer#0-0-C-1] org.apache.kafka.clients.NetworkClient   : [Consumer clientId=consumer-provider-service-group-1, groupId=provider-service-group] Connection to node -1 (localhost/127.0.0.1:9092) could not be established. Broker may not be available.
2026-05-23T05:05:56.674-05:00  WARN 6649 --- [provider-service] [org.springframework.kafka.KafkaListenerEndpointContainer#0-0-C-1] org.apache.kafka.clients.NetworkClient   : [Consumer clientId=consumer-provider-service-group-1, groupId=provider-service-group] Bootstrap broker localhost:9092 (id: -1 rack: null) disconnected
2026-05-23T05:05:57.904-05:00  INFO 6649 --- [provider-service] [org.springframework.kafka.KafkaListenerEndpointContainer#0-0-C-1] org.apache.kafka.clients.NetworkClient   : [Consumer clientId=consumer-provider-service-group-1, groupId=provider-service-group] Node -1 disconnected.
2026-05-23T05:05:57.905-05:00  WARN 6649 --- [provider-service] [org.springframework.kafka.KafkaListenerEndpointContainer#0-0-C-1] org.apache.kafka.clients.NetworkClient   : [Consumer clientId=consumer-provider-service-group-1, groupId=provider-service-group] Connection to node -1 (localhost/127.0.0.1:9092) could not be established. Broker may not be available.
2026-05-23T05:05:57.905-05:00  WARN 6649 --- [provider-service] [org.springframework.kafka.KafkaListenerEndpointContainer#0-0-C-1] org.apache.kafka.clients.NetworkClient   : [Consumer clientId=consumer-provider-service-group-1, groupId=provider-service-group] Bootstrap broker localhost:9092 (id: -1 rack: null) disconnected
2026-05-23T05:05:59.032-05:00  INFO 6649 --- [provider-service] [org.springframework.kafka.KafkaListenerEndpointContainer#0-0-C-1] org.apache.kafka.clients.NetworkClient   : [Consumer clientId=consumer-provider-service-group-1, groupId=provider-service-group] Node -1 disconnected.
2026-05-23T05:05:59.033-05:00  WARN 6649 --- [provider-service] [org.springframework.kafka.KafkaListenerEndpointContainer#0-0-C-1] org.apache.kafka.clients.NetworkClient   : [Consumer clientId=consumer-provider-service-group-1, groupId=provider-service-group] Connection to node -1 (localhost/127.0.0.1:9092) could not be established. Broker may not be available.
2026-05-23T05:05:59.033-05:00  WARN 6649 --- [provider-service] [org.springframework.kafka.KafkaListenerEndpointContainer#0-0-C-1] org.apache.kafka.clients.NetworkClient   : [Consumer clientId=consumer-provider-service-group-1, groupId=provider-service-group] Bootstrap broker localhost:9092 (id: -1 rack: null) disconnected
2026-05-23T05:06:00.092-05:00  INFO 6649 --- [provider-service] [org.springframework.kafka.KafkaListenerEndpointContainer#0-0-C-1] org.apache.kafka.clients.NetworkClient   : [Consumer clientId=consumer-provider-service-group-1, groupId=provider-service-group] Node -1 disconnected.
2026-05-23T05:06:00.093-05:00  WARN 6649 --- [provider-service] [org.springframework.kafka.KafkaListenerEndpointContainer#0-0-C-1] org.apache.kafka.clients.NetworkClient   : [Consumer clientId=consumer-provider-service-group-1, groupId=provider-service-group] Connection to node -1 (localhost/127.0.0.1:9092) could not be established. Broker may not be available.
2026-05-23T05:06:00.093-05:00  WARN 6649 --- [provider-service] [org.springframework.kafka.KafkaListenerEndpointContainer#0-0-C-1] org.apache.kafka.clients.NetworkClient   : [Consumer clientId=consumer-provider-service-group-1, groupId=provider-service-group] Bootstrap broker localhost:9092 (id: -1 rack: null) disconnected
2026-05-23T05:06:01.168-05:00  INFO 6649 --- [provider-service] [org.springframework.kafka.KafkaListenerEndpointContainer#0-0-C-1] org.apache.kafka.clients.NetworkClient   : [Consumer clientId=consumer-provider-service-group-1, groupId=provider-service-group] Node -1 disconnected.
2026-05-23T05:06:01.177-05:00  WARN 6649 --- [provider-service] [org.springframework.kafka.KafkaListenerEndpointContainer#0-0-C-1] org.apache.kafka.clients.NetworkClient   : [Consumer clientId=consumer-provider-service-group-1, groupId=provider-service-group] Connection to node -1 (localhost/127.0.0.1:9092) could not be established. Broker may not be available.
2026-05-23T05:06:01.179-05:00  WARN 6649 --- [provider-service] [org.springframework.kafka.KafkaListenerEndpointContainer#0-0-C-1] org.apache.kafka.clients.NetworkClient   : [Consumer clientId=consumer-provider-service-group-1, groupId=provider-service-group] Bootstrap broker localhost:9092 (id: -1 rack: null) disconnected
2026-05-23T05:06:02.191-05:00  INFO 6649 --- [provider-service] [org.springframework.kafka.KafkaListenerEndpointContainer#0-0-C-1] org.apache.kafka.clients.NetworkClient   : [Consumer clientId=consumer-provider-service-group-1, groupId=provider-service-group] Node -1 disconnected.
2026-05-23T05:06:02.193-05:00  WARN 6649 --- [provider-service] [org.springframework.kafka.KafkaListenerEndpointContainer#0-0-C-1] org.apache.kafka.clients.NetworkClient   : [Consumer clientId=consumer-provider-service-group-1, groupId=provider-service-group] Connection to node -1 (localhost/127.0.0.1:9092) could not be established. Broker may not be available.
2026-05-23T05:06:02.194-05:00  WARN 6649 --- [provider-service] [org.springframework.kafka.KafkaListenerEndpointContainer#0-0-C-1] org.apache.kafka.clients.NetworkClient   : [Consumer clientId=consumer-provider-service-group-1, groupId=provider-service-group] Bootstrap broker localhost:9092 (id: -1 rack: null) disconnected
2026-05-23T05:06:03.111-05:00  INFO 6649 --- [provider-service] [org.springframework.kafka.KafkaListenerEndpointContainer#0-0-C-1] org.apache.kafka.clients.NetworkClient   : [Consumer clientId=consumer-provider-service-group-1, groupId=provider-service-group] Node -1 disconnected.
2026-05-23T05:06:03.112-05:00  WARN 6649 --- [provider-service] [org.springframework.kafka.KafkaListenerEndpointContainer#0-0-C-1] org.apache.kafka.clients.NetworkClient   : [Consumer clientId=consumer-provider-service-group-1, groupId=provider-service-group] Connection to node -1 (localhost/127.0.0.1:9092) could not be established. Broker may not be available.
2026-05-23T05:06:03.112-05:00  WARN 6649 --- [provider-service] [org.springframework.kafka.KafkaListenerEndpointContainer#0-0-C-1] org.apache.kafka.clients.NetworkClient   : [Consumer clientId=consumer-provider-service-group-1, groupId=provider-service-group] Bootstrap broker localhost:9092 (id: -1 rack: null) disconnected
2026-05-23T05:06:04.237-05:00  INFO 6649 --- [provider-service] [org.springframework.kafka.KafkaListenerEndpointContainer#0-0-C-1] org.apache.kafka.clients.NetworkClient   : [Consumer clientId=consumer-provider-service-group-1, groupId=provider-service-group] Node -1 disconnected.
2026-05-23T05:06:04.238-05:00  WARN 6649 --- [provider-service] [org.springframework.kafka.KafkaListenerEndpointContainer#0-0-C-1] org.apache.kafka.clients.NetworkClient   : [Consumer clientId=consumer-provider-service-group-1, groupId=provider-service-group] Connection to node -1 (localhost/127.0.0.1:9092) could not be established. Broker may not be available.
2026-05-23T05:06:04.238-05:00  WARN 6649 --- [provider-service] [org.springframework.kafka.KafkaListenerEndpointContainer#0-0-C-1] org.apache.kafka.clients.NetworkClient   : [Consumer clientId=consumer-provider-service-group-1, groupId=provider-service-group] Bootstrap broker localhost:9092 (id: -1 rack: null) disconnected
2026-05-23T05:06:05.145-05:00  INFO 6649 --- [provider-service] [org.springframework.kafka.KafkaListenerEndpointContainer#0-0-C-1] org.apache.kafka.clients.NetworkClient   : [Consumer clientId=consumer-provider-service-group-1, groupId=provider-service-group] Node -1 disconnected.
2026-05-23T05:06:05.145-05:00  WARN 6649 --- [provider-service] [org.springframework.kafka.KafkaListenerEndpointContainer#0-0-C-1] org.apache.kafka.clients.NetworkClient   : [Consumer clientId=consumer-provider-service-group-1, groupId=provider-service-group] Connection to node -1 (localhost/127.0.0.1:9092) could not be established. Broker may not be available.
2026-05-23T05:06:05.145-05:00  WARN 6649 --- [provider-service] [org.springframework.kafka.KafkaListenerEndpointContainer#0-0-C-1] org.apache.kafka.clients.NetworkClient   : [Consumer clientId=consumer-provider-service-group-1, groupId=provider-service-group] Bootstrap broker localhost:9092 (id: -1 rack: null) disconnected
2026-05-23T05:06:06.220-05:00  INFO 6649 --- [provider-service] [org.springframework.kafka.KafkaListenerEndpointContainer#0-0-C-1] org.apache.kafka.clients.NetworkClient   : [Consumer clientId=consumer-provider-service-group-1, groupId=provider-service-group] Node -1 disconnected.
2026-05-23T05:06:06.220-05:00  WARN 6649 --- [provider-service] [org.springframework.kafka.KafkaListenerEndpointContainer#0-0-C-1] org.apache.kafka.clients.NetworkClient   : [Consumer clientId=consumer-provider-service-group-1, groupId=provider-service-group] Connection to node -1 (localhost/127.0.0.1:9092) could not be established. Broker may not be available.
2026-05-23T05:06:06.220-05:00  WARN 6649 --- [provider-service] [org.springframework.kafka.KafkaListenerEndpointContainer#0-0-C-1] org.apache.kafka.clients.NetworkClient   : [Consumer clientId=consumer-provider-service-group-1, groupId=provider-service-group] Bootstrap broker localhost:9092 (id: -1 rack: null) disconnected
2026-05-23T05:06:07.296-05:00  INFO 6649 --- [provider-service] [org.springframework.kafka.KafkaListenerEndpointContainer#0-0-C-1] org.apache.kafka.clients.NetworkClient   : [Consumer clientId=consumer-provider-service-group-1, groupId=provider-service-group] Node -1 disconnected.
2026-05-23T05:06:07.297-05:00  WARN 6649 --- [provider-service] [org.springframework.kafka.KafkaListenerEndpointContainer#0-0-C-1] org.apache.kafka.clients.NetworkClient   : [Consumer clientId=consumer-provider-service-group-1, groupId=provider-service-group] Connection to node -1 (localhost/127.0.0.1:9092) could not be established. Broker may not be available.
2026-05-23T05:06:07.298-05:00  WARN 6649 --- [provider-service] [org.springframework.kafka.KafkaListenerEndpointContainer#0-0-C-1] org.apache.kafka.clients.NetworkClient   : [Consumer clientId=consumer-provider-service-group-1, groupId=provider-service-group] Bootstrap broker localhost:9092 (id: -1 rack: null) disconnected
2026-05-23T05:06:08.368-05:00  INFO 6649 --- [provider-service] [org.springframework.kafka.KafkaListenerEndpointContainer#0-0-C-1] org.apache.kafka.clients.NetworkClient   : [Consumer clientId=consumer-provider-service-group-1, groupId=provider-service-group] Node -1 disconnected.
2026-05-23T05:06:08.369-05:00  WARN 6649 --- [provider-service] [org.springframework.kafka.KafkaListenerEndpointContainer#0-0-C-1] org.apache.kafka.clients.NetworkClient   : [Consumer clientId=consumer-provider-service-group-1, groupId=provider-service-group] Connection to node -1 (localhost/127.0.0.1:9092) could not be established. Broker may not be available.
2026-05-23T05:06:08.369-05:00  WARN 6649 --- [provider-service] [org.springframework.kafka.KafkaListenerEndpointContainer#0-0-C-1] org.apache.kafka.clients.NetworkClient   : [Consumer clientId=consumer-provider-service-group-1, groupId=provider-service-group] Bootstrap broker localhost:9092 (id: -1 rack: null) disconnected
2026-05-23T05:06:09.391-05:00  INFO 6649 --- [provider-service] [org.springframework.kafka.KafkaListenerEndpointContainer#0-0-C-1] org.apache.kafka.clients.NetworkClient   : [Consumer clientId=consumer-provider-service-group-1, groupId=provider-service-group] Node -1 disconnected.
2026-05-23T05:06:09.391-05:00  WARN 6649 --- [provider-service] [org.springframework.kafka.KafkaListenerEndpointContainer#0-0-C-1] org.apache.kafka.clients.NetworkClient   : [Consumer clientId=consumer-provider-service-group-1, groupId=provider-service-group] Connection to node -1 (localhost/127.0.0.1:9092) could not be established. Broker may not be available.
2026-05-23T05:06:09.392-05:00  WARN 6649 --- [provider-service] [org.springframework.kafka.KafkaListenerEndpointContainer#0-0-C-1] org.apache.kafka.clients.NetworkClient   : [Consumer clientId=consumer-provider-service-group-1, groupId=provider-service-group] Bootstrap broker localhost:9092 (id: -1 rack: null) disconnected
2026-05-23T05:06:10.354-05:00  INFO 6649 --- [provider-service] [org.springframework.kafka.KafkaListenerEndpointContainer#0-0-C-1] org.apache.kafka.clients.NetworkClient   : [Consumer clientId=consumer-provider-service-group-1, groupId=provider-service-group] Node -1 disconnected.
2026-05-23T05:06:10.355-05:00  WARN 6649 --- [provider-service] [org.springframework.kafka.KafkaListenerEndpointContainer#0-0-C-1] org.apache.kafka.clients.NetworkClient   : [Consumer clientId=consumer-provider-service-group-1, groupId=provider-service-group] Connection to node -1 (localhost/127.0.0.1:9092) could not be established. Broker may not be available.
2026-05-23T05:06:10.355-05:00  WARN 6649 --- [provider-service] [org.springframework.kafka.KafkaListenerEndpointContainer#0-0-C-1] org.apache.kafka.clients.NetworkClient   : [Consumer clientId=consumer-provider-service-group-1, groupId=provider-service-group] Bootstrap broker localhost:9092 (id: -1 rack: null) disconnected
2026-05-23T05:06:11.479-05:00  INFO 6649 --- [provider-service] [org.springframework.kafka.KafkaListenerEndpointContainer#0-0-C-1] org.apache.kafka.clients.NetworkClient   : [Consumer clientId=consumer-provider-service-group-1, groupId=provider-service-group] Node -1 disconnected.
2026-05-23T05:06:11.480-05:00  WARN 6649 --- [provider-service] [org.springframework.kafka.KafkaListenerEndpointContainer#0-0-C-1] org.apache.kafka.clients.NetworkClient   : [Consumer clientId=consumer-provider-service-group-1, groupId=provider-service-group] Connection to node -1 (localhost/127.0.0.1:9092) could not be established. Broker may not be available.
2026-05-23T05:06:11.480-05:00  WARN 6649 --- [provider-service] [org.springframework.kafka.KafkaListenerEndpointContainer#0-0-C-1] org.apache.kafka.clients.NetworkClient   : [Consumer clientId=consumer-provider-service-group-1, groupId=provider-service-group] Bootstrap broker localhost:9092 (id: -1 rack: null) disconnected
2026-05-23T05:06:12.394-05:00  INFO 6649 --- [provider-service] [org.springframework.kafka.KafkaListenerEndpointContainer#0-0-C-1] org.apache.kafka.clients.NetworkClient   : [Consumer clientId=consumer-provider-service-group-1, groupId=provider-service-group] Node -1 disconnected.
2026-05-23T05:06:12.394-05:00  WARN 6649 --- [provider-service] [org.springframework.kafka.KafkaListenerEndpointContainer#0-0-C-1] org.apache.kafka.clients.NetworkClient   : [Consumer clientId=consumer-provider-service-group-1, groupId=provider-service-group] Connection to node -1 (localhost/127.0.0.1:9092) could not be established. Broker may not be available.
2026-05-23T05:06:12.394-05:00  WARN 6649 --- [provider-service] [org.springframework.kafka.KafkaListenerEndpointContainer#0-0-C-1] org.apache.kafka.clients.NetworkClient   : [Consumer clientId=consumer-provider-service-group-1, groupId=provider-service-group] Bootstrap broker localhost:9092 (id: -1 rack: null) disconnected
2026-05-23T05:06:13.466-05:00  INFO 6649 --- [provider-service] [org.springframework.kafka.KafkaListenerEndpointContainer#0-0-C-1] org.apache.kafka.clients.NetworkClient   : [Consumer clientId=consumer-provider-service-group-1, groupId=provider-service-group] Node -1 disconnected.
2026-05-23T05:06:13.467-05:00  WARN 6649 --- [provider-service] [org.springframework.kafka.KafkaListenerEndpointContainer#0-0-C-1] org.apache.kafka.clients.NetworkClient   : [Consumer clientId=consumer-provider-service-group-1, groupId=provider-service-group] Connection to node -1 (localhost/127.0.0.1:9092) could not be established. Broker may not be available.
2026-05-23T05:06:13.467-05:00  WARN 6649 --- [provider-service] [org.springframework.kafka.KafkaListenerEndpointContainer#0-0-C-1] org.apache.kafka.clients.NetworkClient   : [Consumer clientId=consumer-provider-service-group-1, groupId=provider-service-group] Bootstrap broker localhost:9092 (id: -1 rack: null) disconnected
2026-05-23T05:06:14.638-05:00  INFO 6649 --- [provider-service] [org.springframework.kafka.KafkaListenerEndpointContainer#0-0-C-1] org.apache.kafka.clients.NetworkClient   : [Consumer clientId=consumer-provider-service-group-1, groupId=provider-service-group] Node -1 disconnected.
2026-05-23T05:06:14.638-05:00  WARN 6649 --- [provider-service] [org.springframework.kafka.KafkaListenerEndpointContainer#0-0-C-1] org.apache.kafka.clients.NetworkClient   : [Consumer clientId=consumer-provider-service-group-1, groupId=provider-service-group] Connection to node -1 (localhost/127.0.0.1:9092) could not be established. Broker may not be available.
2026-05-23T05:06:14.638-05:00  WARN 6649 --- [provider-service] [org.springframework.kafka.KafkaListenerEndpointContainer#0-0-C-1] org.apache.kafka.clients.NetworkClient   : [Consumer clientId=consumer-provider-service-group-1, groupId=provider-service-group] Bootstrap broker localhost:9092 (id: -1 rack: null) disconnected
2026-05-23T05:06:15.506-05:00  INFO 6649 --- [provider-service] [org.springframework.kafka.KafkaListenerEndpointContainer#0-0-C-1] org.apache.kafka.clients.NetworkClient   : [Consumer clientId=consumer-provider-service-group-1, groupId=provider-service-group] Node -1 disconnected.
2026-05-23T05:06:15.506-05:00  WARN 6649 --- [provider-service] [org.springframework.kafka.KafkaListenerEndpointContainer#0-0-C-1] org.apache.kafka.clients.NetworkClient   : [Consumer clientId=consumer-provider-service-group-1, groupId=provider-service-group] Connection to node -1 (localhost/127.0.0.1:9092) could not be established. Broker may not be available.
2026-05-23T05:06:15.506-05:00  WARN 6649 --- [provider-service] [org.springframework.kafka.KafkaListenerEndpointContainer#0-0-C-1] org.apache.kafka.clients.NetworkClient   : [Consumer clientId=consumer-provider-service-group-1, groupId=provider-service-group] Bootstrap broker localhost:9092 (id: -1 rack: null) disconnected
2026-05-23T05:06:16.421-05:00  INFO 6649 --- [provider-service] [org.springframework.kafka.KafkaListenerEndpointContainer#0-0-C-1] org.apache.kafka.clients.NetworkClient   : [Consumer clientId=consumer-provider-service-group-1, groupId=provider-service-group] Node -1 disconnected.
2026-05-23T05:06:16.421-05:00  WARN 6649 --- [provider-service] [org.springframework.kafka.KafkaListenerEndpointContainer#0-0-C-1] org.apache.kafka.clients.NetworkClient   : [Consumer clientId=consumer-provider-service-group-1, groupId=provider-service-group] Connection to node -1 (localhost/127.0.0.1:9092) could not be established. Broker may not be available.
2026-05-23T05:06:16.421-05:00  WARN 6649 --- [provider-service] [org.springframework.kafka.KafkaListenerEndpointContainer#0-0-C-1] org.apache.kafka.clients.NetworkClient   : [Consumer clientId=consumer-provider-service-group-1, groupId=provider-service-group] Bootstrap broker localhost:9092 (id: -1 rack: null) disconnected
2026-05-23T05:06:17.538-05:00  INFO 6649 --- [provider-service] [org.springframework.kafka.KafkaListenerEndpointContainer#0-0-C-1] org.apache.kafka.clients.NetworkClient   : [Consumer clientId=consumer-provider-service-group-1, groupId=provider-service-group] Node -1 disconnected.
2026-05-23T05:06:17.538-05:00  WARN 6649 --- [provider-service] [org.springframework.kafka.KafkaListenerEndpointContainer#0-0-C-1] org.apache.kafka.clients.NetworkClient   : [Consumer clientId=consumer-provider-service-group-1, groupId=provider-service-group] Connection to node -1 (localhost/127.0.0.1:9092) could not be established. Broker may not be available.
2026-05-23T05:06:17.538-05:00  WARN 6649 --- [provider-service] [org.springframework.kafka.KafkaListenerEndpointContainer#0-0-C-1] org.apache.kafka.clients.NetworkClient   : [Consumer clientId=consumer-provider-service-group-1, groupId=provider-service-group] Bootstrap broker localhost:9092 (id: -1 rack: null) disconnected
2026-05-23T05:06:18.456-05:00  INFO 6649 --- [provider-service] [org.springframework.kafka.KafkaListenerEndpointContainer#0-0-C-1] org.apache.kafka.clients.NetworkClient   : [Consumer clientId=consumer-provider-service-group-1, groupId=provider-service-group] Node -1 disconnected.
2026-05-23T05:06:18.456-05:00  WARN 6649 --- [provider-service] [org.springframework.kafka.KafkaListenerEndpointContainer#0-0-C-1] org.apache.kafka.clients.NetworkClient   : [Consumer clientId=consumer-provider-service-group-1, groupId=provider-service-group] Connection to node -1 (localhost/127.0.0.1:9092) could not be established. Broker may not be available.
2026-05-23T05:06:18.456-05:00  WARN 6649 --- [provider-service] [org.springframework.kafka.KafkaListenerEndpointContainer#0-0-C-1] org.apache.kafka.clients.NetworkClient   : [Consumer clientId=consumer-provider-service-group-1, groupId=provider-service-group] Bootstrap broker localhost:9092 (id: -1 rack: null) disconnected
2026-05-23T05:06:19.425-05:00  INFO 6649 --- [provider-service] [org.springframework.kafka.KafkaListenerEndpointContainer#0-0-C-1] org.apache.kafka.clients.NetworkClient   : [Consumer clientId=consumer-provider-service-group-1, groupId=provider-service-group] Node -1 disconnected.
2026-05-23T05:06:19.425-05:00  WARN 6649 --- [provider-service] [org.springframework.kafka.KafkaListenerEndpointContainer#0-0-C-1] org.apache.kafka.clients.NetworkClient   : [Consumer clientId=consumer-provider-service-group-1, groupId=provider-service-group] Connection to node -1 (localhost/127.0.0.1:9092) could not be established. Broker may not be available.
2026-05-23T05:06:19.425-05:00  WARN 6649 --- [provider-service] [org.springframework.kafka.KafkaListenerEndpointContainer#0-0-C-1] org.apache.kafka.clients.NetworkClient   : [Consumer clientId=consumer-provider-service-group-1, groupId=provider-service-group] Bootstrap broker localhost:9092 (id: -1 rack: null) disconnected
2026-05-23T05:06:20.505-05:00  INFO 6649 --- [provider-service] [org.springframework.kafka.KafkaListenerEndpointContainer#0-0-C-1] org.apache.kafka.clients.NetworkClient   : [Consumer clientId=consumer-provider-service-group-1, groupId=provider-service-group] Node -1 disconnected.
2026-05-23T05:06:20.506-05:00  WARN 6649 --- [provider-service] [org.springframework.kafka.KafkaListenerEndpointContainer#0-0-C-1] org.apache.kafka.clients.NetworkClient   : [Consumer clientId=consumer-provider-service-group-1, groupId=provider-service-group] Connection to node -1 (localhost/127.0.0.1:9092) could not be established. Broker may not be available.
2026-05-23T05:06:20.506-05:00  WARN 6649 --- [provider-service] [org.springframework.kafka.KafkaListenerEndpointContainer#0-0-C-1] org.apache.kafka.clients.NetworkClient   : [Consumer clientId=consumer-provider-service-group-1, groupId=provider-service-group] Bootstrap broker localhost:9092 (id: -1 rack: null) disconnected
2026-05-23T05:06:21.629-05:00  INFO 6649 --- [provider-service] [org.springframework.kafka.KafkaListenerEndpointContainer#0-0-C-1] org.apache.kafka.clients.NetworkClient   : [Consumer clientId=consumer-provider-service-group-1, groupId=provider-service-group] Node -1 disconnected.
2026-05-23T05:06:21.629-05:00  WARN 6649 --- [provider-service] [org.springframework.kafka.KafkaListenerEndpointContainer#0-0-C-1] org.apache.kafka.clients.NetworkClient   : [Consumer clientId=consumer-provider-service-group-1, groupId=provider-service-group] Connection to node -1 (localhost/127.0.0.1:9092) could not be established. Broker may not be available.
2026-05-23T05:06:21.629-05:00  WARN 6649 --- [provider-service] [org.springframework.kafka.KafkaListenerEndpointContainer#0-0-C-1] org.apache.kafka.clients.NetworkClient   : [Consumer clientId=consumer-provider-service-group-1, groupId=provider-service-group] Bootstrap broker localhost:9092 (id: -1 rack: null) disconnected
2026-05-23T05:06:22.801-05:00  INFO 6649 --- [provider-service] [org.springframework.kafka.KafkaListenerEndpointContainer#0-0-C-1] org.apache.kafka.clients.NetworkClient   : [Consumer clientId=consumer-provider-service-group-1, groupId=provider-service-group] Node -1 disconnected.
2026-05-23T05:06:22.801-05:00  WARN 6649 --- [provider-service] [org.springframework.kafka.KafkaListenerEndpointContainer#0-0-C-1] org.apache.kafka.clients.NetworkClient   : [Consumer clientId=consumer-provider-service-group-1, groupId=provider-service-group] Connection to node -1 (localhost/127.0.0.1:9092) could not be established. Broker may not be available.
2026-05-23T05:06:22.802-05:00  WARN 6649 --- [provider-service] [org.springframework.kafka.KafkaListenerEndpointContainer#0-0-C-1] org.apache.kafka.clients.NetworkClient   : [Consumer clientId=consumer-provider-service-group-1, groupId=provider-service-group] Bootstrap broker localhost:9092 (id: -1 rack: null) disconnected
2026-05-23T05:06:23.668-05:00  INFO 6649 --- [provider-service] [org.springframework.kafka.KafkaListenerEndpointContainer#0-0-C-1] org.apache.kafka.clients.NetworkClient   : [Consumer clientId=consumer-provider-service-group-1, groupId=provider-service-group] Node -1 disconnected.
2026-05-23T05:06:23.668-05:00  WARN 6649 --- [provider-service] [org.springframework.kafka.KafkaListenerEndpointContainer#0-0-C-1] org.apache.kafka.clients.NetworkClient   : [Consumer clientId=consumer-provider-service-group-1, groupId=provider-service-group] Connection to node -1 (localhost/127.0.0.1:9092) could not be established. Broker may not be available.
2026-05-23T05:06:23.668-05:00  WARN 6649 --- [provider-service] [org.springframework.kafka.KafkaListenerEndpointContainer#0-0-C-1] org.apache.kafka.clients.NetworkClient   : [Consumer clientId=consumer-provider-service-group-1, groupId=provider-service-group] Bootstrap broker localhost:9092 (id: -1 rack: null) disconnected
2026-05-23T05:06:24.793-05:00  INFO 6649 --- [provider-service] [org.springframework.kafka.KafkaListenerEndpointContainer#0-0-C-1] org.apache.kafka.clients.NetworkClient   : [Consumer clientId=consumer-provider-service-group-1, groupId=provider-service-group] Node -1 disconnected.
2026-05-23T05:06:24.794-05:00  WARN 6649 --- [provider-service] [org.springframework.kafka.KafkaListenerEndpointContainer#0-0-C-1] org.apache.kafka.clients.NetworkClient   : [Consumer clientId=consumer-provider-service-group-1, groupId=provider-service-group] Connection to node -1 (localhost/127.0.0.1:9092) could not be established. Broker may not be available.
2026-05-23T05:06:24.794-05:00  WARN 6649 --- [provider-service] [org.springframework.kafka.KafkaListenerEndpointContainer#0-0-C-1] org.apache.kafka.clients.NetworkClient   : [Consumer clientId=consumer-provider-service-group-1, groupId=provider-service-group] Bootstrap broker localhost:9092 (id: -1 rack: null) disconnected
2026-05-23T05:06:25.660-05:00  INFO 6649 --- [provider-service] [org.springframework.kafka.KafkaListenerEndpointContainer#0-0-C-1] org.apache.kafka.clients.NetworkClient   : [Consumer clientId=consumer-provider-service-group-1, groupId=provider-service-group] Node -1 disconnected.
2026-05-23T05:06:25.660-05:00  WARN 6649 --- [provider-service] [org.springframework.kafka.KafkaListenerEndpointContainer#0-0-C-1] org.apache.kafka.clients.NetworkClient   : [Consumer clientId=consumer-provider-service-group-1, groupId=provider-service-group] Connection to node -1 (localhost/127.0.0.1:9092) could not be established. Broker may not be available.
2026-05-23T05:06:25.660-05:00  WARN 6649 --- [provider-service] [org.springframework.kafka.KafkaListenerEndpointContainer#0-0-C-1] org.apache.kafka.clients.NetworkClient   : [Consumer clientId=consumer-provider-service-group-1, groupId=provider-service-group] Bootstrap broker localhost:9092 (id: -1 rack: null) disconnected
2026-05-23T05:06:26.836-05:00  INFO 6649 --- [provider-service] [org.springframework.kafka.KafkaListenerEndpointContainer#0-0-C-1] org.apache.kafka.clients.NetworkClient   : [Consumer clientId=consumer-provider-service-group-1, groupId=provider-service-group] Node -1 disconnected.
2026-05-23T05:06:26.836-05:00  WARN 6649 --- [provider-service] [org.springframework.kafka.KafkaListenerEndpointContainer#0-0-C-1] org.apache.kafka.clients.NetworkClient   : [Consumer clientId=consumer-provider-service-group-1, groupId=provider-service-group] Connection to node -1 (localhost/127.0.0.1:9092) could not be established. Broker may not be available.
2026-05-23T05:06:26.836-05:00  WARN 6649 --- [provider-service] [org.springframework.kafka.KafkaListenerEndpointContainer#0-0-C-1] org.apache.kafka.clients.NetworkClient   : [Consumer clientId=consumer-provider-service-group-1, groupId=provider-service-group] Bootstrap broker localhost:9092 (id: -1 rack: null) disconnected
2026-05-23T05:06:27.806-05:00  INFO 6649 --- [provider-service] [org.springframework.kafka.KafkaListenerEndpointContainer#0-0-C-1] org.apache.kafka.clients.NetworkClient   : [Consumer clientId=consumer-provider-service-group-1, groupId=provider-service-group] Node -1 disconnected.
2026-05-23T05:06:27.806-05:00  WARN 6649 --- [provider-service] [org.springframework.kafka.KafkaListenerEndpointContainer#0-0-C-1] org.apache.kafka.clients.NetworkClient   : [Consumer clientId=consumer-provider-service-group-1, groupId=provider-service-group] Connection to node -1 (localhost/127.0.0.1:9092) could not be established. Broker may not be available.
2026-05-23T05:06:27.806-05:00  WARN 6649 --- [provider-service] [org.springframework.kafka.KafkaListenerEndpointContainer#0-0-C-1] org.apache.kafka.clients.NetworkClient   : [Consumer clientId=consumer-provider-service-group-1, groupId=provider-service-group] Bootstrap broker localhost:9092 (id: -1 rack: null) disconnected
2026-05-23T05:06:28.984-05:00  INFO 6649 --- [provider-service] [org.springframework.kafka.KafkaListenerEndpointContainer#0-0-C-1] org.apache.kafka.clients.NetworkClient   : [Consumer clientId=consumer-provider-service-group-1, groupId=provider-service-group] Node -1 disconnected.
2026-05-23T05:06:28.985-05:00  WARN 6649 --- [provider-service] [org.springframework.kafka.KafkaListenerEndpointContainer#0-0-C-1] org.apache.kafka.clients.NetworkClient   : [Consumer clientId=consumer-provider-service-group-1, groupId=provider-service-group] Connection to node -1 (localhost/127.0.0.1:9092) could not be established. Broker may not be available.
2026-05-23T05:06:28.986-05:00  WARN 6649 --- [provider-service] [org.springframework.kafka.KafkaListenerEndpointContainer#0-0-C-1] org.apache.kafka.clients.NetworkClient   : [Consumer clientId=consumer-provider-service-group-1, groupId=provider-service-group] Bootstrap broker localhost:9092 (id: -1 rack: null) disconnected
2026-05-23T05:06:30.052-05:00  INFO 6649 --- [provider-service] [org.springframework.kafka.KafkaListenerEndpointContainer#0-0-C-1] org.apache.kafka.clients.NetworkClient   : [Consumer clientId=consumer-provider-service-group-1, groupId=provider-service-group] Node -1 disconnected.
2026-05-23T05:06:30.053-05:00  WARN 6649 --- [provider-service] [org.springframework.kafka.KafkaListenerEndpointContainer#0-0-C-1] org.apache.kafka.clients.NetworkClient   : [Consumer clientId=consumer-provider-service-group-1, groupId=provider-service-group] Connection to node -1 (localhost/127.0.0.1:9092) could not be established. Broker may not be available.
2026-05-23T05:06:30.053-05:00  WARN 6649 --- [provider-service] [org.springframework.kafka.KafkaListenerEndpointContainer#0-0-C-1] org.apache.kafka.clients.NetworkClient   : [Consumer clientId=consumer-provider-service-group-1, groupId=provider-service-group] Bootstrap broker localhost:9092 (id: -1 rack: null) disconnected
2026-05-23T05:06:31.072-05:00  INFO 6649 --- [provider-service] [org.springframework.kafka.KafkaListenerEndpointContainer#0-0-C-1] org.apache.kafka.clients.NetworkClient   : [Consumer clientId=consumer-provider-service-group-1, groupId=provider-service-group] Node -1 disconnected.
2026-05-23T05:06:31.072-05:00  WARN 6649 --- [provider-service] [org.springframework.kafka.KafkaListenerEndpointContainer#0-0-C-1] org.apache.kafka.clients.NetworkClient   : [Consumer clientId=consumer-provider-service-group-1, groupId=provider-service-group] Connection to node -1 (localhost/127.0.0.1:9092) could not be established. Broker may not be available.
2026-05-23T05:06:31.072-05:00  WARN 6649 --- [provider-service] [org.springframework.kafka.KafkaListenerEndpointContainer#0-0-C-1] org.apache.kafka.clients.NetworkClient   : [Consumer clientId=consumer-provider-service-group-1, groupId=provider-service-group] Bootstrap broker localhost:9092 (id: -1 rack: null) disconnected
2026-05-23T05:06:32.143-05:00  INFO 6649 --- [provider-service] [org.springframework.kafka.KafkaListenerEndpointContainer#0-0-C-1] org.apache.kafka.clients.NetworkClient   : [Consumer clientId=consumer-provider-service-group-1, groupId=provider-service-group] Node -1 disconnected.
2026-05-23T05:06:32.143-05:00  WARN 6649 --- [provider-service] [org.springframework.kafka.KafkaListenerEndpointContainer#0-0-C-1] org.apache.kafka.clients.NetworkClient   : [Consumer clientId=consumer-provider-service-group-1, groupId=provider-service-group] Connection to node -1 (localhost/127.0.0.1:9092) could not be established. Broker may not be available.
2026-05-23T05:06:32.143-05:00  WARN 6649 --- [provider-service] [org.springframework.kafka.KafkaListenerEndpointContainer#0-0-C-1] org.apache.kafka.clients.NetworkClient   : [Consumer clientId=consumer-provider-service-group-1, groupId=provider-service-group] Bootstrap broker localhost:9092 (id: -1 rack: null) disconnected
2026-05-23T05:06:33.264-05:00  INFO 6649 --- [provider-service] [org.springframework.kafka.KafkaListenerEndpointContainer#0-0-C-1] org.apache.kafka.clients.NetworkClient   : [Consumer clientId=consumer-provider-service-group-1, groupId=provider-service-group] Node -1 disconnected.
2026-05-23T05:06:33.265-05:00  WARN 6649 --- [provider-service] [org.springframework.kafka.KafkaListenerEndpointContainer#0-0-C-1] org.apache.kafka.clients.NetworkClient   : [Consumer clientId=consumer-provider-service-group-1, groupId=provider-service-group] Connection to node -1 (localhost/127.0.0.1:9092) could not be established. Broker may not be available.
2026-05-23T05:06:33.265-05:00  WARN 6649 --- [provider-service] [org.springframework.kafka.KafkaListenerEndpointContainer#0-0-C-1] org.apache.kafka.clients.NetworkClient   : [Consumer clientId=consumer-provider-service-group-1, groupId=provider-service-group] Bootstrap broker localhost:9092 (id: -1 rack: null) disconnected
2026-05-23T05:06:34.286-05:00  INFO 6649 --- [provider-service] [org.springframework.kafka.KafkaListenerEndpointContainer#0-0-C-1] org.apache.kafka.clients.NetworkClient   : [Consumer clientId=consumer-provider-service-group-1, groupId=provider-service-group] Node -1 disconnected.
2026-05-23T05:06:34.287-05:00  WARN 6649 --- [provider-service] [org.springframework.kafka.KafkaListenerEndpointContainer#0-0-C-1] org.apache.kafka.clients.NetworkClient   : [Consumer clientId=consumer-provider-service-group-1, groupId=provider-service-group] Connection to node -1 (localhost/127.0.0.1:9092) could not be established. Broker may not be available.
2026-05-23T05:06:34.287-05:00  WARN 6649 --- [provider-service] [org.springframework.kafka.KafkaListenerEndpointContainer#0-0-C-1] org.apache.kafka.clients.NetworkClient   : [Consumer clientId=consumer-provider-service-group-1, groupId=provider-service-group] Bootstrap broker localhost:9092 (id: -1 rack: null) disconnected
2026-05-23T05:06:35.156-05:00  INFO 6649 --- [provider-service] [org.springframework.kafka.KafkaListenerEndpointContainer#0-0-C-1] org.apache.kafka.clients.NetworkClient   : [Consumer clientId=consumer-provider-service-group-1, groupId=provider-service-group] Node -1 disconnected.
2026-05-23T05:06:35.156-05:00  WARN 6649 --- [provider-service] [org.springframework.kafka.KafkaListenerEndpointContainer#0-0-C-1] org.apache.kafka.clients.NetworkClient   : [Consumer clientId=consumer-provider-service-group-1, groupId=provider-service-group] Connection to node -1 (localhost/127.0.0.1:9092) could not be established. Broker may not be available.
2026-05-23T05:06:35.157-05:00  WARN 6649 --- [provider-service] [org.springframework.kafka.KafkaListenerEndpointContainer#0-0-C-1] org.apache.kafka.clients.NetworkClient   : [Consumer clientId=consumer-provider-service-group-1, groupId=provider-service-group] Bootstrap broker localhost:9092 (id: -1 rack: null) disconnected
2026-05-23T05:06:36.227-05:00  INFO 6649 --- [provider-service] [org.springframework.kafka.KafkaListenerEndpointContainer#0-0-C-1] org.apache.kafka.clients.NetworkClient   : [Consumer clientId=consumer-provider-service-group-1, groupId=provider-service-group] Node -1 disconnected.
2026-05-23T05:06:36.227-05:00  WARN 6649 --- [provider-service] [org.springframework.kafka.KafkaListenerEndpointContainer#0-0-C-1] org.apache.kafka.clients.NetworkClient   : [Consumer clientId=consumer-provider-service-group-1, groupId=provider-service-group] Connection to node -1 (localhost/127.0.0.1:9092) could not be established. Broker may not be available.
2026-05-23T05:06:36.227-05:00  WARN 6649 --- [provider-service] [org.springframework.kafka.KafkaListenerEndpointContainer#0-0-C-1] org.apache.kafka.clients.NetworkClient   : [Consumer clientId=consumer-provider-service-group-1, groupId=provider-service-group] Bootstrap broker localhost:9092 (id: -1 rack: null) disconnected
2026-05-23T05:06:37.249-05:00  INFO 6649 --- [provider-service] [org.springframework.kafka.KafkaListenerEndpointContainer#0-0-C-1] org.apache.kafka.clients.NetworkClient   : [Consumer clientId=consumer-provider-service-group-1, groupId=provider-service-group] Node -1 disconnected.
2026-05-23T05:06:37.249-05:00  WARN 6649 --- [provider-service] [org.springframework.kafka.KafkaListenerEndpointContainer#0-0-C-1] org.apache.kafka.clients.NetworkClient   : [Consumer clientId=consumer-provider-service-group-1, groupId=provider-service-group] Connection to node -1 (localhost/127.0.0.1:9092) could not be established. Broker may not be available.
2026-05-23T05:06:37.249-05:00  WARN 6649 --- [provider-service] [org.springframework.kafka.KafkaListenerEndpointContainer#0-0-C-1] org.apache.kafka.clients.NetworkClient   : [Consumer clientId=consumer-provider-service-group-1, groupId=provider-service-group] Bootstrap broker localhost:9092 (id: -1 rack: null) disconnected
2026-05-23T05:06:38.167-05:00  INFO 6649 --- [provider-service] [org.springframework.kafka.KafkaListenerEndpointContainer#0-0-C-1] org.apache.kafka.clients.NetworkClient   : [Consumer clientId=consumer-provider-service-group-1, groupId=provider-service-group] Node -1 disconnected.
2026-05-23T05:06:38.167-05:00  WARN 6649 --- [provider-service] [org.springframework.kafka.KafkaListenerEndpointContainer#0-0-C-1] org.apache.kafka.clients.NetworkClient   : [Consumer clientId=consumer-provider-service-group-1, groupId=provider-service-group] Connection to node -1 (localhost/127.0.0.1:9092) could not be established. Broker may not be available.
2026-05-23T05:06:38.167-05:00  WARN 6649 --- [provider-service] [org.springframework.kafka.KafkaListenerEndpointContainer#0-0-C-1] org.apache.kafka.clients.NetworkClient   : [Consumer clientId=consumer-provider-service-group-1, groupId=provider-service-group] Bootstrap broker localhost:9092 (id: -1 rack: null) disconnected
2026-05-23T05:06:39.190-05:00  INFO 6649 --- [provider-service] [org.springframework.kafka.KafkaListenerEndpointContainer#0-0-C-1] org.apache.kafka.clients.NetworkClient   : [Consumer clientId=consumer-provider-service-group-1, groupId=provider-service-group] Node -1 disconnected.
2026-05-23T05:06:39.191-05:00  WARN 6649 --- [provider-service] [org.springframework.kafka.KafkaListenerEndpointContainer#0-0-C-1] org.apache.kafka.clients.NetworkClient   : [Consumer clientId=consumer-provider-service-group-1, groupId=provider-service-group] Connection to node -1 (localhost/127.0.0.1:9092) could not be established. Broker may not be available.
2026-05-23T05:06:39.191-05:00  WARN 6649 --- [provider-service] [org.springframework.kafka.KafkaListenerEndpointContainer#0-0-C-1] org.apache.kafka.clients.NetworkClient   : [Consumer clientId=consumer-provider-service-group-1, groupId=provider-service-group] Bootstrap broker localhost:9092 (id: -1 rack: null) disconnected
2026-05-23T05:06:40.212-05:00  INFO 6649 --- [provider-service] [org.springframework.kafka.KafkaListenerEndpointContainer#0-0-C-1] org.apache.kafka.clients.NetworkClient   : [Consumer clientId=consumer-provider-service-group-1, groupId=provider-service-group] Node -1 disconnected.
2026-05-23T05:06:40.212-05:00  WARN 6649 --- [provider-service] [org.springframework.kafka.KafkaListenerEndpointContainer#0-0-C-1] org.apache.kafka.clients.NetworkClient   : [Consumer clientId=consumer-provider-service-group-1, groupId=provider-service-group] Connection to node -1 (localhost/127.0.0.1:9092) could not be established. Broker may not be available.
2026-05-23T05:06:40.213-05:00  WARN 6649 --- [provider-service] [org.springframework.kafka.KafkaListenerEndpointContainer#0-0-C-1] org.apache.kafka.clients.NetworkClient   : [Consumer clientId=consumer-provider-service-group-1, groupId=provider-service-group] Bootstrap broker localhost:9092 (id: -1 rack: null) disconnected
2026-05-23T05:06:41.079-05:00  INFO 6649 --- [provider-service] [org.springframework.kafka.KafkaListenerEndpointContainer#0-0-C-1] org.apache.kafka.clients.NetworkClient   : [Consumer clientId=consumer-provider-service-group-1, groupId=provider-service-group] Node -1 disconnected.
2026-05-23T05:06:41.079-05:00  WARN 6649 --- [provider-service] [org.springframework.kafka.KafkaListenerEndpointContainer#0-0-C-1] org.apache.kafka.clients.NetworkClient   : [Consumer clientId=consumer-provider-service-group-1, groupId=provider-service-group] Connection to node -1 (localhost/127.0.0.1:9092) could not be established. Broker may not be available.
2026-05-23T05:06:41.079-05:00  WARN 6649 --- [provider-service] [org.springframework.kafka.KafkaListenerEndpointContainer#0-0-C-1] org.apache.kafka.clients.NetworkClient   : [Consumer clientId=consumer-provider-service-group-1, groupId=provider-service-group] Bootstrap broker localhost:9092 (id: -1 rack: null) disconnected
2026-05-23T05:06:42.050-05:00  INFO 6649 --- [provider-service] [org.springframework.kafka.KafkaListenerEndpointContainer#0-0-C-1] org.apache.kafka.clients.NetworkClient   : [Consumer clientId=consumer-provider-service-group-1, groupId=provider-service-group] Node -1 disconnected.
2026-05-23T05:06:42.051-05:00  WARN 6649 --- [provider-service] [org.springframework.kafka.KafkaListenerEndpointContainer#0-0-C-1] org.apache.kafka.clients.NetworkClient   : [Consumer clientId=consumer-provider-service-group-1, groupId=provider-service-group] Connection to node -1 (localhost/127.0.0.1:9092) could not be established. Broker may not be available.
2026-05-23T05:06:42.051-05:00  WARN 6649 --- [provider-service] [org.springframework.kafka.KafkaListenerEndpointContainer#0-0-C-1] org.apache.kafka.clients.NetworkClient   : [Consumer clientId=consumer-provider-service-group-1, groupId=provider-service-group] Bootstrap broker localhost:9092 (id: -1 rack: null) disconnected
2026-05-23T05:06:43.123-05:00  INFO 6649 --- [provider-service] [org.springframework.kafka.KafkaListenerEndpointContainer#0-0-C-1] org.apache.kafka.clients.NetworkClient   : [Consumer clientId=consumer-provider-service-group-1, groupId=provider-service-group] Node -1 disconnected.
2026-05-23T05:06:43.124-05:00  WARN 6649 --- [provider-service] [org.springframework.kafka.KafkaListenerEndpointContainer#0-0-C-1] org.apache.kafka.clients.NetworkClient   : [Consumer clientId=consumer-provider-service-group-1, groupId=provider-service-group] Connection to node -1 (localhost/127.0.0.1:9092) could not be established. Broker may not be available.
2026-05-23T05:06:43.124-05:00  WARN 6649 --- [provider-service] [org.springframework.kafka.KafkaListenerEndpointContainer#0-0-C-1] org.apache.kafka.clients.NetworkClient   : [Consumer clientId=consumer-provider-service-group-1, groupId=provider-service-group] Bootstrap broker localhost:9092 (id: -1 rack: null) disconnected
2026-05-23T05:06:44.093-05:00  INFO 6649 --- [provider-service] [org.springframework.kafka.KafkaListenerEndpointContainer#0-0-C-1] org.apache.kafka.clients.NetworkClient   : [Consumer clientId=consumer-provider-service-group-1, groupId=provider-service-group] Node -1 disconnected.
2026-05-23T05:06:44.095-05:00  WARN 6649 --- [provider-service] [org.springframework.kafka.KafkaListenerEndpointContainer#0-0-C-1] org.apache.kafka.clients.NetworkClient   : [Consumer clientId=consumer-provider-service-group-1, groupId=provider-service-group] Connection to node -1 (localhost/127.0.0.1:9092) could not be established. Broker may not be available.
2026-05-23T05:06:44.095-05:00  WARN 6649 --- [provider-service] [org.springframework.kafka.KafkaListenerEndpointContainer#0-0-C-1] org.apache.kafka.clients.NetworkClient   : [Consumer clientId=consumer-provider-service-group-1, groupId=provider-service-group] Bootstrap broker localhost:9092 (id: -1 rack: null) disconnected
2026-05-23T05:06:45.007-05:00  INFO 6649 --- [provider-service] [org.springframework.kafka.KafkaListenerEndpointContainer#0-0-C-1] org.apache.kafka.clients.NetworkClient   : [Consumer clientId=consumer-provider-service-group-1, groupId=provider-service-group] Node -1 disconnected.
2026-05-23T05:06:45.007-05:00  WARN 6649 --- [provider-service] [org.springframework.kafka.KafkaListenerEndpointContainer#0-0-C-1] org.apache.kafka.clients.NetworkClient   : [Consumer clientId=consumer-provider-service-group-1, groupId=provider-service-group] Connection to node -1 (localhost/127.0.0.1:9092) could not be established. Broker may not be available.
2026-05-23T05:06:45.007-05:00  WARN 6649 --- [provider-service] [org.springframework.kafka.KafkaListenerEndpointContainer#0-0-C-1] org.apache.kafka.clients.NetworkClient   : [Consumer clientId=consumer-provider-service-group-1, groupId=provider-service-group] Bootstrap broker localhost:9092 (id: -1 rack: null) disconnected
2026-05-23T05:06:46.181-05:00  INFO 6649 --- [provider-service] [org.springframework.kafka.KafkaListenerEndpointContainer#0-0-C-1] org.apache.kafka.clients.NetworkClient   : [Consumer clientId=consumer-provider-service-group-1, groupId=provider-service-group] Node -1 disconnected.
2026-05-23T05:06:46.181-05:00  WARN 6649 --- [provider-service] [org.springframework.kafka.KafkaListenerEndpointContainer#0-0-C-1] org.apache.kafka.clients.NetworkClient   : [Consumer clientId=consumer-provider-service-group-1, groupId=provider-service-group] Connection to node -1 (localhost/127.0.0.1:9092) could not be established. Broker may not be available.
2026-05-23T05:06:46.181-05:00  WARN 6649 --- [provider-service] [org.springframework.kafka.KafkaListenerEndpointContainer#0-0-C-1] org.apache.kafka.clients.NetworkClient   : [Consumer clientId=consumer-provider-service-group-1, groupId=provider-service-group] Bootstrap broker localhost:9092 (id: -1 rack: null) disconnected
2026-05-23T05:06:47.355-05:00  INFO 6649 --- [provider-service] [org.springframework.kafka.KafkaListenerEndpointContainer#0-0-C-1] org.apache.kafka.clients.NetworkClient   : [Consumer clientId=consumer-provider-service-group-1, groupId=provider-service-group] Node -1 disconnected.
2026-05-23T05:06:47.356-05:00  WARN 6649 --- [provider-service] [org.springframework.kafka.KafkaListenerEndpointContainer#0-0-C-1] org.apache.kafka.clients.NetworkClient   : [Consumer clientId=consumer-provider-service-group-1, groupId=provider-service-group] Connection to node -1 (localhost/127.0.0.1:9092) could not be established. Broker may not be available.
2026-05-23T05:06:47.356-05:00  WARN 6649 --- [provider-service] [org.springframework.kafka.KafkaListenerEndpointContainer#0-0-C-1] org.apache.kafka.clients.NetworkClient   : [Consumer clientId=consumer-provider-service-group-1, groupId=provider-service-group] Bootstrap broker localhost:9092 (id: -1 rack: null) disconnected
2026-05-23T05:06:48.171-05:00  INFO 6649 --- [provider-service] [org.springframework.kafka.KafkaListenerEndpointContainer#0-0-C-1] org.apache.kafka.clients.NetworkClient   : [Consumer clientId=consumer-provider-service-group-1, groupId=provider-service-group] Node -1 disconnected.
2026-05-23T05:06:48.171-05:00  WARN 6649 --- [provider-service] [org.springframework.kafka.KafkaListenerEndpointContainer#0-0-C-1] org.apache.kafka.clients.NetworkClient   : [Consumer clientId=consumer-provider-service-group-1, groupId=provider-service-group] Connection to node -1 (localhost/127.0.0.1:9092) could not be established. Broker may not be available.
2026-05-23T05:06:48.172-05:00  WARN 6649 --- [provider-service] [org.springframework.kafka.KafkaListenerEndpointContainer#0-0-C-1] org.apache.kafka.clients.NetworkClient   : [Consumer clientId=consumer-provider-service-group-1, groupId=provider-service-group] Bootstrap broker localhost:9092 (id: -1 rack: null) disconnected
2026-05-23T05:06:49.347-05:00  INFO 6649 --- [provider-service] [org.springframework.kafka.KafkaListenerEndpointContainer#0-0-C-1] org.apache.kafka.clients.NetworkClient   : [Consumer clientId=consumer-provider-service-group-1, groupId=provider-service-group] Node -1 disconnected.
2026-05-23T05:06:49.348-05:00  WARN 6649 --- [provider-service] [org.springframework.kafka.KafkaListenerEndpointContainer#0-0-C-1] org.apache.kafka.clients.NetworkClient   : [Consumer clientId=consumer-provider-service-group-1, groupId=provider-service-group] Connection to node -1 (localhost/127.0.0.1:9092) could not be established. Broker may not be available.
2026-05-23T05:06:49.348-05:00  WARN 6649 --- [provider-service] [org.springframework.kafka.KafkaListenerEndpointContainer#0-0-C-1] org.apache.kafka.clients.NetworkClient   : [Consumer clientId=consumer-provider-service-group-1, groupId=provider-service-group] Bootstrap broker localhost:9092 (id: -1 rack: null) disconnected
2026-05-23T05:06:50.524-05:00  INFO 6649 --- [provider-service] [org.springframework.kafka.KafkaListenerEndpointContainer#0-0-C-1] org.apache.kafka.clients.NetworkClient   : [Consumer clientId=consumer-provider-service-group-1, groupId=provider-service-group] Node -1 disconnected.
2026-05-23T05:06:50.525-05:00  WARN 6649 --- [provider-service] [org.springframework.kafka.KafkaListenerEndpointContainer#0-0-C-1] org.apache.kafka.clients.NetworkClient   : [Consumer clientId=consumer-provider-service-group-1, groupId=provider-service-group] Connection to node -1 (localhost/127.0.0.1:9092) could not be established. Broker may not be available.
2026-05-23T05:06:50.525-05:00  WARN 6649 --- [provider-service] [org.springframework.kafka.KafkaListenerEndpointContainer#0-0-C-1] org.apache.kafka.clients.NetworkClient   : [Consumer clientId=consumer-provider-service-group-1, groupId=provider-service-group] Bootstrap broker localhost:9092 (id: -1 rack: null) disconnected
2026-05-23T05:06:51.600-05:00  INFO 6649 --- [provider-service] [org.springframework.kafka.KafkaListenerEndpointContainer#0-0-C-1] org.apache.kafka.clients.NetworkClient   : [Consumer clientId=consumer-provider-service-group-1, groupId=provider-service-group] Node -1 disconnected.
2026-05-23T05:06:51.600-05:00  WARN 6649 --- [provider-service] [org.springframework.kafka.KafkaListenerEndpointContainer#0-0-C-1] org.apache.kafka.clients.NetworkClient   : [Consumer clientId=consumer-provider-service-group-1, groupId=provider-service-group] Connection to node -1 (localhost/127.0.0.1:9092) could not be established. Broker may not be available.
2026-05-23T05:06:51.600-05:00  WARN 6649 --- [provider-service] [org.springframework.kafka.KafkaListenerEndpointContainer#0-0-C-1] org.apache.kafka.clients.NetworkClient   : [Consumer clientId=consumer-provider-service-group-1, groupId=provider-service-group] Bootstrap broker localhost:9092 (id: -1 rack: null) disconnected
2026-05-23T05:06:52.776-05:00  INFO 6649 --- [provider-service] [org.springframework.kafka.KafkaListenerEndpointContainer#0-0-C-1] org.apache.kafka.clients.NetworkClient   : [Consumer clientId=consumer-provider-service-group-1, groupId=provider-service-group] Node -1 disconnected.
2026-05-23T05:06:52.777-05:00  WARN 6649 --- [provider-service] [org.springframework.kafka.KafkaListenerEndpointContainer#0-0-C-1] org.apache.kafka.clients.NetworkClient   : [Consumer clientId=consumer-provider-service-group-1, groupId=provider-service-group] Connection to node -1 (localhost/127.0.0.1:9092) could not be established. Broker may not be available.
2026-05-23T05:06:52.777-05:00  WARN 6649 --- [provider-service] [org.springframework.kafka.KafkaListenerEndpointContainer#0-0-C-1] org.apache.kafka.clients.NetworkClient   : [Consumer clientId=consumer-provider-service-group-1, groupId=provider-service-group] Bootstrap broker localhost:9092 (id: -1 rack: null) disconnected
2026-05-23T05:06:53.951-05:00  INFO 6649 --- [provider-service] [org.springframework.kafka.KafkaListenerEndpointContainer#0-0-C-1] org.apache.kafka.clients.NetworkClient   : [Consumer clientId=consumer-provider-service-group-1, groupId=provider-service-group] Node -1 disconnected.
2026-05-23T05:06:53.951-05:00  WARN 6649 --- [provider-service] [org.springframework.kafka.KafkaListenerEndpointContainer#0-0-C-1] org.apache.kafka.clients.NetworkClient   : [Consumer clientId=consumer-provider-service-group-1, groupId=provider-service-group] Connection to node -1 (localhost/127.0.0.1:9092) could not be established. Broker may not be available.
2026-05-23T05:06:53.951-05:00  WARN 6649 --- [provider-service] [org.springframework.kafka.KafkaListenerEndpointContainer#0-0-C-1] org.apache.kafka.clients.NetworkClient   : [Consumer clientId=consumer-provider-service-group-1, groupId=provider-service-group] Bootstrap broker localhost:9092 (id: -1 rack: null) disconnected
2026-05-23T05:06:55.169-05:00  INFO 6649 --- [provider-service] [org.springframework.kafka.KafkaListenerEndpointContainer#0-0-C-1] org.apache.kafka.clients.NetworkClient   : [Consumer clientId=consumer-provider-service-group-1, groupId=provider-service-group] Node -1 disconnected.
2026-05-23T05:06:55.170-05:00  WARN 6649 --- [provider-service] [org.springframework.kafka.KafkaListenerEndpointContainer#0-0-C-1] org.apache.kafka.clients.NetworkClient   : [Consumer clientId=consumer-provider-service-group-1, groupId=provider-service-group] Connection to node -1 (localhost/127.0.0.1:9092) could not be established. Broker may not be available.
2026-05-23T05:06:55.170-05:00  WARN 6649 --- [provider-service] [org.springframework.kafka.KafkaListenerEndpointContainer#0-0-C-1] org.apache.kafka.clients.NetworkClient   : [Consumer clientId=consumer-provider-service-group-1, groupId=provider-service-group] Bootstrap broker localhost:9092 (id: -1 rack: null) disconnected
2026-05-23T05:06:56.039-05:00  INFO 6649 --- [provider-service] [org.springframework.kafka.KafkaListenerEndpointContainer#0-0-C-1] org.apache.kafka.clients.NetworkClient   : [Consumer clientId=consumer-provider-service-group-1, groupId=provider-service-group] Node -1 disconnected.
2026-05-23T05:06:56.039-05:00  WARN 6649 --- [provider-service] [org.springframework.kafka.KafkaListenerEndpointContainer#0-0-C-1] org.apache.kafka.clients.NetworkClient   : [Consumer clientId=consumer-provider-service-group-1, groupId=provider-service-group] Connection to node -1 (localhost/127.0.0.1:9092) could not be established. Broker may not be available.
2026-05-23T05:06:56.040-05:00  WARN 6649 --- [provider-service] [org.springframework.kafka.KafkaListenerEndpointContainer#0-0-C-1] org.apache.kafka.clients.NetworkClient   : [Consumer clientId=consumer-provider-service-group-1, groupId=provider-service-group] Bootstrap broker localhost:9092 (id: -1 rack: null) disconnected
2026-05-23T05:06:57.061-05:00  INFO 6649 --- [provider-service] [org.springframework.kafka.KafkaListenerEndpointContainer#0-0-C-1] org.apache.kafka.clients.NetworkClient   : [Consumer clientId=consumer-provider-service-group-1, groupId=provider-service-group] Node -1 disconnected.
2026-05-23T05:06:57.061-05:00  WARN 6649 --- [provider-service] [org.springframework.kafka.KafkaListenerEndpointContainer#0-0-C-1] org.apache.kafka.clients.NetworkClient   : [Consumer clientId=consumer-provider-service-group-1, groupId=provider-service-group] Connection to node -1 (localhost/127.0.0.1:9092) could not be established. Broker may not be available.
2026-05-23T05:06:57.061-05:00  WARN 6649 --- [provider-service] [org.springframework.kafka.KafkaListenerEndpointContainer#0-0-C-1] org.apache.kafka.clients.NetworkClient   : [Consumer clientId=consumer-provider-service-group-1, groupId=provider-service-group] Bootstrap broker localhost:9092 (id: -1 rack: null) disconnected
2026-05-23T05:06:57.983-05:00  INFO 6649 --- [provider-service] [org.springframework.kafka.KafkaListenerEndpointContainer#0-0-C-1] org.apache.kafka.clients.NetworkClient   : [Consumer clientId=consumer-provider-service-group-1, groupId=provider-service-group] Node -1 disconnected.
2026-05-23T05:06:57.987-05:00  WARN 6649 --- [provider-service] [org.springframework.kafka.KafkaListenerEndpointContainer#0-0-C-1] org.apache.kafka.clients.NetworkClient   : [Consumer clientId=consumer-provider-service-group-1, groupId=provider-service-group] Connection to node -1 (localhost/127.0.0.1:9092) could not be established. Broker may not be available.
2026-05-23T05:06:57.988-05:00  WARN 6649 --- [provider-service] [org.springframework.kafka.KafkaListenerEndpointContainer#0-0-C-1] org.apache.kafka.clients.NetworkClient   : [Consumer clientId=consumer-provider-service-group-1, groupId=provider-service-group] Bootstrap broker localhost:9092 (id: -1 rack: null) disconnected
2026-05-23T05:06:59.111-05:00  INFO 6649 --- [provider-service] [org.springframework.kafka.KafkaListenerEndpointContainer#0-0-C-1] org.apache.kafka.clients.NetworkClient   : [Consumer clientId=consumer-provider-service-group-1, groupId=provider-service-group] Node -1 disconnected.
2026-05-23T05:06:59.112-05:00  WARN 6649 --- [provider-service] [org.springframework.kafka.KafkaListenerEndpointContainer#0-0-C-1] org.apache.kafka.clients.NetworkClient   : [Consumer clientId=consumer-provider-service-group-1, groupId=provider-service-group] Connection to node -1 (localhost/127.0.0.1:9092) could not be established. Broker may not be available.
2026-05-23T05:06:59.113-05:00  WARN 6649 --- [provider-service] [org.springframework.kafka.KafkaListenerEndpointContainer#0-0-C-1] org.apache.kafka.clients.NetworkClient   : [Consumer clientId=consumer-provider-service-group-1, groupId=provider-service-group] Bootstrap broker localhost:9092 (id: -1 rack: null) disconnected
2026-05-23T05:06:59.965-05:00  INFO 6649 --- [provider-service] [org.springframework.kafka.KafkaListenerEndpointContainer#0-0-C-1] org.apache.kafka.clients.NetworkClient   : [Consumer clientId=consumer-provider-service-group-1, groupId=provider-service-group] Node -1 disconnected.
2026-05-23T05:06:59.966-05:00  WARN 6649 --- [provider-service] [org.springframework.kafka.KafkaListenerEndpointContainer#0-0-C-1] org.apache.kafka.clients.NetworkClient   : [Consumer clientId=consumer-provider-service-group-1, groupId=provider-service-group] Connection to node -1 (localhost/127.0.0.1:9092) could not be established. Broker may not be available.
2026-05-23T05:06:59.966-05:00  WARN 6649 --- [provider-service] [org.springframework.kafka.KafkaListenerEndpointContainer#0-0-C-1] org.apache.kafka.clients.NetworkClient   : [Consumer clientId=consumer-provider-service-group-1, groupId=provider-service-group] Bootstrap broker localhost:9092 (id: -1 rack: null) disconnected
2026-05-23T05:07:00.834-05:00  INFO 6649 --- [provider-service] [org.springframework.kafka.KafkaListenerEndpointContainer#0-0-C-1] org.apache.kafka.clients.NetworkClient   : [Consumer clientId=consumer-provider-service-group-1, groupId=provider-service-group] Node -1 disconnected.
2026-05-23T05:07:00.835-05:00  WARN 6649 --- [provider-service] [org.springframework.kafka.KafkaListenerEndpointContainer#0-0-C-1] org.apache.kafka.clients.NetworkClient   : [Consumer clientId=consumer-provider-service-group-1, groupId=provider-service-group] Connection to node -1 (localhost/127.0.0.1:9092) could not be established. Broker may not be available.
2026-05-23T05:07:00.835-05:00  WARN 6649 --- [provider-service] [org.springframework.kafka.KafkaListenerEndpointContainer#0-0-C-1] org.apache.kafka.clients.NetworkClient   : [Consumer clientId=consumer-provider-service-group-1, groupId=provider-service-group] Bootstrap broker localhost:9092 (id: -1 rack: null) disconnected
2026-05-23T05:07:01.756-05:00  INFO 6649 --- [provider-service] [org.springframework.kafka.KafkaListenerEndpointContainer#0-0-C-1] org.apache.kafka.clients.NetworkClient   : [Consumer clientId=consumer-provider-service-group-1, groupId=provider-service-group] Node -1 disconnected.
2026-05-23T05:07:01.757-05:00  WARN 6649 --- [provider-service] [org.springframework.kafka.KafkaListenerEndpointContainer#0-0-C-1] org.apache.kafka.clients.NetworkClient   : [Consumer clientId=consumer-provider-service-group-1, groupId=provider-service-group] Connection to node -1 (localhost/127.0.0.1:9092) could not be established. Broker may not be available.
2026-05-23T05:07:01.757-05:00  WARN 6649 --- [provider-service] [org.springframework.kafka.KafkaListenerEndpointContainer#0-0-C-1] org.apache.kafka.clients.NetworkClient   : [Consumer clientId=consumer-provider-service-group-1, groupId=provider-service-group] Bootstrap broker localhost:9092 (id: -1 rack: null) disconnected
2026-05-23T05:07:02.986-05:00  INFO 6649 --- [provider-service] [org.springframework.kafka.KafkaListenerEndpointContainer#0-0-C-1] org.apache.kafka.clients.NetworkClient   : [Consumer clientId=consumer-provider-service-group-1, groupId=provider-service-group] Node -1 disconnected.
2026-05-23T05:07:02.987-05:00  WARN 6649 --- [provider-service] [org.springframework.kafka.KafkaListenerEndpointContainer#0-0-C-1] org.apache.kafka.clients.NetworkClient   : [Consumer clientId=consumer-provider-service-group-1, groupId=provider-service-group] Connection to node -1 (localhost/127.0.0.1:9092) could not be established. Broker may not be available.
2026-05-23T05:07:02.987-05:00  WARN 6649 --- [provider-service] [org.springframework.kafka.KafkaListenerEndpointContainer#0-0-C-1] org.apache.kafka.clients.NetworkClient   : [Consumer clientId=consumer-provider-service-group-1, groupId=provider-service-group] Bootstrap broker localhost:9092 (id: -1 rack: null) disconnected
2026-05-23T05:07:04.059-05:00  INFO 6649 --- [provider-service] [org.springframework.kafka.KafkaListenerEndpointContainer#0-0-C-1] org.apache.kafka.clients.NetworkClient   : [Consumer clientId=consumer-provider-service-group-1, groupId=provider-service-group] Node -1 disconnected.
2026-05-23T05:07:04.060-05:00  WARN 6649 --- [provider-service] [org.springframework.kafka.KafkaListenerEndpointContainer#0-0-C-1] org.apache.kafka.clients.NetworkClient   : [Consumer clientId=consumer-provider-service-group-1, groupId=provider-service-group] Connection to node -1 (localhost/127.0.0.1:9092) could not be established. Broker may not be available.
2026-05-23T05:07:04.060-05:00  WARN 6649 --- [provider-service] [org.springframework.kafka.KafkaListenerEndpointContainer#0-0-C-1] org.apache.kafka.clients.NetworkClient   : [Consumer clientId=consumer-provider-service-group-1, groupId=provider-service-group] Bootstrap broker localhost:9092 (id: -1 rack: null) disconnected
2026-05-23T05:07:05.074-05:00  INFO 6649 --- [provider-service] [org.springframework.kafka.KafkaListenerEndpointContainer#0-0-C-1] org.apache.kafka.clients.NetworkClient   : [Consumer clientId=consumer-provider-service-group-1, groupId=provider-service-group] Node -1 disconnected.
2026-05-23T05:07:05.074-05:00  WARN 6649 --- [provider-service] [org.springframework.kafka.KafkaListenerEndpointContainer#0-0-C-1] org.apache.kafka.clients.NetworkClient   : [Consumer clientId=consumer-provider-service-group-1, groupId=provider-service-group] Connection to node -1 (localhost/127.0.0.1:9092) could not be established. Broker may not be available.
2026-05-23T05:07:05.074-05:00  WARN 6649 --- [provider-service] [org.springframework.kafka.KafkaListenerEndpointContainer#0-0-C-1] org.apache.kafka.clients.NetworkClient   : [Consumer clientId=consumer-provider-service-group-1, groupId=provider-service-group] Bootstrap broker localhost:9092 (id: -1 rack: null) disconnected
2026-05-23T05:07:06.202-05:00  INFO 6649 --- [provider-service] [org.springframework.kafka.KafkaListenerEndpointContainer#0-0-C-1] org.apache.kafka.clients.NetworkClient   : [Consumer clientId=consumer-provider-service-group-1, groupId=provider-service-group] Node -1 disconnected.
2026-05-23T05:07:06.202-05:00  WARN 6649 --- [provider-service] [org.springframework.kafka.KafkaListenerEndpointContainer#0-0-C-1] org.apache.kafka.clients.NetworkClient   : [Consumer clientId=consumer-provider-service-group-1, groupId=provider-service-group] Connection to node -1 (localhost/127.0.0.1:9092) could not be established. Broker may not be available.
2026-05-23T05:07:06.203-05:00  WARN 6649 --- [provider-service] [org.springframework.kafka.KafkaListenerEndpointContainer#0-0-C-1] org.apache.kafka.clients.NetworkClient   : [Consumer clientId=consumer-provider-service-group-1, groupId=provider-service-group] Bootstrap broker localhost:9092 (id: -1 rack: null) disconnected
2026-05-23T05:07:07.328-05:00  INFO 6649 --- [provider-service] [org.springframework.kafka.KafkaListenerEndpointContainer#0-0-C-1] org.apache.kafka.clients.NetworkClient   : [Consumer clientId=consumer-provider-service-group-1, groupId=provider-service-group] Node -1 disconnected.
2026-05-23T05:07:07.329-05:00  WARN 6649 --- [provider-service] [org.springframework.kafka.KafkaListenerEndpointContainer#0-0-C-1] org.apache.kafka.clients.NetworkClient   : [Consumer clientId=consumer-provider-service-group-1, groupId=provider-service-group] Connection to node -1 (localhost/127.0.0.1:9092) could not be established. Broker may not be available.
2026-05-23T05:07:07.329-05:00  WARN 6649 --- [provider-service] [org.springframework.kafka.KafkaListenerEndpointContainer#0-0-C-1] org.apache.kafka.clients.NetworkClient   : [Consumer clientId=consumer-provider-service-group-1, groupId=provider-service-group] Bootstrap broker localhost:9092 (id: -1 rack: null) disconnected
2026-05-23T05:07:08.316-05:00  INFO 6649 --- [provider-service] [org.springframework.kafka.KafkaListenerEndpointContainer#0-0-C-1] org.apache.kafka.clients.NetworkClient   : [Consumer clientId=consumer-provider-service-group-1, groupId=provider-service-group] Node -1 disconnected.
2026-05-23T05:07:08.316-05:00  WARN 6649 --- [provider-service] [org.springframework.kafka.KafkaListenerEndpointContainer#0-0-C-1] org.apache.kafka.clients.NetworkClient   : [Consumer clientId=consumer-provider-service-group-1, groupId=provider-service-group] Connection to node -1 (localhost/127.0.0.1:9092) could not be established. Broker may not be available.
2026-05-23T05:07:08.317-05:00  WARN 6649 --- [provider-service] [org.springframework.kafka.KafkaListenerEndpointContainer#0-0-C-1] org.apache.kafka.clients.NetworkClient   : [Consumer clientId=consumer-provider-service-group-1, groupId=provider-service-group] Bootstrap broker localhost:9092 (id: -1 rack: null) disconnected
2026-05-23T05:07:09.188-05:00  INFO 6649 --- [provider-service] [org.springframework.kafka.KafkaListenerEndpointContainer#0-0-C-1] org.apache.kafka.clients.NetworkClient   : [Consumer clientId=consumer-provider-service-group-1, groupId=provider-service-group] Node -1 disconnected.
2026-05-23T05:07:09.189-05:00  WARN 6649 --- [provider-service] [org.springframework.kafka.KafkaListenerEndpointContainer#0-0-C-1] org.apache.kafka.clients.NetworkClient   : [Consumer clientId=consumer-provider-service-group-1, groupId=provider-service-group] Connection to node -1 (localhost/127.0.0.1:9092) could not be established. Broker may not be available.
2026-05-23T05:07:09.189-05:00  WARN 6649 --- [provider-service] [org.springframework.kafka.KafkaListenerEndpointContainer#0-0-C-1] org.apache.kafka.clients.NetworkClient   : [Consumer clientId=consumer-provider-service-group-1, groupId=provider-service-group] Bootstrap broker localhost:9092 (id: -1 rack: null) disconnected
2026-05-23T05:07:10.175-05:00  INFO 6649 --- [provider-service] [org.springframework.kafka.KafkaListenerEndpointContainer#0-0-C-1] org.apache.kafka.clients.NetworkClient   : [Consumer clientId=consumer-provider-service-group-1, groupId=provider-service-group] Node -1 disconnected.
2026-05-23T05:07:10.176-05:00  WARN 6649 --- [provider-service] [org.springframework.kafka.KafkaListenerEndpointContainer#0-0-C-1] org.apache.kafka.clients.NetworkClient   : [Consumer clientId=consumer-provider-service-group-1, groupId=provider-service-group] Connection to node -1 (localhost/127.0.0.1:9092) could not be established. Broker may not be available.
2026-05-23T05:07:10.176-05:00  WARN 6649 --- [provider-service] [org.springframework.kafka.KafkaListenerEndpointContainer#0-0-C-1] org.apache.kafka.clients.NetworkClient   : [Consumer clientId=consumer-provider-service-group-1, groupId=provider-service-group] Bootstrap broker localhost:9092 (id: -1 rack: null) disconnected
2026-05-23T05:07:11.194-05:00  INFO 6649 --- [provider-service] [org.springframework.kafka.KafkaListenerEndpointContainer#0-0-C-1] org.apache.kafka.clients.NetworkClient   : [Consumer clientId=consumer-provider-service-group-1, groupId=provider-service-group] Node -1 disconnected.
2026-05-23T05:07:11.194-05:00  WARN 6649 --- [provider-service] [org.springframework.kafka.KafkaListenerEndpointContainer#0-0-C-1] org.apache.kafka.clients.NetworkClient   : [Consumer clientId=consumer-provider-service-group-1, groupId=provider-service-group] Connection to node -1 (localhost/127.0.0.1:9092) could not be established. Broker may not be available.
2026-05-23T05:07:11.195-05:00  WARN 6649 --- [provider-service] [org.springframework.kafka.KafkaListenerEndpointContainer#0-0-C-1] org.apache.kafka.clients.NetworkClient   : [Consumer clientId=consumer-provider-service-group-1, groupId=provider-service-group] Bootstrap broker localhost:9092 (id: -1 rack: null) disconnected
2026-05-23T05:07:12.368-05:00  INFO 6649 --- [provider-service] [org.springframework.kafka.KafkaListenerEndpointContainer#0-0-C-1] org.apache.kafka.clients.NetworkClient   : [Consumer clientId=consumer-provider-service-group-1, groupId=provider-service-group] Node -1 disconnected.
2026-05-23T05:07:12.369-05:00  WARN 6649 --- [provider-service] [org.springframework.kafka.KafkaListenerEndpointContainer#0-0-C-1] org.apache.kafka.clients.NetworkClient   : [Consumer clientId=consumer-provider-service-group-1, groupId=provider-service-group] Connection to node -1 (localhost/127.0.0.1:9092) could not be established. Broker may not be available.
2026-05-23T05:07:12.369-05:00  WARN 6649 --- [provider-service] [org.springframework.kafka.KafkaListenerEndpointContainer#0-0-C-1] org.apache.kafka.clients.NetworkClient   : [Consumer clientId=consumer-provider-service-group-1, groupId=provider-service-group] Bootstrap broker localhost:9092 (id: -1 rack: null) disconnected
2026-05-23T05:07:13.239-05:00  INFO 6649 --- [provider-service] [org.springframework.kafka.KafkaListenerEndpointContainer#0-0-C-1] org.apache.kafka.clients.NetworkClient   : [Consumer clientId=consumer-provider-service-group-1, groupId=provider-service-group] Node -1 disconnected.
2026-05-23T05:07:13.239-05:00  WARN 6649 --- [provider-service] [org.springframework.kafka.KafkaListenerEndpointContainer#0-0-C-1] org.apache.kafka.clients.NetworkClient   : [Consumer clientId=consumer-provider-service-group-1, groupId=provider-service-group] Connection to node -1 (localhost/127.0.0.1:9092) could not be established. Broker may not be available.
2026-05-23T05:07:13.239-05:00  WARN 6649 --- [provider-service] [org.springframework.kafka.KafkaListenerEndpointContainer#0-0-C-1] org.apache.kafka.clients.NetworkClient   : [Consumer clientId=consumer-provider-service-group-1, groupId=provider-service-group] Bootstrap broker localhost:9092 (id: -1 rack: null) disconnected
2026-05-23T05:07:14.312-05:00  INFO 6649 --- [provider-service] [org.springframework.kafka.KafkaListenerEndpointContainer#0-0-C-1] org.apache.kafka.clients.NetworkClient   : [Consumer clientId=consumer-provider-service-group-1, groupId=provider-service-group] Node -1 disconnected.
2026-05-23T05:07:14.315-05:00  WARN 6649 --- [provider-service] [org.springframework.kafka.KafkaListenerEndpointContainer#0-0-C-1] org.apache.kafka.clients.NetworkClient   : [Consumer clientId=consumer-provider-service-group-1, groupId=provider-service-group] Connection to node -1 (localhost/127.0.0.1:9092) could not be established. Broker may not be available.
2026-05-23T05:07:14.315-05:00  WARN 6649 --- [provider-service] [org.springframework.kafka.KafkaListenerEndpointContainer#0-0-C-1] org.apache.kafka.clients.NetworkClient   : [Consumer clientId=consumer-provider-service-group-1, groupId=provider-service-group] Bootstrap broker localhost:9092 (id: -1 rack: null) disconnected
2026-05-23T05:07:15.281-05:00  INFO 6649 --- [provider-service] [org.springframework.kafka.KafkaListenerEndpointContainer#0-0-C-1] org.apache.kafka.clients.NetworkClient   : [Consumer clientId=consumer-provider-service-group-1, groupId=provider-service-group] Node -1 disconnected.
2026-05-23T05:07:15.282-05:00  WARN 6649 --- [provider-service] [org.springframework.kafka.KafkaListenerEndpointContainer#0-0-C-1] org.apache.kafka.clients.NetworkClient   : [Consumer clientId=consumer-provider-service-group-1, groupId=provider-service-group] Connection to node -1 (localhost/127.0.0.1:9092) could not be established. Broker may not be available.
2026-05-23T05:07:15.282-05:00  WARN 6649 --- [provider-service] [org.springframework.kafka.KafkaListenerEndpointContainer#0-0-C-1] org.apache.kafka.clients.NetworkClient   : [Consumer clientId=consumer-provider-service-group-1, groupId=provider-service-group] Bootstrap broker localhost:9092 (id: -1 rack: null) disconnected
2026-05-23T05:07:16.305-05:00  INFO 6649 --- [provider-service] [org.springframework.kafka.KafkaListenerEndpointContainer#0-0-C-1] org.apache.kafka.clients.NetworkClient   : [Consumer clientId=consumer-provider-service-group-1, groupId=provider-service-group] Node -1 disconnected.
2026-05-23T05:07:16.306-05:00  WARN 6649 --- [provider-service] [org.springframework.kafka.KafkaListenerEndpointContainer#0-0-C-1] org.apache.kafka.clients.NetworkClient   : [Consumer clientId=consumer-provider-service-group-1, groupId=provider-service-group] Connection to node -1 (localhost/127.0.0.1:9092) could not be established. Broker may not be available.
2026-05-23T05:07:16.306-05:00  WARN 6649 --- [provider-service] [org.springframework.kafka.KafkaListenerEndpointContainer#0-0-C-1] org.apache.kafka.clients.NetworkClient   : [Consumer clientId=consumer-provider-service-group-1, groupId=provider-service-group] Bootstrap broker localhost:9092 (id: -1 rack: null) disconnected
2026-05-23T05:07:17.171-05:00  INFO 6649 --- [provider-service] [org.springframework.kafka.KafkaListenerEndpointContainer#0-0-C-1] org.apache.kafka.clients.NetworkClient   : [Consumer clientId=consumer-provider-service-group-1, groupId=provider-service-group] Node -1 disconnected.
2026-05-23T05:07:17.171-05:00  WARN 6649 --- [provider-service] [org.springframework.kafka.KafkaListenerEndpointContainer#0-0-C-1] org.apache.kafka.clients.NetworkClient   : [Consumer clientId=consumer-provider-service-group-1, groupId=provider-service-group] Connection to node -1 (localhost/127.0.0.1:9092) could not be established. Broker may not be available.
2026-05-23T05:07:17.171-05:00  WARN 6649 --- [provider-service] [org.springframework.kafka.KafkaListenerEndpointContainer#0-0-C-1] org.apache.kafka.clients.NetworkClient   : [Consumer clientId=consumer-provider-service-group-1, groupId=provider-service-group] Bootstrap broker localhost:9092 (id: -1 rack: null) disconnected
2026-05-23T05:07:18.339-05:00  INFO 6649 --- [provider-service] [org.springframework.kafka.KafkaListenerEndpointContainer#0-0-C-1] org.apache.kafka.clients.NetworkClient   : [Consumer clientId=consumer-provider-service-group-1, groupId=provider-service-group] Node -1 disconnected.
2026-05-23T05:07:18.339-05:00  WARN 6649 --- [provider-service] [org.springframework.kafka.KafkaListenerEndpointContainer#0-0-C-1] org.apache.kafka.clients.NetworkClient   : [Consumer clientId=consumer-provider-service-group-1, groupId=provider-service-group] Connection to node -1 (localhost/127.0.0.1:9092) could not be established. Broker may not be available.
2026-05-23T05:07:18.339-05:00  WARN 6649 --- [provider-service] [org.springframework.kafka.KafkaListenerEndpointContainer#0-0-C-1] org.apache.kafka.clients.NetworkClient   : [Consumer clientId=consumer-provider-service-group-1, groupId=provider-service-group] Bootstrap broker localhost:9092 (id: -1 rack: null) disconnected
2026-05-23T05:07:19.307-05:00  INFO 6649 --- [provider-service] [org.springframework.kafka.KafkaListenerEndpointContainer#0-0-C-1] org.apache.kafka.clients.NetworkClient   : [Consumer clientId=consumer-provider-service-group-1, groupId=provider-service-group] Node -1 disconnected.
2026-05-23T05:07:19.307-05:00  WARN 6649 --- [provider-service] [org.springframework.kafka.KafkaListenerEndpointContainer#0-0-C-1] org.apache.kafka.clients.NetworkClient   : [Consumer clientId=consumer-provider-service-group-1, groupId=provider-service-group] Connection to node -1 (localhost/127.0.0.1:9092) could not be established. Broker may not be available.
2026-05-23T05:07:19.307-05:00  WARN 6649 --- [provider-service] [org.springframework.kafka.KafkaListenerEndpointContainer#0-0-C-1] org.apache.kafka.clients.NetworkClient   : [Consumer clientId=consumer-provider-service-group-1, groupId=provider-service-group] Bootstrap broker localhost:9092 (id: -1 rack: null) disconnected
2026-05-23T05:07:20.382-05:00  INFO 6649 --- [provider-service] [org.springframework.kafka.KafkaListenerEndpointContainer#0-0-C-1] org.apache.kafka.clients.NetworkClient   : [Consumer clientId=consumer-provider-service-group-1, groupId=provider-service-group] Node -1 disconnected.
2026-05-23T05:07:20.382-05:00  WARN 6649 --- [provider-service] [org.springframework.kafka.KafkaListenerEndpointContainer#0-0-C-1] org.apache.kafka.clients.NetworkClient   : [Consumer clientId=consumer-provider-service-group-1, groupId=provider-service-group] Connection to node -1 (localhost/127.0.0.1:9092) could not be established. Broker may not be available.
2026-05-23T05:07:20.382-05:00  WARN 6649 --- [provider-service] [org.springframework.kafka.KafkaListenerEndpointContainer#0-0-C-1] org.apache.kafka.clients.NetworkClient   : [Consumer clientId=consumer-provider-service-group-1, groupId=provider-service-group] Bootstrap broker localhost:9092 (id: -1 rack: null) disconnected
2026-05-23T05:07:21.506-05:00  INFO 6649 --- [provider-service] [org.springframework.kafka.KafkaListenerEndpointContainer#0-0-C-1] org.apache.kafka.clients.NetworkClient   : [Consumer clientId=consumer-provider-service-group-1, groupId=provider-service-group] Node -1 disconnected.
2026-05-23T05:07:21.507-05:00  WARN 6649 --- [provider-service] [org.springframework.kafka.KafkaListenerEndpointContainer#0-0-C-1] org.apache.kafka.clients.NetworkClient   : [Consumer clientId=consumer-provider-service-group-1, groupId=provider-service-group] Connection to node -1 (localhost/127.0.0.1:9092) could not be established. Broker may not be available.
2026-05-23T05:07:21.507-05:00  WARN 6649 --- [provider-service] [org.springframework.kafka.KafkaListenerEndpointContainer#0-0-C-1] org.apache.kafka.clients.NetworkClient   : [Consumer clientId=consumer-provider-service-group-1, groupId=provider-service-group] Bootstrap broker localhost:9092 (id: -1 rack: null) disconnected
2026-05-23T05:07:22.628-05:00  INFO 6649 --- [provider-service] [org.springframework.kafka.KafkaListenerEndpointContainer#0-0-C-1] org.apache.kafka.clients.NetworkClient   : [Consumer clientId=consumer-provider-service-group-1, groupId=provider-service-group] Node -1 disconnected.
2026-05-23T05:07:22.628-05:00  WARN 6649 --- [provider-service] [org.springframework.kafka.KafkaListenerEndpointContainer#0-0-C-1] org.apache.kafka.clients.NetworkClient   : [Consumer clientId=consumer-provider-service-group-1, groupId=provider-service-group] Connection to node -1 (localhost/127.0.0.1:9092) could not be established. Broker may not be available.
2026-05-23T05:07:22.629-05:00  WARN 6649 --- [provider-service] [org.springframework.kafka.KafkaListenerEndpointContainer#0-0-C-1] org.apache.kafka.clients.NetworkClient   : [Consumer clientId=consumer-provider-service-group-1, groupId=provider-service-group] Bootstrap broker localhost:9092 (id: -1 rack: null) disconnected
2026-05-23T05:07:23.803-05:00  INFO 6649 --- [provider-service] [org.springframework.kafka.KafkaListenerEndpointContainer#0-0-C-1] org.apache.kafka.clients.NetworkClient   : [Consumer clientId=consumer-provider-service-group-1, groupId=provider-service-group] Node -1 disconnected.
2026-05-23T05:07:23.804-05:00  WARN 6649 --- [provider-service] [org.springframework.kafka.KafkaListenerEndpointContainer#0-0-C-1] org.apache.kafka.clients.NetworkClient   : [Consumer clientId=consumer-provider-service-group-1, groupId=provider-service-group] Connection to node -1 (localhost/127.0.0.1:9092) could not be established. Broker may not be available.
2026-05-23T05:07:23.804-05:00  WARN 6649 --- [provider-service] [org.springframework.kafka.KafkaListenerEndpointContainer#0-0-C-1] org.apache.kafka.clients.NetworkClient   : [Consumer clientId=consumer-provider-service-group-1, groupId=provider-service-group] Bootstrap broker localhost:9092 (id: -1 rack: null) disconnected
2026-05-23T05:07:24.669-05:00  INFO 6649 --- [provider-service] [org.springframework.kafka.KafkaListenerEndpointContainer#0-0-C-1] org.apache.kafka.clients.NetworkClient   : [Consumer clientId=consumer-provider-service-group-1, groupId=provider-service-group] Node -1 disconnected.
2026-05-23T05:07:24.669-05:00  WARN 6649 --- [provider-service] [org.springframework.kafka.KafkaListenerEndpointContainer#0-0-C-1] org.apache.kafka.clients.NetworkClient   : [Consumer clientId=consumer-provider-service-group-1, groupId=provider-service-group] Connection to node -1 (localhost/127.0.0.1:9092) could not be established. Broker may not be available.
2026-05-23T05:07:24.669-05:00  WARN 6649 --- [provider-service] [org.springframework.kafka.KafkaListenerEndpointContainer#0-0-C-1] org.apache.kafka.clients.NetworkClient   : [Consumer clientId=consumer-provider-service-group-1, groupId=provider-service-group] Bootstrap broker localhost:9092 (id: -1 rack: null) disconnected
2026-05-23T05:07:25.742-05:00  INFO 6649 --- [provider-service] [org.springframework.kafka.KafkaListenerEndpointContainer#0-0-C-1] org.apache.kafka.clients.NetworkClient   : [Consumer clientId=consumer-provider-service-group-1, groupId=provider-service-group] Node -1 disconnected.
2026-05-23T05:07:25.743-05:00  WARN 6649 --- [provider-service] [org.springframework.kafka.KafkaListenerEndpointContainer#0-0-C-1] org.apache.kafka.clients.NetworkClient   : [Consumer clientId=consumer-provider-service-group-1, groupId=provider-service-group] Connection to node -1 (localhost/127.0.0.1:9092) could not be established. Broker may not be available.
2026-05-23T05:07:25.744-05:00  WARN 6649 --- [provider-service] [org.springframework.kafka.KafkaListenerEndpointContainer#0-0-C-1] org.apache.kafka.clients.NetworkClient   : [Consumer clientId=consumer-provider-service-group-1, groupId=provider-service-group] Bootstrap broker localhost:9092 (id: -1 rack: null) disconnected
2026-05-23T05:07:26.764-05:00  INFO 6649 --- [provider-service] [org.springframework.kafka.KafkaListenerEndpointContainer#0-0-C-1] org.apache.kafka.clients.NetworkClient   : [Consumer clientId=consumer-provider-service-group-1, groupId=provider-service-group] Node -1 disconnected.
2026-05-23T05:07:26.764-05:00  WARN 6649 --- [provider-service] [org.springframework.kafka.KafkaListenerEndpointContainer#0-0-C-1] org.apache.kafka.clients.NetworkClient   : [Consumer clientId=consumer-provider-service-group-1, groupId=provider-service-group] Connection to node -1 (localhost/127.0.0.1:9092) could not be established. Broker may not be available.
2026-05-23T05:07:26.764-05:00  WARN 6649 --- [provider-service] [org.springframework.kafka.KafkaListenerEndpointContainer#0-0-C-1] org.apache.kafka.clients.NetworkClient   : [Consumer clientId=consumer-provider-service-group-1, groupId=provider-service-group] Bootstrap broker localhost:9092 (id: -1 rack: null) disconnected
2026-05-23T05:07:27.735-05:00  INFO 6649 --- [provider-service] [org.springframework.kafka.KafkaListenerEndpointContainer#0-0-C-1] org.apache.kafka.clients.NetworkClient   : [Consumer clientId=consumer-provider-service-group-1, groupId=provider-service-group] Node -1 disconnected.
2026-05-23T05:07:27.736-05:00  WARN 6649 --- [provider-service] [org.springframework.kafka.KafkaListenerEndpointContainer#0-0-C-1] org.apache.kafka.clients.NetworkClient   : [Consumer clientId=consumer-provider-service-group-1, groupId=provider-service-group] Connection to node -1 (localhost/127.0.0.1:9092) could not be established. Broker may not be available.
2026-05-23T05:07:27.736-05:00  WARN 6649 --- [provider-service] [org.springframework.kafka.KafkaListenerEndpointContainer#0-0-C-1] org.apache.kafka.clients.NetworkClient   : [Consumer clientId=consumer-provider-service-group-1, groupId=provider-service-group] Bootstrap broker localhost:9092 (id: -1 rack: null) disconnected
2026-05-23T05:07:28.861-05:00  INFO 6649 --- [provider-service] [org.springframework.kafka.KafkaListenerEndpointContainer#0-0-C-1] org.apache.kafka.clients.NetworkClient   : [Consumer clientId=consumer-provider-service-group-1, groupId=provider-service-group] Node -1 disconnected.
2026-05-23T05:07:28.862-05:00  WARN 6649 --- [provider-service] [org.springframework.kafka.KafkaListenerEndpointContainer#0-0-C-1] org.apache.kafka.clients.NetworkClient   : [Consumer clientId=consumer-provider-service-group-1, groupId=provider-service-group] Connection to node -1 (localhost/127.0.0.1:9092) could not be established. Broker may not be available.
2026-05-23T05:07:28.862-05:00  WARN 6649 --- [provider-service] [org.springframework.kafka.KafkaListenerEndpointContainer#0-0-C-1] org.apache.kafka.clients.NetworkClient   : [Consumer clientId=consumer-provider-service-group-1, groupId=provider-service-group] Bootstrap broker localhost:9092 (id: -1 rack: null) disconnected
2026-05-23T05:07:29.828-05:00  INFO 6649 --- [provider-service] [org.springframework.kafka.KafkaListenerEndpointContainer#0-0-C-1] org.apache.kafka.clients.NetworkClient   : [Consumer clientId=consumer-provider-service-group-1, groupId=provider-service-group] Node -1 disconnected.
2026-05-23T05:07:29.829-05:00  WARN 6649 --- [provider-service] [org.springframework.kafka.KafkaListenerEndpointContainer#0-0-C-1] org.apache.kafka.clients.NetworkClient   : [Consumer clientId=consumer-provider-service-group-1, groupId=provider-service-group] Connection to node -1 (localhost/127.0.0.1:9092) could not be established. Broker may not be available.
2026-05-23T05:07:29.829-05:00  WARN 6649 --- [provider-service] [org.springframework.kafka.KafkaListenerEndpointContainer#0-0-C-1] org.apache.kafka.clients.NetworkClient   : [Consumer clientId=consumer-provider-service-group-1, groupId=provider-service-group] Bootstrap broker localhost:9092 (id: -1 rack: null) disconnected
2026-05-23T05:07:31.002-05:00  INFO 6649 --- [provider-service] [org.springframework.kafka.KafkaListenerEndpointContainer#0-0-C-1] org.apache.kafka.clients.NetworkClient   : [Consumer clientId=consumer-provider-service-group-1, groupId=provider-service-group] Node -1 disconnected.
2026-05-23T05:07:31.003-05:00  WARN 6649 --- [provider-service] [org.springframework.kafka.KafkaListenerEndpointContainer#0-0-C-1] org.apache.kafka.clients.NetworkClient   : [Consumer clientId=consumer-provider-service-group-1, groupId=provider-service-group] Connection to node -1 (localhost/127.0.0.1:9092) could not be established. Broker may not be available.
2026-05-23T05:07:31.003-05:00  WARN 6649 --- [provider-service] [org.springframework.kafka.KafkaListenerEndpointContainer#0-0-C-1] org.apache.kafka.clients.NetworkClient   : [Consumer clientId=consumer-provider-service-group-1, groupId=provider-service-group] Bootstrap broker localhost:9092 (id: -1 rack: null) disconnected
2026-05-23T05:07:32.023-05:00  INFO 6649 --- [provider-service] [org.springframework.kafka.KafkaListenerEndpointContainer#0-0-C-1] org.apache.kafka.clients.NetworkClient   : [Consumer clientId=consumer-provider-service-group-1, groupId=provider-service-group] Node -1 disconnected.
2026-05-23T05:07:32.023-05:00  WARN 6649 --- [provider-service] [org.springframework.kafka.KafkaListenerEndpointContainer#0-0-C-1] org.apache.kafka.clients.NetworkClient   : [Consumer clientId=consumer-provider-service-group-1, groupId=provider-service-group] Connection to node -1 (localhost/127.0.0.1:9092) could not be established. Broker may not be available.
2026-05-23T05:07:32.023-05:00  WARN 6649 --- [provider-service] [org.springframework.kafka.KafkaListenerEndpointContainer#0-0-C-1] org.apache.kafka.clients.NetworkClient   : [Consumer clientId=consumer-provider-service-group-1, groupId=provider-service-group] Bootstrap broker localhost:9092 (id: -1 rack: null) disconnected
2026-05-23T05:07:32.892-05:00  INFO 6649 --- [provider-service] [org.springframework.kafka.KafkaListenerEndpointContainer#0-0-C-1] org.apache.kafka.clients.NetworkClient   : [Consumer clientId=consumer-provider-service-group-1, groupId=provider-service-group] Node -1 disconnected.
2026-05-23T05:07:32.892-05:00  WARN 6649 --- [provider-service] [org.springframework.kafka.KafkaListenerEndpointContainer#0-0-C-1] org.apache.kafka.clients.NetworkClient   : [Consumer clientId=consumer-provider-service-group-1, groupId=provider-service-group] Connection to node -1 (localhost/127.0.0.1:9092) could not be established. Broker may not be available.
2026-05-23T05:07:32.892-05:00  WARN 6649 --- [provider-service] [org.springframework.kafka.KafkaListenerEndpointContainer#0-0-C-1] org.apache.kafka.clients.NetworkClient   : [Consumer clientId=consumer-provider-service-group-1, groupId=provider-service-group] Bootstrap broker localhost:9092 (id: -1 rack: null) disconnected
2026-05-23T05:07:33.964-05:00  INFO 6649 --- [provider-service] [org.springframework.kafka.KafkaListenerEndpointContainer#0-0-C-1] org.apache.kafka.clients.NetworkClient   : [Consumer clientId=consumer-provider-service-group-1, groupId=provider-service-group] Node -1 disconnected.
2026-05-23T05:07:33.964-05:00  WARN 6649 --- [provider-service] [org.springframework.kafka.KafkaListenerEndpointContainer#0-0-C-1] org.apache.kafka.clients.NetworkClient   : [Consumer clientId=consumer-provider-service-group-1, groupId=provider-service-group] Connection to node -1 (localhost/127.0.0.1:9092) could not be established. Broker may not be available.
2026-05-23T05:07:33.965-05:00  WARN 6649 --- [provider-service] [org.springframework.kafka.KafkaListenerEndpointContainer#0-0-C-1] org.apache.kafka.clients.NetworkClient   : [Consumer clientId=consumer-provider-service-group-1, groupId=provider-service-group] Bootstrap broker localhost:9092 (id: -1 rack: null) disconnected
2026-05-23T05:07:35.083-05:00  INFO 6649 --- [provider-service] [org.springframework.kafka.KafkaListenerEndpointContainer#0-0-C-1] org.apache.kafka.clients.NetworkClient   : [Consumer clientId=consumer-provider-service-group-1, groupId=provider-service-group] Node -1 disconnected.
2026-05-23T05:07:35.084-05:00  WARN 6649 --- [provider-service] [org.springframework.kafka.KafkaListenerEndpointContainer#0-0-C-1] org.apache.kafka.clients.NetworkClient   : [Consumer clientId=consumer-provider-service-group-1, groupId=provider-service-group] Connection to node -1 (localhost/127.0.0.1:9092) could not be established. Broker may not be available.
2026-05-23T05:07:35.084-05:00  WARN 6649 --- [provider-service] [org.springframework.kafka.KafkaListenerEndpointContainer#0-0-C-1] org.apache.kafka.clients.NetworkClient   : [Consumer clientId=consumer-provider-service-group-1, groupId=provider-service-group] Bootstrap broker localhost:9092 (id: -1 rack: null) disconnected
2026-05-23T05:07:36.054-05:00  INFO 6649 --- [provider-service] [org.springframework.kafka.KafkaListenerEndpointContainer#0-0-C-1] org.apache.kafka.clients.NetworkClient   : [Consumer clientId=consumer-provider-service-group-1, groupId=provider-service-group] Node -1 disconnected.
2026-05-23T05:07:36.055-05:00  WARN 6649 --- [provider-service] [org.springframework.kafka.KafkaListenerEndpointContainer#0-0-C-1] org.apache.kafka.clients.NetworkClient   : [Consumer clientId=consumer-provider-service-group-1, groupId=provider-service-group] Connection to node -1 (localhost/127.0.0.1:9092) could not be established. Broker may not be available.
2026-05-23T05:07:36.055-05:00  WARN 6649 --- [provider-service] [org.springframework.kafka.KafkaListenerEndpointContainer#0-0-C-1] org.apache.kafka.clients.NetworkClient   : [Consumer clientId=consumer-provider-service-group-1, groupId=provider-service-group] Bootstrap broker localhost:9092 (id: -1 rack: null) disconnected
2026-05-23T05:07:36.923-05:00  INFO 6649 --- [provider-service] [org.springframework.kafka.KafkaListenerEndpointContainer#0-0-C-1] org.apache.kafka.clients.NetworkClient   : [Consumer clientId=consumer-provider-service-group-1, groupId=provider-service-group] Node -1 disconnected.
2026-05-23T05:07:36.924-05:00  WARN 6649 --- [provider-service] [org.springframework.kafka.KafkaListenerEndpointContainer#0-0-C-1] org.apache.kafka.clients.NetworkClient   : [Consumer clientId=consumer-provider-service-group-1, groupId=provider-service-group] Connection to node -1 (localhost/127.0.0.1:9092) could not be established. Broker may not be available.
2026-05-23T05:07:36.924-05:00  WARN 6649 --- [provider-service] [org.springframework.kafka.KafkaListenerEndpointContainer#0-0-C-1] org.apache.kafka.clients.NetworkClient   : [Consumer clientId=consumer-provider-service-group-1, groupId=provider-service-group] Bootstrap broker localhost:9092 (id: -1 rack: null) disconnected
2026-05-23T05:07:37.792-05:00  INFO 6649 --- [provider-service] [org.springframework.kafka.KafkaListenerEndpointContainer#0-0-C-1] org.apache.kafka.clients.NetworkClient   : [Consumer clientId=consumer-provider-service-group-1, groupId=provider-service-group] Node -1 disconnected.
2026-05-23T05:07:37.794-05:00  WARN 6649 --- [provider-service] [org.springframework.kafka.KafkaListenerEndpointContainer#0-0-C-1] org.apache.kafka.clients.NetworkClient   : [Consumer clientId=consumer-provider-service-group-1, groupId=provider-service-group] Connection to node -1 (localhost/127.0.0.1:9092) could not be established. Broker may not be available.
2026-05-23T05:07:37.794-05:00  WARN 6649 --- [provider-service] [org.springframework.kafka.KafkaListenerEndpointContainer#0-0-C-1] org.apache.kafka.clients.NetworkClient   : [Consumer clientId=consumer-provider-service-group-1, groupId=provider-service-group] Bootstrap broker localhost:9092 (id: -1 rack: null) disconnected
2026-05-23T05:07:38.865-05:00  INFO 6649 --- [provider-service] [org.springframework.kafka.KafkaListenerEndpointContainer#0-0-C-1] org.apache.kafka.clients.NetworkClient   : [Consumer clientId=consumer-provider-service-group-1, groupId=provider-service-group] Node -1 disconnected.
2026-05-23T05:07:38.866-05:00  WARN 6649 --- [provider-service] [org.springframework.kafka.KafkaListenerEndpointContainer#0-0-C-1] org.apache.kafka.clients.NetworkClient   : [Consumer clientId=consumer-provider-service-group-1, groupId=provider-service-group] Connection to node -1 (localhost/127.0.0.1:9092) could not be established. Broker may not be available.
2026-05-23T05:07:38.866-05:00  WARN 6649 --- [provider-service] [org.springframework.kafka.KafkaListenerEndpointContainer#0-0-C-1] org.apache.kafka.clients.NetworkClient   : [Consumer clientId=consumer-provider-service-group-1, groupId=provider-service-group] Bootstrap broker localhost:9092 (id: -1 rack: null) disconnected
2026-05-23T05:07:39.931-05:00  INFO 6649 --- [provider-service] [org.springframework.kafka.KafkaListenerEndpointContainer#0-0-C-1] org.apache.kafka.clients.NetworkClient   : [Consumer clientId=consumer-provider-service-group-1, groupId=provider-service-group] Node -1 disconnected.
2026-05-23T05:07:39.931-05:00  WARN 6649 --- [provider-service] [org.springframework.kafka.KafkaListenerEndpointContainer#0-0-C-1] org.apache.kafka.clients.NetworkClient   : [Consumer clientId=consumer-provider-service-group-1, groupId=provider-service-group] Connection to node -1 (localhost/127.0.0.1:9092) could not be established. Broker may not be available.
2026-05-23T05:07:39.931-05:00  WARN 6649 --- [provider-service] [org.springframework.kafka.KafkaListenerEndpointContainer#0-0-C-1] org.apache.kafka.clients.NetworkClient   : [Consumer clientId=consumer-provider-service-group-1, groupId=provider-service-group] Bootstrap broker localhost:9092 (id: -1 rack: null) disconnected
2026-05-23T05:07:41.052-05:00  INFO 6649 --- [provider-service] [org.springframework.kafka.KafkaListenerEndpointContainer#0-0-C-1] org.apache.kafka.clients.NetworkClient   : [Consumer clientId=consumer-provider-service-group-1, groupId=provider-service-group] Node -1 disconnected.
2026-05-23T05:07:41.052-05:00  WARN 6649 --- [provider-service] [org.springframework.kafka.KafkaListenerEndpointContainer#0-0-C-1] org.apache.kafka.clients.NetworkClient   : [Consumer clientId=consumer-provider-service-group-1, groupId=provider-service-group] Connection to node -1 (localhost/127.0.0.1:9092) could not be established. Broker may not be available.
2026-05-23T05:07:41.052-05:00  WARN 6649 --- [provider-service] [org.springframework.kafka.KafkaListenerEndpointContainer#0-0-C-1] org.apache.kafka.clients.NetworkClient   : [Consumer clientId=consumer-provider-service-group-1, groupId=provider-service-group] Bootstrap broker localhost:9092 (id: -1 rack: null) disconnected
2026-05-23T05:07:42.177-05:00  INFO 6649 --- [provider-service] [org.springframework.kafka.KafkaListenerEndpointContainer#0-0-C-1] org.apache.kafka.clients.NetworkClient   : [Consumer clientId=consumer-provider-service-group-1, groupId=provider-service-group] Node -1 disconnected.
2026-05-23T05:07:42.178-05:00  WARN 6649 --- [provider-service] [org.springframework.kafka.KafkaListenerEndpointContainer#0-0-C-1] org.apache.kafka.clients.NetworkClient   : [Consumer clientId=consumer-provider-service-group-1, groupId=provider-service-group] Connection to node -1 (localhost/127.0.0.1:9092) could not be established. Broker may not be available.
2026-05-23T05:07:42.178-05:00  WARN 6649 --- [provider-service] [org.springframework.kafka.KafkaListenerEndpointContainer#0-0-C-1] org.apache.kafka.clients.NetworkClient   : [Consumer clientId=consumer-provider-service-group-1, groupId=provider-service-group] Bootstrap broker localhost:9092 (id: -1 rack: null) disconnected
2026-05-23T05:07:43.044-05:00  INFO 6649 --- [provider-service] [org.springframework.kafka.KafkaListenerEndpointContainer#0-0-C-1] org.apache.kafka.clients.NetworkClient   : [Consumer clientId=consumer-provider-service-group-1, groupId=provider-service-group] Node -1 disconnected.
2026-05-23T05:07:43.044-05:00  WARN 6649 --- [provider-service] [org.springframework.kafka.KafkaListenerEndpointContainer#0-0-C-1] org.apache.kafka.clients.NetworkClient   : [Consumer clientId=consumer-provider-service-group-1, groupId=provider-service-group] Connection to node -1 (localhost/127.0.0.1:9092) could not be established. Broker may not be available.
2026-05-23T05:07:43.045-05:00  WARN 6649 --- [provider-service] [org.springframework.kafka.KafkaListenerEndpointContainer#0-0-C-1] org.apache.kafka.clients.NetworkClient   : [Consumer clientId=consumer-provider-service-group-1, groupId=provider-service-group] Bootstrap broker localhost:9092 (id: -1 rack: null) disconnected
2026-05-23T05:07:44.219-05:00  INFO 6649 --- [provider-service] [org.springframework.kafka.KafkaListenerEndpointContainer#0-0-C-1] org.apache.kafka.clients.NetworkClient   : [Consumer clientId=consumer-provider-service-group-1, groupId=provider-service-group] Node -1 disconnected.
2026-05-23T05:07:44.220-05:00  WARN 6649 --- [provider-service] [org.springframework.kafka.KafkaListenerEndpointContainer#0-0-C-1] org.apache.kafka.clients.NetworkClient   : [Consumer clientId=consumer-provider-service-group-1, groupId=provider-service-group] Connection to node -1 (localhost/127.0.0.1:9092) could not be established. Broker may not be available.
2026-05-23T05:07:44.220-05:00  WARN 6649 --- [provider-service] [org.springframework.kafka.KafkaListenerEndpointContainer#0-0-C-1] org.apache.kafka.clients.NetworkClient   : [Consumer clientId=consumer-provider-service-group-1, groupId=provider-service-group] Bootstrap broker localhost:9092 (id: -1 rack: null) disconnected
2026-05-23T05:07:45.239-05:00  INFO 6649 --- [provider-service] [org.springframework.kafka.KafkaListenerEndpointContainer#0-0-C-1] org.apache.kafka.clients.NetworkClient   : [Consumer clientId=consumer-provider-service-group-1, groupId=provider-service-group] Node -1 disconnected.
2026-05-23T05:07:45.239-05:00  WARN 6649 --- [provider-service] [org.springframework.kafka.KafkaListenerEndpointContainer#0-0-C-1] org.apache.kafka.clients.NetworkClient   : [Consumer clientId=consumer-provider-service-group-1, groupId=provider-service-group] Connection to node -1 (localhost/127.0.0.1:9092) could not be established. Broker may not be available.
2026-05-23T05:07:45.239-05:00  WARN 6649 --- [provider-service] [org.springframework.kafka.KafkaListenerEndpointContainer#0-0-C-1] org.apache.kafka.clients.NetworkClient   : [Consumer clientId=consumer-provider-service-group-1, groupId=provider-service-group] Bootstrap broker localhost:9092 (id: -1 rack: null) disconnected
2026-05-23T05:07:46.312-05:00  INFO 6649 --- [provider-service] [org.springframework.kafka.KafkaListenerEndpointContainer#0-0-C-1] org.apache.kafka.clients.NetworkClient   : [Consumer clientId=consumer-provider-service-group-1, groupId=provider-service-group] Node -1 disconnected.
2026-05-23T05:07:46.313-05:00  WARN 6649 --- [provider-service] [org.springframework.kafka.KafkaListenerEndpointContainer#0-0-C-1] org.apache.kafka.clients.NetworkClient   : [Consumer clientId=consumer-provider-service-group-1, groupId=provider-service-group] Connection to node -1 (localhost/127.0.0.1:9092) could not be established. Broker may not be available.
2026-05-23T05:07:46.314-05:00  WARN 6649 --- [provider-service] [org.springframework.kafka.KafkaListenerEndpointContainer#0-0-C-1] org.apache.kafka.clients.NetworkClient   : [Consumer clientId=consumer-provider-service-group-1, groupId=provider-service-group] Bootstrap broker localhost:9092 (id: -1 rack: null) disconnected
2026-05-23T05:07:47.232-05:00  INFO 6649 --- [provider-service] [org.springframework.kafka.KafkaListenerEndpointContainer#0-0-C-1] org.apache.kafka.clients.NetworkClient   : [Consumer clientId=consumer-provider-service-group-1, groupId=provider-service-group] Node -1 disconnected.
2026-05-23T05:07:47.233-05:00  WARN 6649 --- [provider-service] [org.springframework.kafka.KafkaListenerEndpointContainer#0-0-C-1] org.apache.kafka.clients.NetworkClient   : [Consumer clientId=consumer-provider-service-group-1, groupId=provider-service-group] Connection to node -1 (localhost/127.0.0.1:9092) could not be established. Broker may not be available.
2026-05-23T05:07:47.233-05:00  WARN 6649 --- [provider-service] [org.springframework.kafka.KafkaListenerEndpointContainer#0-0-C-1] org.apache.kafka.clients.NetworkClient   : [Consumer clientId=consumer-provider-service-group-1, groupId=provider-service-group] Bootstrap broker localhost:9092 (id: -1 rack: null) disconnected
2026-05-23T05:07:48.204-05:00  INFO 6649 --- [provider-service] [org.springframework.kafka.KafkaListenerEndpointContainer#0-0-C-1] org.apache.kafka.clients.NetworkClient   : [Consumer clientId=consumer-provider-service-group-1, groupId=provider-service-group] Node -1 disconnected.
2026-05-23T05:07:48.205-05:00  WARN 6649 --- [provider-service] [org.springframework.kafka.KafkaListenerEndpointContainer#0-0-C-1] org.apache.kafka.clients.NetworkClient   : [Consumer clientId=consumer-provider-service-group-1, groupId=provider-service-group] Connection to node -1 (localhost/127.0.0.1:9092) could not be established. Broker may not be available.
2026-05-23T05:07:48.205-05:00  WARN 6649 --- [provider-service] [org.springframework.kafka.KafkaListenerEndpointContainer#0-0-C-1] org.apache.kafka.clients.NetworkClient   : [Consumer clientId=consumer-provider-service-group-1, groupId=provider-service-group] Bootstrap broker localhost:9092 (id: -1 rack: null) disconnected
2026-05-23T05:07:49.224-05:00  INFO 6649 --- [provider-service] [org.springframework.kafka.KafkaListenerEndpointContainer#0-0-C-1] org.apache.kafka.clients.NetworkClient   : [Consumer clientId=consumer-provider-service-group-1, groupId=provider-service-group] Node -1 disconnected.
2026-05-23T05:07:49.224-05:00  WARN 6649 --- [provider-service] [org.springframework.kafka.KafkaListenerEndpointContainer#0-0-C-1] org.apache.kafka.clients.NetworkClient   : [Consumer clientId=consumer-provider-service-group-1, groupId=provider-service-group] Connection to node -1 (localhost/127.0.0.1:9092) could not be established. Broker may not be available.
2026-05-23T05:07:49.224-05:00  WARN 6649 --- [provider-service] [org.springframework.kafka.KafkaListenerEndpointContainer#0-0-C-1] org.apache.kafka.clients.NetworkClient   : [Consumer clientId=consumer-provider-service-group-1, groupId=provider-service-group] Bootstrap broker localhost:9092 (id: -1 rack: null) disconnected
2026-05-23T05:07:50.087-05:00  INFO 6649 --- [provider-service] [org.springframework.kafka.KafkaListenerEndpointContainer#0-0-C-1] org.apache.kafka.clients.NetworkClient   : [Consumer clientId=consumer-provider-service-group-1, groupId=provider-service-group] Node -1 disconnected.
2026-05-23T05:07:50.088-05:00  WARN 6649 --- [provider-service] [org.springframework.kafka.KafkaListenerEndpointContainer#0-0-C-1] org.apache.kafka.clients.NetworkClient   : [Consumer clientId=consumer-provider-service-group-1, groupId=provider-service-group] Connection to node -1 (localhost/127.0.0.1:9092) could not be established. Broker may not be available.
2026-05-23T05:07:50.088-05:00  WARN 6649 --- [provider-service] [org.springframework.kafka.KafkaListenerEndpointContainer#0-0-C-1] org.apache.kafka.clients.NetworkClient   : [Consumer clientId=consumer-provider-service-group-1, groupId=provider-service-group] Bootstrap broker localhost:9092 (id: -1 rack: null) disconnected
2026-05-23T05:07:51.210-05:00  INFO 6649 --- [provider-service] [org.springframework.kafka.KafkaListenerEndpointContainer#0-0-C-1] org.apache.kafka.clients.NetworkClient   : [Consumer clientId=consumer-provider-service-group-1, groupId=provider-service-group] Node -1 disconnected.
2026-05-23T05:07:51.211-05:00  WARN 6649 --- [provider-service] [org.springframework.kafka.KafkaListenerEndpointContainer#0-0-C-1] org.apache.kafka.clients.NetworkClient   : [Consumer clientId=consumer-provider-service-group-1, groupId=provider-service-group] Connection to node -1 (localhost/127.0.0.1:9092) could not be established. Broker may not be available.
2026-05-23T05:07:51.211-05:00  WARN 6649 --- [provider-service] [org.springframework.kafka.KafkaListenerEndpointContainer#0-0-C-1] org.apache.kafka.clients.NetworkClient   : [Consumer clientId=consumer-provider-service-group-1, groupId=provider-service-group] Bootstrap broker localhost:9092 (id: -1 rack: null) disconnected
2026-05-23T05:07:52.080-05:00  INFO 6649 --- [provider-service] [org.springframework.kafka.KafkaListenerEndpointContainer#0-0-C-1] org.apache.kafka.clients.NetworkClient   : [Consumer clientId=consumer-provider-service-group-1, groupId=provider-service-group] Node -1 disconnected.
2026-05-23T05:07:52.080-05:00  WARN 6649 --- [provider-service] [org.springframework.kafka.KafkaListenerEndpointContainer#0-0-C-1] org.apache.kafka.clients.NetworkClient   : [Consumer clientId=consumer-provider-service-group-1, groupId=provider-service-group] Connection to node -1 (localhost/127.0.0.1:9092) could not be established. Broker may not be available.
2026-05-23T05:07:52.081-05:00  WARN 6649 --- [provider-service] [org.springframework.kafka.KafkaListenerEndpointContainer#0-0-C-1] org.apache.kafka.clients.NetworkClient   : [Consumer clientId=consumer-provider-service-group-1, groupId=provider-service-group] Bootstrap broker localhost:9092 (id: -1 rack: null) disconnected
2026-05-23T05:07:53.154-05:00  INFO 6649 --- [provider-service] [org.springframework.kafka.KafkaListenerEndpointContainer#0-0-C-1] org.apache.kafka.clients.NetworkClient   : [Consumer clientId=consumer-provider-service-group-1, groupId=provider-service-group] Node -1 disconnected.
2026-05-23T05:07:53.155-05:00  WARN 6649 --- [provider-service] [org.springframework.kafka.KafkaListenerEndpointContainer#0-0-C-1] org.apache.kafka.clients.NetworkClient   : [Consumer clientId=consumer-provider-service-group-1, groupId=provider-service-group] Connection to node -1 (localhost/127.0.0.1:9092) could not be established. Broker may not be available.
2026-05-23T05:07:53.155-05:00  WARN 6649 --- [provider-service] [org.springframework.kafka.KafkaListenerEndpointContainer#0-0-C-1] org.apache.kafka.clients.NetworkClient   : [Consumer clientId=consumer-provider-service-group-1, groupId=provider-service-group] Bootstrap broker localhost:9092 (id: -1 rack: null) disconnected
2026-05-23T05:07:54.278-05:00  INFO 6649 --- [provider-service] [org.springframework.kafka.KafkaListenerEndpointContainer#0-0-C-1] org.apache.kafka.clients.NetworkClient   : [Consumer clientId=consumer-provider-service-group-1, groupId=provider-service-group] Node -1 disconnected.
2026-05-23T05:07:54.279-05:00  WARN 6649 --- [provider-service] [org.springframework.kafka.KafkaListenerEndpointContainer#0-0-C-1] org.apache.kafka.clients.NetworkClient   : [Consumer clientId=consumer-provider-service-group-1, groupId=provider-service-group] Connection to node -1 (localhost/127.0.0.1:9092) could not be established. Broker may not be available.
2026-05-23T05:07:54.279-05:00  WARN 6649 --- [provider-service] [org.springframework.kafka.KafkaListenerEndpointContainer#0-0-C-1] org.apache.kafka.clients.NetworkClient   : [Consumer clientId=consumer-provider-service-group-1, groupId=provider-service-group] Bootstrap broker localhost:9092 (id: -1 rack: null) disconnected
2026-05-23T05:07:55.142-05:00  INFO 6649 --- [provider-service] [org.springframework.kafka.KafkaListenerEndpointContainer#0-0-C-1] org.apache.kafka.clients.NetworkClient   : [Consumer clientId=consumer-provider-service-group-1, groupId=provider-service-group] Node -1 disconnected.
2026-05-23T05:07:55.142-05:00  WARN 6649 --- [provider-service] [org.springframework.kafka.KafkaListenerEndpointContainer#0-0-C-1] org.apache.kafka.clients.NetworkClient   : [Consumer clientId=consumer-provider-service-group-1, groupId=provider-service-group] Connection to node -1 (localhost/127.0.0.1:9092) could not be established. Broker may not be available.
2026-05-23T05:07:55.142-05:00  WARN 6649 --- [provider-service] [org.springframework.kafka.KafkaListenerEndpointContainer#0-0-C-1] org.apache.kafka.clients.NetworkClient   : [Consumer clientId=consumer-provider-service-group-1, groupId=provider-service-group] Bootstrap broker localhost:9092 (id: -1 rack: null) disconnected
2026-05-23T05:07:56.010-05:00  INFO 6649 --- [provider-service] [org.springframework.kafka.KafkaListenerEndpointContainer#0-0-C-1] org.apache.kafka.clients.NetworkClient   : [Consumer clientId=consumer-provider-service-group-1, groupId=provider-service-group] Node -1 disconnected.
2026-05-23T05:07:56.010-05:00  WARN 6649 --- [provider-service] [org.springframework.kafka.KafkaListenerEndpointContainer#0-0-C-1] org.apache.kafka.clients.NetworkClient   : [Consumer clientId=consumer-provider-service-group-1, groupId=provider-service-group] Connection to node -1 (localhost/127.0.0.1:9092) could not be established. Broker may not be available.
2026-05-23T05:07:56.010-05:00  WARN 6649 --- [provider-service] [org.springframework.kafka.KafkaListenerEndpointContainer#0-0-C-1] org.apache.kafka.clients.NetworkClient   : [Consumer clientId=consumer-provider-service-group-1, groupId=provider-service-group] Bootstrap broker localhost:9092 (id: -1 rack: null) disconnected
2026-05-23T05:07:57.033-05:00  INFO 6649 --- [provider-service] [org.springframework.kafka.KafkaListenerEndpointContainer#0-0-C-1] org.apache.kafka.clients.NetworkClient   : [Consumer clientId=consumer-provider-service-group-1, groupId=provider-service-group] Node -1 disconnected.
2026-05-23T05:07:57.034-05:00  WARN 6649 --- [provider-service] [org.springframework.kafka.KafkaListenerEndpointContainer#0-0-C-1] org.apache.kafka.clients.NetworkClient   : [Consumer clientId=consumer-provider-service-group-1, groupId=provider-service-group] Connection to node -1 (localhost/127.0.0.1:9092) could not be established. Broker may not be available.
2026-05-23T05:07:57.034-05:00  WARN 6649 --- [provider-service] [org.springframework.kafka.KafkaListenerEndpointContainer#0-0-C-1] org.apache.kafka.clients.NetworkClient   : [Consumer clientId=consumer-provider-service-group-1, groupId=provider-service-group] Bootstrap broker localhost:9092 (id: -1 rack: null) disconnected
2026-05-23T05:07:57.903-05:00  INFO 6649 --- [provider-service] [org.springframework.kafka.KafkaListenerEndpointContainer#0-0-C-1] org.apache.kafka.clients.NetworkClient   : [Consumer clientId=consumer-provider-service-group-1, groupId=provider-service-group] Node -1 disconnected.
2026-05-23T05:07:57.904-05:00  WARN 6649 --- [provider-service] [org.springframework.kafka.KafkaListenerEndpointContainer#0-0-C-1] org.apache.kafka.clients.NetworkClient   : [Consumer clientId=consumer-provider-service-group-1, groupId=provider-service-group] Connection to node -1 (localhost/127.0.0.1:9092) could not be established. Broker may not be available.
2026-05-23T05:07:57.904-05:00  WARN 6649 --- [provider-service] [org.springframework.kafka.KafkaListenerEndpointContainer#0-0-C-1] org.apache.kafka.clients.NetworkClient   : [Consumer clientId=consumer-provider-service-group-1, groupId=provider-service-group] Bootstrap broker localhost:9092 (id: -1 rack: null) disconnected
2026-05-23T05:07:58.774-05:00  INFO 6649 --- [provider-service] [org.springframework.kafka.KafkaListenerEndpointContainer#0-0-C-1] org.apache.kafka.clients.NetworkClient   : [Consumer clientId=consumer-provider-service-group-1, groupId=provider-service-group] Node -1 disconnected.
2026-05-23T05:07:58.775-05:00  WARN 6649 --- [provider-service] [org.springframework.kafka.KafkaListenerEndpointContainer#0-0-C-1] org.apache.kafka.clients.NetworkClient   : [Consumer clientId=consumer-provider-service-group-1, groupId=provider-service-group] Connection to node -1 (localhost/127.0.0.1:9092) could not be established. Broker may not be available.
2026-05-23T05:07:58.775-05:00  WARN 6649 --- [provider-service] [org.springframework.kafka.KafkaListenerEndpointContainer#0-0-C-1] org.apache.kafka.clients.NetworkClient   : [Consumer clientId=consumer-provider-service-group-1, groupId=provider-service-group] Bootstrap broker localhost:9092 (id: -1 rack: null) disconnected
2026-05-23T05:07:59.992-05:00  INFO 6649 --- [provider-service] [org.springframework.kafka.KafkaListenerEndpointContainer#0-0-C-1] org.apache.kafka.clients.NetworkClient   : [Consumer clientId=consumer-provider-service-group-1, groupId=provider-service-group] Node -1 disconnected.
2026-05-23T05:07:59.993-05:00  WARN 6649 --- [provider-service] [org.springframework.kafka.KafkaListenerEndpointContainer#0-0-C-1] org.apache.kafka.clients.NetworkClient   : [Consumer clientId=consumer-provider-service-group-1, groupId=provider-service-group] Connection to node -1 (localhost/127.0.0.1:9092) could not be established. Broker may not be available.
2026-05-23T05:07:59.993-05:00  WARN 6649 --- [provider-service] [org.springframework.kafka.KafkaListenerEndpointContainer#0-0-C-1] org.apache.kafka.clients.NetworkClient   : [Consumer clientId=consumer-provider-service-group-1, groupId=provider-service-group] Bootstrap broker localhost:9092 (id: -1 rack: null) disconnected
2026-05-23T05:08:01.015-05:00  INFO 6649 --- [provider-service] [org.springframework.kafka.KafkaListenerEndpointContainer#0-0-C-1] org.apache.kafka.clients.NetworkClient   : [Consumer clientId=consumer-provider-service-group-1, groupId=provider-service-group] Node -1 disconnected.
2026-05-23T05:08:01.015-05:00  WARN 6649 --- [provider-service] [org.springframework.kafka.KafkaListenerEndpointContainer#0-0-C-1] org.apache.kafka.clients.NetworkClient   : [Consumer clientId=consumer-provider-service-group-1, groupId=provider-service-group] Connection to node -1 (localhost/127.0.0.1:9092) could not be established. Broker may not be available.
2026-05-23T05:08:01.015-05:00  WARN 6649 --- [provider-service] [org.springframework.kafka.KafkaListenerEndpointContainer#0-0-C-1] org.apache.kafka.clients.NetworkClient   : [Consumer clientId=consumer-provider-service-group-1, groupId=provider-service-group] Bootstrap broker localhost:9092 (id: -1 rack: null) disconnected
2026-05-23T05:08:02.191-05:00  INFO 6649 --- [provider-service] [org.springframework.kafka.KafkaListenerEndpointContainer#0-0-C-1] org.apache.kafka.clients.NetworkClient   : [Consumer clientId=consumer-provider-service-group-1, groupId=provider-service-group] Node -1 disconnected.
2026-05-23T05:08:02.191-05:00  WARN 6649 --- [provider-service] [org.springframework.kafka.KafkaListenerEndpointContainer#0-0-C-1] org.apache.kafka.clients.NetworkClient   : [Consumer clientId=consumer-provider-service-group-1, groupId=provider-service-group] Connection to node -1 (localhost/127.0.0.1:9092) could not be established. Broker may not be available.
2026-05-23T05:08:02.191-05:00  WARN 6649 --- [provider-service] [org.springframework.kafka.KafkaListenerEndpointContainer#0-0-C-1] org.apache.kafka.clients.NetworkClient   : [Consumer clientId=consumer-provider-service-group-1, groupId=provider-service-group] Bootstrap broker localhost:9092 (id: -1 rack: null) disconnected
2026-05-23T05:08:03.317-05:00  INFO 6649 --- [provider-service] [org.springframework.kafka.KafkaListenerEndpointContainer#0-0-C-1] org.apache.kafka.clients.NetworkClient   : [Consumer clientId=consumer-provider-service-group-1, groupId=provider-service-group] Node -1 disconnected.
2026-05-23T05:08:03.317-05:00  WARN 6649 --- [provider-service] [org.springframework.kafka.KafkaListenerEndpointContainer#0-0-C-1] org.apache.kafka.clients.NetworkClient   : [Consumer clientId=consumer-provider-service-group-1, groupId=provider-service-group] Connection to node -1 (localhost/127.0.0.1:9092) could not be established. Broker may not be available.
2026-05-23T05:08:03.317-05:00  WARN 6649 --- [provider-service] [org.springframework.kafka.KafkaListenerEndpointContainer#0-0-C-1] org.apache.kafka.clients.NetworkClient   : [Consumer clientId=consumer-provider-service-group-1, groupId=provider-service-group] Bootstrap broker localhost:9092 (id: -1 rack: null) disconnected
2026-05-23T05:08:04.389-05:00  INFO 6649 --- [provider-service] [org.springframework.kafka.KafkaListenerEndpointContainer#0-0-C-1] org.apache.kafka.clients.NetworkClient   : [Consumer clientId=consumer-provider-service-group-1, groupId=provider-service-group] Node -1 disconnected.
2026-05-23T05:08:04.390-05:00  WARN 6649 --- [provider-service] [org.springframework.kafka.KafkaListenerEndpointContainer#0-0-C-1] org.apache.kafka.clients.NetworkClient   : [Consumer clientId=consumer-provider-service-group-1, groupId=provider-service-group] Connection to node -1 (localhost/127.0.0.1:9092) could not be established. Broker may not be available.
2026-05-23T05:08:04.390-05:00  WARN 6649 --- [provider-service] [org.springframework.kafka.KafkaListenerEndpointContainer#0-0-C-1] org.apache.kafka.clients.NetworkClient   : [Consumer clientId=consumer-provider-service-group-1, groupId=provider-service-group] Bootstrap broker localhost:9092 (id: -1 rack: null) disconnected
2026-05-23T05:08:05.450-05:00  INFO 6649 --- [provider-service] [org.springframework.kafka.KafkaListenerEndpointContainer#0-0-C-1] org.apache.kafka.clients.NetworkClient   : [Consumer clientId=consumer-provider-service-group-1, groupId=provider-service-group] Node -1 disconnected.
2026-05-23T05:08:05.450-05:00  WARN 6649 --- [provider-service] [org.springframework.kafka.KafkaListenerEndpointContainer#0-0-C-1] org.apache.kafka.clients.NetworkClient   : [Consumer clientId=consumer-provider-service-group-1, groupId=provider-service-group] Connection to node -1 (localhost/127.0.0.1:9092) could not be established. Broker may not be available.
2026-05-23T05:08:05.450-05:00  WARN 6649 --- [provider-service] [org.springframework.kafka.KafkaListenerEndpointContainer#0-0-C-1] org.apache.kafka.clients.NetworkClient   : [Consumer clientId=consumer-provider-service-group-1, groupId=provider-service-group] Bootstrap broker localhost:9092 (id: -1 rack: null) disconnected
2026-05-23T05:08:06.318-05:00  INFO 6649 --- [provider-service] [org.springframework.kafka.KafkaListenerEndpointContainer#0-0-C-1] org.apache.kafka.clients.NetworkClient   : [Consumer clientId=consumer-provider-service-group-1, groupId=provider-service-group] Node -1 disconnected.
2026-05-23T05:08:06.319-05:00  WARN 6649 --- [provider-service] [org.springframework.kafka.KafkaListenerEndpointContainer#0-0-C-1] org.apache.kafka.clients.NetworkClient   : [Consumer clientId=consumer-provider-service-group-1, groupId=provider-service-group] Connection to node -1 (localhost/127.0.0.1:9092) could not be established. Broker may not be available.
2026-05-23T05:08:06.319-05:00  WARN 6649 --- [provider-service] [org.springframework.kafka.KafkaListenerEndpointContainer#0-0-C-1] org.apache.kafka.clients.NetworkClient   : [Consumer clientId=consumer-provider-service-group-1, groupId=provider-service-group] Bootstrap broker localhost:9092 (id: -1 rack: null) disconnected
2026-05-23T05:08:07.392-05:00  INFO 6649 --- [provider-service] [org.springframework.kafka.KafkaListenerEndpointContainer#0-0-C-1] org.apache.kafka.clients.NetworkClient   : [Consumer clientId=consumer-provider-service-group-1, groupId=provider-service-group] Node -1 disconnected.
2026-05-23T05:08:07.392-05:00  WARN 6649 --- [provider-service] [org.springframework.kafka.KafkaListenerEndpointContainer#0-0-C-1] org.apache.kafka.clients.NetworkClient   : [Consumer clientId=consumer-provider-service-group-1, groupId=provider-service-group] Connection to node -1 (localhost/127.0.0.1:9092) could not be established. Broker may not be available.
2026-05-23T05:08:07.393-05:00  WARN 6649 --- [provider-service] [org.springframework.kafka.KafkaListenerEndpointContainer#0-0-C-1] org.apache.kafka.clients.NetworkClient   : [Consumer clientId=consumer-provider-service-group-1, groupId=provider-service-group] Bootstrap broker localhost:9092 (id: -1 rack: null) disconnected
2026-05-23T05:08:08.413-05:00  INFO 6649 --- [provider-service] [org.springframework.kafka.KafkaListenerEndpointContainer#0-0-C-1] org.apache.kafka.clients.NetworkClient   : [Consumer clientId=consumer-provider-service-group-1, groupId=provider-service-group] Node -1 disconnected.
2026-05-23T05:08:08.413-05:00  WARN 6649 --- [provider-service] [org.springframework.kafka.KafkaListenerEndpointContainer#0-0-C-1] org.apache.kafka.clients.NetworkClient   : [Consumer clientId=consumer-provider-service-group-1, groupId=provider-service-group] Connection to node -1 (localhost/127.0.0.1:9092) could not be established. Broker may not be available.
2026-05-23T05:08:08.414-05:00  WARN 6649 --- [provider-service] [org.springframework.kafka.KafkaListenerEndpointContainer#0-0-C-1] org.apache.kafka.clients.NetworkClient   : [Consumer clientId=consumer-provider-service-group-1, groupId=provider-service-group] Bootstrap broker localhost:9092 (id: -1 rack: null) disconnected
2026-05-23T05:08:09.485-05:00  INFO 6649 --- [provider-service] [org.springframework.kafka.KafkaListenerEndpointContainer#0-0-C-1] org.apache.kafka.clients.NetworkClient   : [Consumer clientId=consumer-provider-service-group-1, groupId=provider-service-group] Node -1 disconnected.
2026-05-23T05:08:09.486-05:00  WARN 6649 --- [provider-service] [org.springframework.kafka.KafkaListenerEndpointContainer#0-0-C-1] org.apache.kafka.clients.NetworkClient   : [Consumer clientId=consumer-provider-service-group-1, groupId=provider-service-group] Connection to node -1 (localhost/127.0.0.1:9092) could not be established. Broker may not be available.
2026-05-23T05:08:09.486-05:00  WARN 6649 --- [provider-service] [org.springframework.kafka.KafkaListenerEndpointContainer#0-0-C-1] org.apache.kafka.clients.NetworkClient   : [Consumer clientId=consumer-provider-service-group-1, groupId=provider-service-group] Bootstrap broker localhost:9092 (id: -1 rack: null) disconnected
2026-05-23T05:08:10.655-05:00  INFO 6649 --- [provider-service] [org.springframework.kafka.KafkaListenerEndpointContainer#0-0-C-1] org.apache.kafka.clients.NetworkClient   : [Consumer clientId=consumer-provider-service-group-1, groupId=provider-service-group] Node -1 disconnected.
2026-05-23T05:08:10.655-05:00  WARN 6649 --- [provider-service] [org.springframework.kafka.KafkaListenerEndpointContainer#0-0-C-1] org.apache.kafka.clients.NetworkClient   : [Consumer clientId=consumer-provider-service-group-1, groupId=provider-service-group] Connection to node -1 (localhost/127.0.0.1:9092) could not be established. Broker may not be available.
2026-05-23T05:08:10.655-05:00  WARN 6649 --- [provider-service] [org.springframework.kafka.KafkaListenerEndpointContainer#0-0-C-1] org.apache.kafka.clients.NetworkClient   : [Consumer clientId=consumer-provider-service-group-1, groupId=provider-service-group] Bootstrap broker localhost:9092 (id: -1 rack: null) disconnected
2026-05-23T05:08:11.475-05:00  INFO 6649 --- [provider-service] [org.springframework.kafka.KafkaListenerEndpointContainer#0-0-C-1] org.apache.kafka.clients.NetworkClient   : [Consumer clientId=consumer-provider-service-group-1, groupId=provider-service-group] Node -1 disconnected.
2026-05-23T05:08:11.475-05:00  WARN 6649 --- [provider-service] [org.springframework.kafka.KafkaListenerEndpointContainer#0-0-C-1] org.apache.kafka.clients.NetworkClient   : [Consumer clientId=consumer-provider-service-group-1, groupId=provider-service-group] Connection to node -1 (localhost/127.0.0.1:9092) could not be established. Broker may not be available.
2026-05-23T05:08:11.476-05:00  WARN 6649 --- [provider-service] [org.springframework.kafka.KafkaListenerEndpointContainer#0-0-C-1] org.apache.kafka.clients.NetworkClient   : [Consumer clientId=consumer-provider-service-group-1, groupId=provider-service-group] Bootstrap broker localhost:9092 (id: -1 rack: null) disconnected
2026-05-23T05:08:12.707-05:00  INFO 6649 --- [provider-service] [org.springframework.kafka.KafkaListenerEndpointContainer#0-0-C-1] org.apache.kafka.clients.NetworkClient   : [Consumer clientId=consumer-provider-service-group-1, groupId=provider-service-group] Node -1 disconnected.
2026-05-23T05:08:12.708-05:00  WARN 6649 --- [provider-service] [org.springframework.kafka.KafkaListenerEndpointContainer#0-0-C-1] org.apache.kafka.clients.NetworkClient   : [Consumer clientId=consumer-provider-service-group-1, groupId=provider-service-group] Connection to node -1 (localhost/127.0.0.1:9092) could not be established. Broker may not be available.
2026-05-23T05:08:12.708-05:00  WARN 6649 --- [provider-service] [org.springframework.kafka.KafkaListenerEndpointContainer#0-0-C-1] org.apache.kafka.clients.NetworkClient   : [Consumer clientId=consumer-provider-service-group-1, groupId=provider-service-group] Bootstrap broker localhost:9092 (id: -1 rack: null) disconnected
2026-05-23T05:08:13.887-05:00  INFO 6649 --- [provider-service] [org.springframework.kafka.KafkaListenerEndpointContainer#0-0-C-1] org.apache.kafka.clients.NetworkClient   : [Consumer clientId=consumer-provider-service-group-1, groupId=provider-service-group] Node -1 disconnected.
2026-05-23T05:08:13.887-05:00  WARN 6649 --- [provider-service] [org.springframework.kafka.KafkaListenerEndpointContainer#0-0-C-1] org.apache.kafka.clients.NetworkClient   : [Consumer clientId=consumer-provider-service-group-1, groupId=provider-service-group] Connection to node -1 (localhost/127.0.0.1:9092) could not be established. Broker may not be available.
2026-05-23T05:08:13.888-05:00  WARN 6649 --- [provider-service] [org.springframework.kafka.KafkaListenerEndpointContainer#0-0-C-1] org.apache.kafka.clients.NetworkClient   : [Consumer clientId=consumer-provider-service-group-1, groupId=provider-service-group] Bootstrap broker localhost:9092 (id: -1 rack: null) disconnected
2026-05-23T05:08:14.845-05:00  INFO 6649 --- [provider-service] [org.springframework.kafka.KafkaListenerEndpointContainer#0-0-C-1] org.apache.kafka.clients.NetworkClient   : [Consumer clientId=consumer-provider-service-group-1, groupId=provider-service-group] Node -1 disconnected.
2026-05-23T05:08:14.845-05:00  WARN 6649 --- [provider-service] [org.springframework.kafka.KafkaListenerEndpointContainer#0-0-C-1] org.apache.kafka.clients.NetworkClient   : [Consumer clientId=consumer-provider-service-group-1, groupId=provider-service-group] Connection to node -1 (localhost/127.0.0.1:9092) could not be established. Broker may not be available.
2026-05-23T05:08:14.846-05:00  WARN 6649 --- [provider-service] [org.springframework.kafka.KafkaListenerEndpointContainer#0-0-C-1] org.apache.kafka.clients.NetworkClient   : [Consumer clientId=consumer-provider-service-group-1, groupId=provider-service-group] Bootstrap broker localhost:9092 (id: -1 rack: null) disconnected
2026-05-23T05:08:15.816-05:00  INFO 6649 --- [provider-service] [org.springframework.kafka.KafkaListenerEndpointContainer#0-0-C-1] org.apache.kafka.clients.NetworkClient   : [Consumer clientId=consumer-provider-service-group-1, groupId=provider-service-group] Node -1 disconnected.
2026-05-23T05:08:15.816-05:00  WARN 6649 --- [provider-service] [org.springframework.kafka.KafkaListenerEndpointContainer#0-0-C-1] org.apache.kafka.clients.NetworkClient   : [Consumer clientId=consumer-provider-service-group-1, groupId=provider-service-group] Connection to node -1 (localhost/127.0.0.1:9092) could not be established. Broker may not be available.
2026-05-23T05:08:15.816-05:00  WARN 6649 --- [provider-service] [org.springframework.kafka.KafkaListenerEndpointContainer#0-0-C-1] org.apache.kafka.clients.NetworkClient   : [Consumer clientId=consumer-provider-service-group-1, groupId=provider-service-group] Bootstrap broker localhost:9092 (id: -1 rack: null) disconnected
2026-05-23T05:08:16.686-05:00  INFO 6649 --- [provider-service] [org.springframework.kafka.KafkaListenerEndpointContainer#0-0-C-1] org.apache.kafka.clients.NetworkClient   : [Consumer clientId=consumer-provider-service-group-1, groupId=provider-service-group] Node -1 disconnected.
2026-05-23T05:08:16.686-05:00  WARN 6649 --- [provider-service] [org.springframework.kafka.KafkaListenerEndpointContainer#0-0-C-1] org.apache.kafka.clients.NetworkClient   : [Consumer clientId=consumer-provider-service-group-1, groupId=provider-service-group] Connection to node -1 (localhost/127.0.0.1:9092) could not be established. Broker may not be available.
2026-05-23T05:08:16.686-05:00  WARN 6649 --- [provider-service] [org.springframework.kafka.KafkaListenerEndpointContainer#0-0-C-1] org.apache.kafka.clients.NetworkClient   : [Consumer clientId=consumer-provider-service-group-1, groupId=provider-service-group] Bootstrap broker localhost:9092 (id: -1 rack: null) disconnected
2026-05-23T05:08:17.605-05:00  INFO 6649 --- [provider-service] [org.springframework.kafka.KafkaListenerEndpointContainer#0-0-C-1] org.apache.kafka.clients.NetworkClient   : [Consumer clientId=consumer-provider-service-group-1, groupId=provider-service-group] Node -1 disconnected.
2026-05-23T05:08:17.605-05:00  WARN 6649 --- [provider-service] [org.springframework.kafka.KafkaListenerEndpointContainer#0-0-C-1] org.apache.kafka.clients.NetworkClient   : [Consumer clientId=consumer-provider-service-group-1, groupId=provider-service-group] Connection to node -1 (localhost/127.0.0.1:9092) could not be established. Broker may not be available.
2026-05-23T05:08:17.605-05:00  WARN 6649 --- [provider-service] [org.springframework.kafka.KafkaListenerEndpointContainer#0-0-C-1] org.apache.kafka.clients.NetworkClient   : [Consumer clientId=consumer-provider-service-group-1, groupId=provider-service-group] Bootstrap broker localhost:9092 (id: -1 rack: null) disconnected
2026-05-23T05:08:18.526-05:00  INFO 6649 --- [provider-service] [org.springframework.kafka.KafkaListenerEndpointContainer#0-0-C-1] org.apache.kafka.clients.NetworkClient   : [Consumer clientId=consumer-provider-service-group-1, groupId=provider-service-group] Node -1 disconnected.
2026-05-23T05:08:18.527-05:00  WARN 6649 --- [provider-service] [org.springframework.kafka.KafkaListenerEndpointContainer#0-0-C-1] org.apache.kafka.clients.NetworkClient   : [Consumer clientId=consumer-provider-service-group-1, groupId=provider-service-group] Connection to node -1 (localhost/127.0.0.1:9092) could not be established. Broker may not be available.
2026-05-23T05:08:18.527-05:00  WARN 6649 --- [provider-service] [org.springframework.kafka.KafkaListenerEndpointContainer#0-0-C-1] org.apache.kafka.clients.NetworkClient   : [Consumer clientId=consumer-provider-service-group-1, groupId=provider-service-group] Bootstrap broker localhost:9092 (id: -1 rack: null) disconnected
2026-05-23T05:08:19.398-05:00  INFO 6649 --- [provider-service] [org.springframework.kafka.KafkaListenerEndpointContainer#0-0-C-1] org.apache.kafka.clients.NetworkClient   : [Consumer clientId=consumer-provider-service-group-1, groupId=provider-service-group] Node -1 disconnected.
2026-05-23T05:08:19.399-05:00  WARN 6649 --- [provider-service] [org.springframework.kafka.KafkaListenerEndpointContainer#0-0-C-1] org.apache.kafka.clients.NetworkClient   : [Consumer clientId=consumer-provider-service-group-1, groupId=provider-service-group] Connection to node -1 (localhost/127.0.0.1:9092) could not be established. Broker may not be available.
2026-05-23T05:08:19.399-05:00  WARN 6649 --- [provider-service] [org.springframework.kafka.KafkaListenerEndpointContainer#0-0-C-1] org.apache.kafka.clients.NetworkClient   : [Consumer clientId=consumer-provider-service-group-1, groupId=provider-service-group] Bootstrap broker localhost:9092 (id: -1 rack: null) disconnected
2026-05-23T05:08:20.516-05:00  INFO 6649 --- [provider-service] [org.springframework.kafka.KafkaListenerEndpointContainer#0-0-C-1] org.apache.kafka.clients.NetworkClient   : [Consumer clientId=consumer-provider-service-group-1, groupId=provider-service-group] Node -1 disconnected.
2026-05-23T05:08:20.517-05:00  WARN 6649 --- [provider-service] [org.springframework.kafka.KafkaListenerEndpointContainer#0-0-C-1] org.apache.kafka.clients.NetworkClient   : [Consumer clientId=consumer-provider-service-group-1, groupId=provider-service-group] Connection to node -1 (localhost/127.0.0.1:9092) could not be established. Broker may not be available.
2026-05-23T05:08:20.517-05:00  WARN 6649 --- [provider-service] [org.springframework.kafka.KafkaListenerEndpointContainer#0-0-C-1] org.apache.kafka.clients.NetworkClient   : [Consumer clientId=consumer-provider-service-group-1, groupId=provider-service-group] Bootstrap broker localhost:9092 (id: -1 rack: null) disconnected
2026-05-23T05:08:21.646-05:00  INFO 6649 --- [provider-service] [org.springframework.kafka.KafkaListenerEndpointContainer#0-0-C-1] org.apache.kafka.clients.NetworkClient   : [Consumer clientId=consumer-provider-service-group-1, groupId=provider-service-group] Node -1 disconnected.
2026-05-23T05:08:21.646-05:00  WARN 6649 --- [provider-service] [org.springframework.kafka.KafkaListenerEndpointContainer#0-0-C-1] org.apache.kafka.clients.NetworkClient   : [Consumer clientId=consumer-provider-service-group-1, groupId=provider-service-group] Connection to node -1 (localhost/127.0.0.1:9092) could not be established. Broker may not be available.
2026-05-23T05:08:21.646-05:00  WARN 6649 --- [provider-service] [org.springframework.kafka.KafkaListenerEndpointContainer#0-0-C-1] org.apache.kafka.clients.NetworkClient   : [Consumer clientId=consumer-provider-service-group-1, groupId=provider-service-group] Bootstrap broker localhost:9092 (id: -1 rack: null) disconnected
2026-05-23T05:08:22.775-05:00  INFO 6649 --- [provider-service] [org.springframework.kafka.KafkaListenerEndpointContainer#0-0-C-1] org.apache.kafka.clients.NetworkClient   : [Consumer clientId=consumer-provider-service-group-1, groupId=provider-service-group] Node -1 disconnected.
2026-05-23T05:08:22.775-05:00  WARN 6649 --- [provider-service] [org.springframework.kafka.KafkaListenerEndpointContainer#0-0-C-1] org.apache.kafka.clients.NetworkClient   : [Consumer clientId=consumer-provider-service-group-1, groupId=provider-service-group] Connection to node -1 (localhost/127.0.0.1:9092) could not be established. Broker may not be available.
2026-05-23T05:08:22.776-05:00  WARN 6649 --- [provider-service] [org.springframework.kafka.KafkaListenerEndpointContainer#0-0-C-1] org.apache.kafka.clients.NetworkClient   : [Consumer clientId=consumer-provider-service-group-1, groupId=provider-service-group] Bootstrap broker localhost:9092 (id: -1 rack: null) disconnected
2026-05-23T05:08:23.949-05:00  INFO 6649 --- [provider-service] [org.springframework.kafka.KafkaListenerEndpointContainer#0-0-C-1] org.apache.kafka.clients.NetworkClient   : [Consumer clientId=consumer-provider-service-group-1, groupId=provider-service-group] Node -1 disconnected.
2026-05-23T05:08:23.950-05:00  WARN 6649 --- [provider-service] [org.springframework.kafka.KafkaListenerEndpointContainer#0-0-C-1] org.apache.kafka.clients.NetworkClient   : [Consumer clientId=consumer-provider-service-group-1, groupId=provider-service-group] Connection to node -1 (localhost/127.0.0.1:9092) could not be established. Broker may not be available.
2026-05-23T05:08:23.950-05:00  WARN 6649 --- [provider-service] [org.springframework.kafka.KafkaListenerEndpointContainer#0-0-C-1] org.apache.kafka.clients.NetworkClient   : [Consumer clientId=consumer-provider-service-group-1, groupId=provider-service-group] Bootstrap broker localhost:9092 (id: -1 rack: null) disconnected
2026-05-23T05:08:24.997-05:00  INFO 6649 --- [provider-service] [org.springframework.kafka.KafkaListenerEndpointContainer#0-0-C-1] org.apache.kafka.clients.NetworkClient   : [Consumer clientId=consumer-provider-service-group-1, groupId=provider-service-group] Node -1 disconnected.
2026-05-23T05:08:24.998-05:00  WARN 6649 --- [provider-service] [org.springframework.kafka.KafkaListenerEndpointContainer#0-0-C-1] org.apache.kafka.clients.NetworkClient   : [Consumer clientId=consumer-provider-service-group-1, groupId=provider-service-group] Connection to node -1 (localhost/127.0.0.1:9092) could not be established. Broker may not be available.
2026-05-23T05:08:24.998-05:00  WARN 6649 --- [provider-service] [org.springframework.kafka.KafkaListenerEndpointContainer#0-0-C-1] org.apache.kafka.clients.NetworkClient   : [Consumer clientId=consumer-provider-service-group-1, groupId=provider-service-group] Bootstrap broker localhost:9092 (id: -1 rack: null) disconnected
2026-05-23T05:08:25.968-05:00  INFO 6649 --- [provider-service] [org.springframework.kafka.KafkaListenerEndpointContainer#0-0-C-1] org.apache.kafka.clients.NetworkClient   : [Consumer clientId=consumer-provider-service-group-1, groupId=provider-service-group] Node -1 disconnected.
2026-05-23T05:08:25.969-05:00  WARN 6649 --- [provider-service] [org.springframework.kafka.KafkaListenerEndpointContainer#0-0-C-1] org.apache.kafka.clients.NetworkClient   : [Consumer clientId=consumer-provider-service-group-1, groupId=provider-service-group] Connection to node -1 (localhost/127.0.0.1:9092) could not be established. Broker may not be available.
2026-05-23T05:08:25.969-05:00  WARN 6649 --- [provider-service] [org.springframework.kafka.KafkaListenerEndpointContainer#0-0-C-1] org.apache.kafka.clients.NetworkClient   : [Consumer clientId=consumer-provider-service-group-1, groupId=provider-service-group] Bootstrap broker localhost:9092 (id: -1 rack: null) disconnected
2026-05-23T05:08:26.785-05:00  INFO 6649 --- [provider-service] [org.springframework.kafka.KafkaListenerEndpointContainer#0-0-C-1] org.apache.kafka.clients.NetworkClient   : [Consumer clientId=consumer-provider-service-group-1, groupId=provider-service-group] Node -1 disconnected.
2026-05-23T05:08:26.785-05:00  WARN 6649 --- [provider-service] [org.springframework.kafka.KafkaListenerEndpointContainer#0-0-C-1] org.apache.kafka.clients.NetworkClient   : [Consumer clientId=consumer-provider-service-group-1, groupId=provider-service-group] Connection to node -1 (localhost/127.0.0.1:9092) could not be established. Broker may not be available.
2026-05-23T05:08:26.785-05:00  WARN 6649 --- [provider-service] [org.springframework.kafka.KafkaListenerEndpointContainer#0-0-C-1] org.apache.kafka.clients.NetworkClient   : [Consumer clientId=consumer-provider-service-group-1, groupId=provider-service-group] Bootstrap broker localhost:9092 (id: -1 rack: null) disconnected
2026-05-23T05:08:27.861-05:00  INFO 6649 --- [provider-service] [org.springframework.kafka.KafkaListenerEndpointContainer#0-0-C-1] org.apache.kafka.clients.NetworkClient   : [Consumer clientId=consumer-provider-service-group-1, groupId=provider-service-group] Node -1 disconnected.
2026-05-23T05:08:27.863-05:00  WARN 6649 --- [provider-service] [org.springframework.kafka.KafkaListenerEndpointContainer#0-0-C-1] org.apache.kafka.clients.NetworkClient   : [Consumer clientId=consumer-provider-service-group-1, groupId=provider-service-group] Connection to node -1 (localhost/127.0.0.1:9092) could not be established. Broker may not be available.
2026-05-23T05:08:27.863-05:00  WARN 6649 --- [provider-service] [org.springframework.kafka.KafkaListenerEndpointContainer#0-0-C-1] org.apache.kafka.clients.NetworkClient   : [Consumer clientId=consumer-provider-service-group-1, groupId=provider-service-group] Bootstrap broker localhost:9092 (id: -1 rack: null) disconnected
2026-05-23T05:08:29.039-05:00  INFO 6649 --- [provider-service] [org.springframework.kafka.KafkaListenerEndpointContainer#0-0-C-1] org.apache.kafka.clients.NetworkClient   : [Consumer clientId=consumer-provider-service-group-1, groupId=provider-service-group] Node -1 disconnected.
2026-05-23T05:08:29.040-05:00  WARN 6649 --- [provider-service] [org.springframework.kafka.KafkaListenerEndpointContainer#0-0-C-1] org.apache.kafka.clients.NetworkClient   : [Consumer clientId=consumer-provider-service-group-1, groupId=provider-service-group] Connection to node -1 (localhost/127.0.0.1:9092) could not be established. Broker may not be available.
2026-05-23T05:08:29.040-05:00  WARN 6649 --- [provider-service] [org.springframework.kafka.KafkaListenerEndpointContainer#0-0-C-1] org.apache.kafka.clients.NetworkClient   : [Consumer clientId=consumer-provider-service-group-1, groupId=provider-service-group] Bootstrap broker localhost:9092 (id: -1 rack: null) disconnected
2026-05-23T05:08:30.053-05:00  INFO 6649 --- [provider-service] [org.springframework.kafka.KafkaListenerEndpointContainer#0-0-C-1] org.apache.kafka.clients.NetworkClient   : [Consumer clientId=consumer-provider-service-group-1, groupId=provider-service-group] Node -1 disconnected.
2026-05-23T05:08:30.053-05:00  WARN 6649 --- [provider-service] [org.springframework.kafka.KafkaListenerEndpointContainer#0-0-C-1] org.apache.kafka.clients.NetworkClient   : [Consumer clientId=consumer-provider-service-group-1, groupId=provider-service-group] Connection to node -1 (localhost/127.0.0.1:9092) could not be established. Broker may not be available.
2026-05-23T05:08:30.053-05:00  WARN 6649 --- [provider-service] [org.springframework.kafka.KafkaListenerEndpointContainer#0-0-C-1] org.apache.kafka.clients.NetworkClient   : [Consumer clientId=consumer-provider-service-group-1, groupId=provider-service-group] Bootstrap broker localhost:9092 (id: -1 rack: null) disconnected
2026-05-23T05:08:30.923-05:00  INFO 6649 --- [provider-service] [org.springframework.kafka.KafkaListenerEndpointContainer#0-0-C-1] org.apache.kafka.clients.NetworkClient   : [Consumer clientId=consumer-provider-service-group-1, groupId=provider-service-group] Node -1 disconnected.
2026-05-23T05:08:30.924-05:00  WARN 6649 --- [provider-service] [org.springframework.kafka.KafkaListenerEndpointContainer#0-0-C-1] org.apache.kafka.clients.NetworkClient   : [Consumer clientId=consumer-provider-service-group-1, groupId=provider-service-group] Connection to node -1 (localhost/127.0.0.1:9092) could not be established. Broker may not be available.
2026-05-23T05:08:30.924-05:00  WARN 6649 --- [provider-service] [org.springframework.kafka.KafkaListenerEndpointContainer#0-0-C-1] org.apache.kafka.clients.NetworkClient   : [Consumer clientId=consumer-provider-service-group-1, groupId=provider-service-group] Bootstrap broker localhost:9092 (id: -1 rack: null) disconnected
2026-05-23T05:08:31.996-05:00  INFO 6649 --- [provider-service] [org.springframework.kafka.KafkaListenerEndpointContainer#0-0-C-1] org.apache.kafka.clients.NetworkClient   : [Consumer clientId=consumer-provider-service-group-1, groupId=provider-service-group] Node -1 disconnected.
2026-05-23T05:08:31.997-05:00  WARN 6649 --- [provider-service] [org.springframework.kafka.KafkaListenerEndpointContainer#0-0-C-1] org.apache.kafka.clients.NetworkClient   : [Consumer clientId=consumer-provider-service-group-1, groupId=provider-service-group] Connection to node -1 (localhost/127.0.0.1:9092) could not be established. Broker may not be available.
2026-05-23T05:08:31.997-05:00  WARN 6649 --- [provider-service] [org.springframework.kafka.KafkaListenerEndpointContainer#0-0-C-1] org.apache.kafka.clients.NetworkClient   : [Consumer clientId=consumer-provider-service-group-1, groupId=provider-service-group] Bootstrap broker localhost:9092 (id: -1 rack: null) disconnected
2026-05-23T05:08:32.864-05:00  INFO 6649 --- [provider-service] [org.springframework.kafka.KafkaListenerEndpointContainer#0-0-C-1] org.apache.kafka.clients.NetworkClient   : [Consumer clientId=consumer-provider-service-group-1, groupId=provider-service-group] Node -1 disconnected.
2026-05-23T05:08:32.865-05:00  WARN 6649 --- [provider-service] [org.springframework.kafka.KafkaListenerEndpointContainer#0-0-C-1] org.apache.kafka.clients.NetworkClient   : [Consumer clientId=consumer-provider-service-group-1, groupId=provider-service-group] Connection to node -1 (localhost/127.0.0.1:9092) could not be established. Broker may not be available.
2026-05-23T05:08:32.865-05:00  WARN 6649 --- [provider-service] [org.springframework.kafka.KafkaListenerEndpointContainer#0-0-C-1] org.apache.kafka.clients.NetworkClient   : [Consumer clientId=consumer-provider-service-group-1, groupId=provider-service-group] Bootstrap broker localhost:9092 (id: -1 rack: null) disconnected
2026-05-23T05:08:33.938-05:00  INFO 6649 --- [provider-service] [org.springframework.kafka.KafkaListenerEndpointContainer#0-0-C-1] org.apache.kafka.clients.NetworkClient   : [Consumer clientId=consumer-provider-service-group-1, groupId=provider-service-group] Node -1 disconnected.
2026-05-23T05:08:33.939-05:00  WARN 6649 --- [provider-service] [org.springframework.kafka.KafkaListenerEndpointContainer#0-0-C-1] org.apache.kafka.clients.NetworkClient   : [Consumer clientId=consumer-provider-service-group-1, groupId=provider-service-group] Connection to node -1 (localhost/127.0.0.1:9092) could not be established. Broker may not be available.
2026-05-23T05:08:33.939-05:00  WARN 6649 --- [provider-service] [org.springframework.kafka.KafkaListenerEndpointContainer#0-0-C-1] org.apache.kafka.clients.NetworkClient   : [Consumer clientId=consumer-provider-service-group-1, groupId=provider-service-group] Bootstrap broker localhost:9092 (id: -1 rack: null) disconnected
2026-05-23T05:08:35.101-05:00  INFO 6649 --- [provider-service] [org.springframework.kafka.KafkaListenerEndpointContainer#0-0-C-1] org.apache.kafka.clients.NetworkClient   : [Consumer clientId=consumer-provider-service-group-1, groupId=provider-service-group] Node -1 disconnected.
2026-05-23T05:08:35.101-05:00  WARN 6649 --- [provider-service] [org.springframework.kafka.KafkaListenerEndpointContainer#0-0-C-1] org.apache.kafka.clients.NetworkClient   : [Consumer clientId=consumer-provider-service-group-1, groupId=provider-service-group] Connection to node -1 (localhost/127.0.0.1:9092) could not be established. Broker may not be available.
2026-05-23T05:08:35.102-05:00  WARN 6649 --- [provider-service] [org.springframework.kafka.KafkaListenerEndpointContainer#0-0-C-1] org.apache.kafka.clients.NetworkClient   : [Consumer clientId=consumer-provider-service-group-1, groupId=provider-service-group] Bootstrap broker localhost:9092 (id: -1 rack: null) disconnected
2026-05-23T05:08:35.969-05:00  INFO 6649 --- [provider-service] [org.springframework.kafka.KafkaListenerEndpointContainer#0-0-C-1] org.apache.kafka.clients.NetworkClient   : [Consumer clientId=consumer-provider-service-group-1, groupId=provider-service-group] Node -1 disconnected.
2026-05-23T05:08:35.970-05:00  WARN 6649 --- [provider-service] [org.springframework.kafka.KafkaListenerEndpointContainer#0-0-C-1] org.apache.kafka.clients.NetworkClient   : [Consumer clientId=consumer-provider-service-group-1, groupId=provider-service-group] Connection to node -1 (localhost/127.0.0.1:9092) could not be established. Broker may not be available.
2026-05-23T05:08:35.970-05:00  WARN 6649 --- [provider-service] [org.springframework.kafka.KafkaListenerEndpointContainer#0-0-C-1] org.apache.kafka.clients.NetworkClient   : [Consumer clientId=consumer-provider-service-group-1, groupId=provider-service-group] Bootstrap broker localhost:9092 (id: -1 rack: null) disconnected
2026-05-23T05:08:36.991-05:00  INFO 6649 --- [provider-service] [org.springframework.kafka.KafkaListenerEndpointContainer#0-0-C-1] org.apache.kafka.clients.NetworkClient   : [Consumer clientId=consumer-provider-service-group-1, groupId=provider-service-group] Node -1 disconnected.
2026-05-23T05:08:36.991-05:00  WARN 6649 --- [provider-service] [org.springframework.kafka.KafkaListenerEndpointContainer#0-0-C-1] org.apache.kafka.clients.NetworkClient   : [Consumer clientId=consumer-provider-service-group-1, groupId=provider-service-group] Connection to node -1 (localhost/127.0.0.1:9092) could not be established. Broker may not be available.
2026-05-23T05:08:36.991-05:00  WARN 6649 --- [provider-service] [org.springframework.kafka.KafkaListenerEndpointContainer#0-0-C-1] org.apache.kafka.clients.NetworkClient   : [Consumer clientId=consumer-provider-service-group-1, groupId=provider-service-group] Bootstrap broker localhost:9092 (id: -1 rack: null) disconnected
2026-05-23T05:08:37.911-05:00  INFO 6649 --- [provider-service] [org.springframework.kafka.KafkaListenerEndpointContainer#0-0-C-1] org.apache.kafka.clients.NetworkClient   : [Consumer clientId=consumer-provider-service-group-1, groupId=provider-service-group] Node -1 disconnected.
2026-05-23T05:08:37.912-05:00  WARN 6649 --- [provider-service] [org.springframework.kafka.KafkaListenerEndpointContainer#0-0-C-1] org.apache.kafka.clients.NetworkClient   : [Consumer clientId=consumer-provider-service-group-1, groupId=provider-service-group] Connection to node -1 (localhost/127.0.0.1:9092) could not be established. Broker may not be available.
2026-05-23T05:08:37.912-05:00  WARN 6649 --- [provider-service] [org.springframework.kafka.KafkaListenerEndpointContainer#0-0-C-1] org.apache.kafka.clients.NetworkClient   : [Consumer clientId=consumer-provider-service-group-1, groupId=provider-service-group] Bootstrap broker localhost:9092 (id: -1 rack: null) disconnected
2026-05-23T05:08:39.137-05:00  INFO 6649 --- [provider-service] [org.springframework.kafka.KafkaListenerEndpointContainer#0-0-C-1] org.apache.kafka.clients.NetworkClient   : [Consumer clientId=consumer-provider-service-group-1, groupId=provider-service-group] Node -1 disconnected.
2026-05-23T05:08:39.138-05:00  WARN 6649 --- [provider-service] [org.springframework.kafka.KafkaListenerEndpointContainer#0-0-C-1] org.apache.kafka.clients.NetworkClient   : [Consumer clientId=consumer-provider-service-group-1, groupId=provider-service-group] Connection to node -1 (localhost/127.0.0.1:9092) could not be established. Broker may not be available.
2026-05-23T05:08:39.138-05:00  WARN 6649 --- [provider-service] [org.springframework.kafka.KafkaListenerEndpointContainer#0-0-C-1] org.apache.kafka.clients.NetworkClient   : [Consumer clientId=consumer-provider-service-group-1, groupId=provider-service-group] Bootstrap broker localhost:9092 (id: -1 rack: null) disconnected
2026-05-23T05:08:40.207-05:00  INFO 6649 --- [provider-service] [org.springframework.kafka.KafkaListenerEndpointContainer#0-0-C-1] org.apache.kafka.clients.NetworkClient   : [Consumer clientId=consumer-provider-service-group-1, groupId=provider-service-group] Node -1 disconnected.
2026-05-23T05:08:40.207-05:00  WARN 6649 --- [provider-service] [org.springframework.kafka.KafkaListenerEndpointContainer#0-0-C-1] org.apache.kafka.clients.NetworkClient   : [Consumer clientId=consumer-provider-service-group-1, groupId=provider-service-group] Connection to node -1 (localhost/127.0.0.1:9092) could not be established. Broker may not be available.
2026-05-23T05:08:40.207-05:00  WARN 6649 --- [provider-service] [org.springframework.kafka.KafkaListenerEndpointContainer#0-0-C-1] org.apache.kafka.clients.NetworkClient   : [Consumer clientId=consumer-provider-service-group-1, groupId=provider-service-group] Bootstrap broker localhost:9092 (id: -1 rack: null) disconnected
2026-05-23T05:08:41.076-05:00  INFO 6649 --- [provider-service] [org.springframework.kafka.KafkaListenerEndpointContainer#0-0-C-1] org.apache.kafka.clients.NetworkClient   : [Consumer clientId=consumer-provider-service-group-1, groupId=provider-service-group] Node -1 disconnected.
2026-05-23T05:08:41.076-05:00  WARN 6649 --- [provider-service] [org.springframework.kafka.KafkaListenerEndpointContainer#0-0-C-1] org.apache.kafka.clients.NetworkClient   : [Consumer clientId=consumer-provider-service-group-1, groupId=provider-service-group] Connection to node -1 (localhost/127.0.0.1:9092) could not be established. Broker may not be available.
2026-05-23T05:08:41.076-05:00  WARN 6649 --- [provider-service] [org.springframework.kafka.KafkaListenerEndpointContainer#0-0-C-1] org.apache.kafka.clients.NetworkClient   : [Consumer clientId=consumer-provider-service-group-1, groupId=provider-service-group] Bootstrap broker localhost:9092 (id: -1 rack: null) disconnected
2026-05-23T05:08:42.096-05:00  INFO 6649 --- [provider-service] [org.springframework.kafka.KafkaListenerEndpointContainer#0-0-C-1] org.apache.kafka.clients.NetworkClient   : [Consumer clientId=consumer-provider-service-group-1, groupId=provider-service-group] Node -1 disconnected.
2026-05-23T05:08:42.096-05:00  WARN 6649 --- [provider-service] [org.springframework.kafka.KafkaListenerEndpointContainer#0-0-C-1] org.apache.kafka.clients.NetworkClient   : [Consumer clientId=consumer-provider-service-group-1, groupId=provider-service-group] Connection to node -1 (localhost/127.0.0.1:9092) could not be established. Broker may not be available.
2026-05-23T05:08:42.097-05:00  WARN 6649 --- [provider-service] [org.springframework.kafka.KafkaListenerEndpointContainer#0-0-C-1] org.apache.kafka.clients.NetworkClient   : [Consumer clientId=consumer-provider-service-group-1, groupId=provider-service-group] Bootstrap broker localhost:9092 (id: -1 rack: null) disconnected
2026-05-23T05:08:43.116-05:00  INFO 6649 --- [provider-service] [org.springframework.kafka.KafkaListenerEndpointContainer#0-0-C-1] org.apache.kafka.clients.NetworkClient   : [Consumer clientId=consumer-provider-service-group-1, groupId=provider-service-group] Node -1 disconnected.
2026-05-23T05:08:43.117-05:00  WARN 6649 --- [provider-service] [org.springframework.kafka.KafkaListenerEndpointContainer#0-0-C-1] org.apache.kafka.clients.NetworkClient   : [Consumer clientId=consumer-provider-service-group-1, groupId=provider-service-group] Connection to node -1 (localhost/127.0.0.1:9092) could not be established. Broker may not be available.
2026-05-23T05:08:43.117-05:00  WARN 6649 --- [provider-service] [org.springframework.kafka.KafkaListenerEndpointContainer#0-0-C-1] org.apache.kafka.clients.NetworkClient   : [Consumer clientId=consumer-provider-service-group-1, groupId=provider-service-group] Bootstrap broker localhost:9092 (id: -1 rack: null) disconnected
2026-05-23T05:08:43.935-05:00  INFO 6649 --- [provider-service] [org.springframework.kafka.KafkaListenerEndpointContainer#0-0-C-1] org.apache.kafka.clients.NetworkClient   : [Consumer clientId=consumer-provider-service-group-1, groupId=provider-service-group] Node -1 disconnected.
2026-05-23T05:08:43.935-05:00  WARN 6649 --- [provider-service] [org.springframework.kafka.KafkaListenerEndpointContainer#0-0-C-1] org.apache.kafka.clients.NetworkClient   : [Consumer clientId=consumer-provider-service-group-1, groupId=provider-service-group] Connection to node -1 (localhost/127.0.0.1:9092) could not be established. Broker may not be available.
2026-05-23T05:08:43.935-05:00  WARN 6649 --- [provider-service] [org.springframework.kafka.KafkaListenerEndpointContainer#0-0-C-1] org.apache.kafka.clients.NetworkClient   : [Consumer clientId=consumer-provider-service-group-1, groupId=provider-service-group] Bootstrap broker localhost:9092 (id: -1 rack: null) disconnected
2026-05-23T05:08:44.851-05:00  INFO 6649 --- [provider-service] [org.springframework.kafka.KafkaListenerEndpointContainer#0-0-C-1] org.apache.kafka.clients.NetworkClient   : [Consumer clientId=consumer-provider-service-group-1, groupId=provider-service-group] Node -1 disconnected.
2026-05-23T05:08:44.851-05:00  WARN 6649 --- [provider-service] [org.springframework.kafka.KafkaListenerEndpointContainer#0-0-C-1] org.apache.kafka.clients.NetworkClient   : [Consumer clientId=consumer-provider-service-group-1, groupId=provider-service-group] Connection to node -1 (localhost/127.0.0.1:9092) could not be established. Broker may not be available.
2026-05-23T05:08:44.851-05:00  WARN 6649 --- [provider-service] [org.springframework.kafka.KafkaListenerEndpointContainer#0-0-C-1] org.apache.kafka.clients.NetworkClient   : [Consumer clientId=consumer-provider-service-group-1, groupId=provider-service-group] Bootstrap broker localhost:9092 (id: -1 rack: null) disconnected
2026-05-23T05:08:45.872-05:00  INFO 6649 --- [provider-service] [org.springframework.kafka.KafkaListenerEndpointContainer#0-0-C-1] org.apache.kafka.clients.NetworkClient   : [Consumer clientId=consumer-provider-service-group-1, groupId=provider-service-group] Node -1 disconnected.
2026-05-23T05:08:45.872-05:00  WARN 6649 --- [provider-service] [org.springframework.kafka.KafkaListenerEndpointContainer#0-0-C-1] org.apache.kafka.clients.NetworkClient   : [Consumer clientId=consumer-provider-service-group-1, groupId=provider-service-group] Connection to node -1 (localhost/127.0.0.1:9092) could not be established. Broker may not be available.
2026-05-23T05:08:45.873-05:00  WARN 6649 --- [provider-service] [org.springframework.kafka.KafkaListenerEndpointContainer#0-0-C-1] org.apache.kafka.clients.NetworkClient   : [Consumer clientId=consumer-provider-service-group-1, groupId=provider-service-group] Bootstrap broker localhost:9092 (id: -1 rack: null) disconnected
2026-05-23T05:08:47.098-05:00  INFO 6649 --- [provider-service] [org.springframework.kafka.KafkaListenerEndpointContainer#0-0-C-1] org.apache.kafka.clients.NetworkClient   : [Consumer clientId=consumer-provider-service-group-1, groupId=provider-service-group] Node -1 disconnected.
2026-05-23T05:08:47.098-05:00  WARN 6649 --- [provider-service] [org.springframework.kafka.KafkaListenerEndpointContainer#0-0-C-1] org.apache.kafka.clients.NetworkClient   : [Consumer clientId=consumer-provider-service-group-1, groupId=provider-service-group] Connection to node -1 (localhost/127.0.0.1:9092) could not be established. Broker may not be available.
2026-05-23T05:08:47.099-05:00  WARN 6649 --- [provider-service] [org.springframework.kafka.KafkaListenerEndpointContainer#0-0-C-1] org.apache.kafka.clients.NetworkClient   : [Consumer clientId=consumer-provider-service-group-1, groupId=provider-service-group] Bootstrap broker localhost:9092 (id: -1 rack: null) disconnected
2026-05-23T05:08:48.016-05:00  INFO 6649 --- [provider-service] [org.springframework.kafka.KafkaListenerEndpointContainer#0-0-C-1] org.apache.kafka.clients.NetworkClient   : [Consumer clientId=consumer-provider-service-group-1, groupId=provider-service-group] Node -1 disconnected.
2026-05-23T05:08:48.018-05:00  WARN 6649 --- [provider-service] [org.springframework.kafka.KafkaListenerEndpointContainer#0-0-C-1] org.apache.kafka.clients.NetworkClient   : [Consumer clientId=consumer-provider-service-group-1, groupId=provider-service-group] Connection to node -1 (localhost/127.0.0.1:9092) could not be established. Broker may not be available.
2026-05-23T05:08:48.018-05:00  WARN 6649 --- [provider-service] [org.springframework.kafka.KafkaListenerEndpointContainer#0-0-C-1] org.apache.kafka.clients.NetworkClient   : [Consumer clientId=consumer-provider-service-group-1, groupId=provider-service-group] Bootstrap broker localhost:9092 (id: -1 rack: null) disconnected
2026-05-23T05:08:49.191-05:00  INFO 6649 --- [provider-service] [org.springframework.kafka.KafkaListenerEndpointContainer#0-0-C-1] org.apache.kafka.clients.NetworkClient   : [Consumer clientId=consumer-provider-service-group-1, groupId=provider-service-group] Node -1 disconnected.
2026-05-23T05:08:49.192-05:00  WARN 6649 --- [provider-service] [org.springframework.kafka.KafkaListenerEndpointContainer#0-0-C-1] org.apache.kafka.clients.NetworkClient   : [Consumer clientId=consumer-provider-service-group-1, groupId=provider-service-group] Connection to node -1 (localhost/127.0.0.1:9092) could not be established. Broker may not be available.
2026-05-23T05:08:49.192-05:00  WARN 6649 --- [provider-service] [org.springframework.kafka.KafkaListenerEndpointContainer#0-0-C-1] org.apache.kafka.clients.NetworkClient   : [Consumer clientId=consumer-provider-service-group-1, groupId=provider-service-group] Bootstrap broker localhost:9092 (id: -1 rack: null) disconnected
2026-05-23T05:08:50.261-05:00  INFO 6649 --- [provider-service] [org.springframework.kafka.KafkaListenerEndpointContainer#0-0-C-1] org.apache.kafka.clients.NetworkClient   : [Consumer clientId=consumer-provider-service-group-1, groupId=provider-service-group] Node -1 disconnected.
2026-05-23T05:08:50.262-05:00  WARN 6649 --- [provider-service] [org.springframework.kafka.KafkaListenerEndpointContainer#0-0-C-1] org.apache.kafka.clients.NetworkClient   : [Consumer clientId=consumer-provider-service-group-1, groupId=provider-service-group] Connection to node -1 (localhost/127.0.0.1:9092) could not be established. Broker may not be available.
2026-05-23T05:08:50.262-05:00  WARN 6649 --- [provider-service] [org.springframework.kafka.KafkaListenerEndpointContainer#0-0-C-1] org.apache.kafka.clients.NetworkClient   : [Consumer clientId=consumer-provider-service-group-1, groupId=provider-service-group] Bootstrap broker localhost:9092 (id: -1 rack: null) disconnected
2026-05-23T05:08:51.078-05:00  INFO 6649 --- [provider-service] [org.springframework.kafka.KafkaListenerEndpointContainer#0-0-C-1] org.apache.kafka.clients.NetworkClient   : [Consumer clientId=consumer-provider-service-group-1, groupId=provider-service-group] Node -1 disconnected.
2026-05-23T05:08:51.078-05:00  WARN 6649 --- [provider-service] [org.springframework.kafka.KafkaListenerEndpointContainer#0-0-C-1] org.apache.kafka.clients.NetworkClient   : [Consumer clientId=consumer-provider-service-group-1, groupId=provider-service-group] Connection to node -1 (localhost/127.0.0.1:9092) could not be established. Broker may not be available.
2026-05-23T05:08:51.078-05:00  WARN 6649 --- [provider-service] [org.springframework.kafka.KafkaListenerEndpointContainer#0-0-C-1] org.apache.kafka.clients.NetworkClient   : [Consumer clientId=consumer-provider-service-group-1, groupId=provider-service-group] Bootstrap broker localhost:9092 (id: -1 rack: null) disconnected
2026-05-23T05:08:52.201-05:00  INFO 6649 --- [provider-service] [org.springframework.kafka.KafkaListenerEndpointContainer#0-0-C-1] org.apache.kafka.clients.NetworkClient   : [Consumer clientId=consumer-provider-service-group-1, groupId=provider-service-group] Node -1 disconnected.
2026-05-23T05:08:52.201-05:00  WARN 6649 --- [provider-service] [org.springframework.kafka.KafkaListenerEndpointContainer#0-0-C-1] org.apache.kafka.clients.NetworkClient   : [Consumer clientId=consumer-provider-service-group-1, groupId=provider-service-group] Connection to node -1 (localhost/127.0.0.1:9092) could not be established. Broker may not be available.
2026-05-23T05:08:52.201-05:00  WARN 6649 --- [provider-service] [org.springframework.kafka.KafkaListenerEndpointContainer#0-0-C-1] org.apache.kafka.clients.NetworkClient   : [Consumer clientId=consumer-provider-service-group-1, groupId=provider-service-group] Bootstrap broker localhost:9092 (id: -1 rack: null) disconnected
2026-05-23T05:08:53.223-05:00  INFO 6649 --- [provider-service] [org.springframework.kafka.KafkaListenerEndpointContainer#0-0-C-1] org.apache.kafka.clients.NetworkClient   : [Consumer clientId=consumer-provider-service-group-1, groupId=provider-service-group] Node -1 disconnected.
2026-05-23T05:08:53.223-05:00  WARN 6649 --- [provider-service] [org.springframework.kafka.KafkaListenerEndpointContainer#0-0-C-1] org.apache.kafka.clients.NetworkClient   : [Consumer clientId=consumer-provider-service-group-1, groupId=provider-service-group] Connection to node -1 (localhost/127.0.0.1:9092) could not be established. Broker may not be available.
2026-05-23T05:08:53.224-05:00  WARN 6649 --- [provider-service] [org.springframework.kafka.KafkaListenerEndpointContainer#0-0-C-1] org.apache.kafka.clients.NetworkClient   : [Consumer clientId=consumer-provider-service-group-1, groupId=provider-service-group] Bootstrap broker localhost:9092 (id: -1 rack: null) disconnected
2026-05-23T05:08:54.192-05:00  INFO 6649 --- [provider-service] [org.springframework.kafka.KafkaListenerEndpointContainer#0-0-C-1] org.apache.kafka.clients.NetworkClient   : [Consumer clientId=consumer-provider-service-group-1, groupId=provider-service-group] Node -1 disconnected.
2026-05-23T05:08:54.193-05:00  WARN 6649 --- [provider-service] [org.springframework.kafka.KafkaListenerEndpointContainer#0-0-C-1] org.apache.kafka.clients.NetworkClient   : [Consumer clientId=consumer-provider-service-group-1, groupId=provider-service-group] Connection to node -1 (localhost/127.0.0.1:9092) could not be established. Broker may not be available.
2026-05-23T05:08:54.193-05:00  WARN 6649 --- [provider-service] [org.springframework.kafka.KafkaListenerEndpointContainer#0-0-C-1] org.apache.kafka.clients.NetworkClient   : [Consumer clientId=consumer-provider-service-group-1, groupId=provider-service-group] Bootstrap broker localhost:9092 (id: -1 rack: null) disconnected
2026-05-23T05:08:55.113-05:00  INFO 6649 --- [provider-service] [org.springframework.kafka.KafkaListenerEndpointContainer#0-0-C-1] org.apache.kafka.clients.NetworkClient   : [Consumer clientId=consumer-provider-service-group-1, groupId=provider-service-group] Node -1 disconnected.
2026-05-23T05:08:55.113-05:00  WARN 6649 --- [provider-service] [org.springframework.kafka.KafkaListenerEndpointContainer#0-0-C-1] org.apache.kafka.clients.NetworkClient   : [Consumer clientId=consumer-provider-service-group-1, groupId=provider-service-group] Connection to node -1 (localhost/127.0.0.1:9092) could not be established. Broker may not be available.
2026-05-23T05:08:55.113-05:00  WARN 6649 --- [provider-service] [org.springframework.kafka.KafkaListenerEndpointContainer#0-0-C-1] org.apache.kafka.clients.NetworkClient   : [Consumer clientId=consumer-provider-service-group-1, groupId=provider-service-group] Bootstrap broker localhost:9092 (id: -1 rack: null) disconnected
2026-05-23T05:08:55.982-05:00  INFO 6649 --- [provider-service] [org.springframework.kafka.KafkaListenerEndpointContainer#0-0-C-1] org.apache.kafka.clients.NetworkClient   : [Consumer clientId=consumer-provider-service-group-1, groupId=provider-service-group] Node -1 disconnected.
2026-05-23T05:08:55.983-05:00  WARN 6649 --- [provider-service] [org.springframework.kafka.KafkaListenerEndpointContainer#0-0-C-1] org.apache.kafka.clients.NetworkClient   : [Consumer clientId=consumer-provider-service-group-1, groupId=provider-service-group] Connection to node -1 (localhost/127.0.0.1:9092) could not be established. Broker may not be available.
2026-05-23T05:08:55.983-05:00  WARN 6649 --- [provider-service] [org.springframework.kafka.KafkaListenerEndpointContainer#0-0-C-1] org.apache.kafka.clients.NetworkClient   : [Consumer clientId=consumer-provider-service-group-1, groupId=provider-service-group] Bootstrap broker localhost:9092 (id: -1 rack: null) disconnected
2026-05-23T05:08:57.159-05:00  INFO 6649 --- [provider-service] [org.springframework.kafka.KafkaListenerEndpointContainer#0-0-C-1] org.apache.kafka.clients.NetworkClient   : [Consumer clientId=consumer-provider-service-group-1, groupId=provider-service-group] Node -1 disconnected.
2026-05-23T05:08:57.159-05:00  WARN 6649 --- [provider-service] [org.springframework.kafka.KafkaListenerEndpointContainer#0-0-C-1] org.apache.kafka.clients.NetworkClient   : [Consumer clientId=consumer-provider-service-group-1, groupId=provider-service-group] Connection to node -1 (localhost/127.0.0.1:9092) could not be established. Broker may not be available.
2026-05-23T05:08:57.159-05:00  WARN 6649 --- [provider-service] [org.springframework.kafka.KafkaListenerEndpointContainer#0-0-C-1] org.apache.kafka.clients.NetworkClient   : [Consumer clientId=consumer-provider-service-group-1, groupId=provider-service-group] Bootstrap broker localhost:9092 (id: -1 rack: null) disconnected
2026-05-23T05:08:58.131-05:00  INFO 6649 --- [provider-service] [org.springframework.kafka.KafkaListenerEndpointContainer#0-0-C-1] org.apache.kafka.clients.NetworkClient   : [Consumer clientId=consumer-provider-service-group-1, groupId=provider-service-group] Node -1 disconnected.
2026-05-23T05:08:58.132-05:00  WARN 6649 --- [provider-service] [org.springframework.kafka.KafkaListenerEndpointContainer#0-0-C-1] org.apache.kafka.clients.NetworkClient   : [Consumer clientId=consumer-provider-service-group-1, groupId=provider-service-group] Connection to node -1 (localhost/127.0.0.1:9092) could not be established. Broker may not be available.
2026-05-23T05:08:58.133-05:00  WARN 6649 --- [provider-service] [org.springframework.kafka.KafkaListenerEndpointContainer#0-0-C-1] org.apache.kafka.clients.NetworkClient   : [Consumer clientId=consumer-provider-service-group-1, groupId=provider-service-group] Bootstrap broker localhost:9092 (id: -1 rack: null) disconnected
2026-05-23T05:08:59.001-05:00  INFO 6649 --- [provider-service] [org.springframework.kafka.KafkaListenerEndpointContainer#0-0-C-1] org.apache.kafka.clients.NetworkClient   : [Consumer clientId=consumer-provider-service-group-1, groupId=provider-service-group] Node -1 disconnected.
2026-05-23T05:08:59.002-05:00  WARN 6649 --- [provider-service] [org.springframework.kafka.KafkaListenerEndpointContainer#0-0-C-1] org.apache.kafka.clients.NetworkClient   : [Consumer clientId=consumer-provider-service-group-1, groupId=provider-service-group] Connection to node -1 (localhost/127.0.0.1:9092) could not be established. Broker may not be available.
2026-05-23T05:08:59.002-05:00  WARN 6649 --- [provider-service] [org.springframework.kafka.KafkaListenerEndpointContainer#0-0-C-1] org.apache.kafka.clients.NetworkClient   : [Consumer clientId=consumer-provider-service-group-1, groupId=provider-service-group] Bootstrap broker localhost:9092 (id: -1 rack: null) disconnected
2026-05-23T05:09:00.012-05:00  INFO 6649 --- [provider-service] [org.springframework.kafka.KafkaListenerEndpointContainer#0-0-C-1] org.apache.kafka.clients.NetworkClient   : [Consumer clientId=consumer-provider-service-group-1, groupId=provider-service-group] Node -1 disconnected.
2026-05-23T05:09:00.013-05:00  WARN 6649 --- [provider-service] [org.springframework.kafka.KafkaListenerEndpointContainer#0-0-C-1] org.apache.kafka.clients.NetworkClient   : [Consumer clientId=consumer-provider-service-group-1, groupId=provider-service-group] Connection to node -1 (localhost/127.0.0.1:9092) could not be established. Broker may not be available.
2026-05-23T05:09:00.013-05:00  WARN 6649 --- [provider-service] [org.springframework.kafka.KafkaListenerEndpointContainer#0-0-C-1] org.apache.kafka.clients.NetworkClient   : [Consumer clientId=consumer-provider-service-group-1, groupId=provider-service-group] Bootstrap broker localhost:9092 (id: -1 rack: null) disconnected
2026-05-23T05:09:01.138-05:00  INFO 6649 --- [provider-service] [org.springframework.kafka.KafkaListenerEndpointContainer#0-0-C-1] org.apache.kafka.clients.NetworkClient   : [Consumer clientId=consumer-provider-service-group-1, groupId=provider-service-group] Node -1 disconnected.
2026-05-23T05:09:01.138-05:00  WARN 6649 --- [provider-service] [org.springframework.kafka.KafkaListenerEndpointContainer#0-0-C-1] org.apache.kafka.clients.NetworkClient   : [Consumer clientId=consumer-provider-service-group-1, groupId=provider-service-group] Connection to node -1 (localhost/127.0.0.1:9092) could not be established. Broker may not be available.
2026-05-23T05:09:01.138-05:00  WARN 6649 --- [provider-service] [org.springframework.kafka.KafkaListenerEndpointContainer#0-0-C-1] org.apache.kafka.clients.NetworkClient   : [Consumer clientId=consumer-provider-service-group-1, groupId=provider-service-group] Bootstrap broker localhost:9092 (id: -1 rack: null) disconnected
2026-05-23T05:09:02.059-05:00  INFO 6649 --- [provider-service] [org.springframework.kafka.KafkaListenerEndpointContainer#0-0-C-1] org.apache.kafka.clients.NetworkClient   : [Consumer clientId=consumer-provider-service-group-1, groupId=provider-service-group] Node -1 disconnected.
2026-05-23T05:09:02.059-05:00  WARN 6649 --- [provider-service] [org.springframework.kafka.KafkaListenerEndpointContainer#0-0-C-1] org.apache.kafka.clients.NetworkClient   : [Consumer clientId=consumer-provider-service-group-1, groupId=provider-service-group] Connection to node -1 (localhost/127.0.0.1:9092) could not be established. Broker may not be available.
2026-05-23T05:09:02.060-05:00  WARN 6649 --- [provider-service] [org.springframework.kafka.KafkaListenerEndpointContainer#0-0-C-1] org.apache.kafka.clients.NetworkClient   : [Consumer clientId=consumer-provider-service-group-1, groupId=provider-service-group] Bootstrap broker localhost:9092 (id: -1 rack: null) disconnected
2026-05-23T05:09:02.927-05:00  INFO 6649 --- [provider-service] [org.springframework.kafka.KafkaListenerEndpointContainer#0-0-C-1] org.apache.kafka.clients.NetworkClient   : [Consumer clientId=consumer-provider-service-group-1, groupId=provider-service-group] Node -1 disconnected.
2026-05-23T05:09:02.927-05:00  WARN 6649 --- [provider-service] [org.springframework.kafka.KafkaListenerEndpointContainer#0-0-C-1] org.apache.kafka.clients.NetworkClient   : [Consumer clientId=consumer-provider-service-group-1, groupId=provider-service-group] Connection to node -1 (localhost/127.0.0.1:9092) could not be established. Broker may not be available.
2026-05-23T05:09:02.927-05:00  WARN 6649 --- [provider-service] [org.springframework.kafka.KafkaListenerEndpointContainer#0-0-C-1] org.apache.kafka.clients.NetworkClient   : [Consumer clientId=consumer-provider-service-group-1, groupId=provider-service-group] Bootstrap broker localhost:9092 (id: -1 rack: null) disconnected
2026-05-23T05:09:03.947-05:00  INFO 6649 --- [provider-service] [org.springframework.kafka.KafkaListenerEndpointContainer#0-0-C-1] org.apache.kafka.clients.NetworkClient   : [Consumer clientId=consumer-provider-service-group-1, groupId=provider-service-group] Node -1 disconnected.
2026-05-23T05:09:03.947-05:00  WARN 6649 --- [provider-service] [org.springframework.kafka.KafkaListenerEndpointContainer#0-0-C-1] org.apache.kafka.clients.NetworkClient   : [Consumer clientId=consumer-provider-service-group-1, groupId=provider-service-group] Connection to node -1 (localhost/127.0.0.1:9092) could not be established. Broker may not be available.
2026-05-23T05:09:03.947-05:00  WARN 6649 --- [provider-service] [org.springframework.kafka.KafkaListenerEndpointContainer#0-0-C-1] org.apache.kafka.clients.NetworkClient   : [Consumer clientId=consumer-provider-service-group-1, groupId=provider-service-group] Bootstrap broker localhost:9092 (id: -1 rack: null) disconnected
2026-05-23T05:09:04.961-05:00  INFO 6649 --- [provider-service] [org.springframework.kafka.KafkaListenerEndpointContainer#0-0-C-1] org.apache.kafka.clients.NetworkClient   : [Consumer clientId=consumer-provider-service-group-1, groupId=provider-service-group] Node -1 disconnected.
2026-05-23T05:09:04.962-05:00  WARN 6649 --- [provider-service] [org.springframework.kafka.KafkaListenerEndpointContainer#0-0-C-1] org.apache.kafka.clients.NetworkClient   : [Consumer clientId=consumer-provider-service-group-1, groupId=provider-service-group] Connection to node -1 (localhost/127.0.0.1:9092) could not be established. Broker may not be available.
2026-05-23T05:09:04.962-05:00  WARN 6649 --- [provider-service] [org.springframework.kafka.KafkaListenerEndpointContainer#0-0-C-1] org.apache.kafka.clients.NetworkClient   : [Consumer clientId=consumer-provider-service-group-1, groupId=provider-service-group] Bootstrap broker localhost:9092 (id: -1 rack: null) disconnected
2026-05-23T05:09:05.880-05:00  INFO 6649 --- [provider-service] [org.springframework.kafka.KafkaListenerEndpointContainer#0-0-C-1] org.apache.kafka.clients.NetworkClient   : [Consumer clientId=consumer-provider-service-group-1, groupId=provider-service-group] Node -1 disconnected.
2026-05-23T05:09:05.880-05:00  WARN 6649 --- [provider-service] [org.springframework.kafka.KafkaListenerEndpointContainer#0-0-C-1] org.apache.kafka.clients.NetworkClient   : [Consumer clientId=consumer-provider-service-group-1, groupId=provider-service-group] Connection to node -1 (localhost/127.0.0.1:9092) could not be established. Broker may not be available.
2026-05-23T05:09:05.880-05:00  WARN 6649 --- [provider-service] [org.springframework.kafka.KafkaListenerEndpointContainer#0-0-C-1] org.apache.kafka.clients.NetworkClient   : [Consumer clientId=consumer-provider-service-group-1, groupId=provider-service-group] Bootstrap broker localhost:9092 (id: -1 rack: null) disconnected
2026-05-23T05:09:06.850-05:00  INFO 6649 --- [provider-service] [org.springframework.kafka.KafkaListenerEndpointContainer#0-0-C-1] org.apache.kafka.clients.NetworkClient   : [Consumer clientId=consumer-provider-service-group-1, groupId=provider-service-group] Node -1 disconnected.
2026-05-23T05:09:06.850-05:00  WARN 6649 --- [provider-service] [org.springframework.kafka.KafkaListenerEndpointContainer#0-0-C-1] org.apache.kafka.clients.NetworkClient   : [Consumer clientId=consumer-provider-service-group-1, groupId=provider-service-group] Connection to node -1 (localhost/127.0.0.1:9092) could not be established. Broker may not be available.
2026-05-23T05:09:06.850-05:00  WARN 6649 --- [provider-service] [org.springframework.kafka.KafkaListenerEndpointContainer#0-0-C-1] org.apache.kafka.clients.NetworkClient   : [Consumer clientId=consumer-provider-service-group-1, groupId=provider-service-group] Bootstrap broker localhost:9092 (id: -1 rack: null) disconnected
2026-05-23T05:09:07.871-05:00  INFO 6649 --- [provider-service] [org.springframework.kafka.KafkaListenerEndpointContainer#0-0-C-1] org.apache.kafka.clients.NetworkClient   : [Consumer clientId=consumer-provider-service-group-1, groupId=provider-service-group] Node -1 disconnected.
2026-05-23T05:09:07.872-05:00  WARN 6649 --- [provider-service] [org.springframework.kafka.KafkaListenerEndpointContainer#0-0-C-1] org.apache.kafka.clients.NetworkClient   : [Consumer clientId=consumer-provider-service-group-1, groupId=provider-service-group] Connection to node -1 (localhost/127.0.0.1:9092) could not be established. Broker may not be available.
2026-05-23T05:09:07.872-05:00  WARN 6649 --- [provider-service] [org.springframework.kafka.KafkaListenerEndpointContainer#0-0-C-1] org.apache.kafka.clients.NetworkClient   : [Consumer clientId=consumer-provider-service-group-1, groupId=provider-service-group] Bootstrap broker localhost:9092 (id: -1 rack: null) disconnected
2026-05-23T05:09:08.841-05:00  INFO 6649 --- [provider-service] [org.springframework.kafka.KafkaListenerEndpointContainer#0-0-C-1] org.apache.kafka.clients.NetworkClient   : [Consumer clientId=consumer-provider-service-group-1, groupId=provider-service-group] Node -1 disconnected.
2026-05-23T05:09:08.842-05:00  WARN 6649 --- [provider-service] [org.springframework.kafka.KafkaListenerEndpointContainer#0-0-C-1] org.apache.kafka.clients.NetworkClient   : [Consumer clientId=consumer-provider-service-group-1, groupId=provider-service-group] Connection to node -1 (localhost/127.0.0.1:9092) could not be established. Broker may not be available.
2026-05-23T05:09:08.842-05:00  WARN 6649 --- [provider-service] [org.springframework.kafka.KafkaListenerEndpointContainer#0-0-C-1] org.apache.kafka.clients.NetworkClient   : [Consumer clientId=consumer-provider-service-group-1, groupId=provider-service-group] Bootstrap broker localhost:9092 (id: -1 rack: null) disconnected
2026-05-23T05:09:09.812-05:00  INFO 6649 --- [provider-service] [org.springframework.kafka.KafkaListenerEndpointContainer#0-0-C-1] org.apache.kafka.clients.NetworkClient   : [Consumer clientId=consumer-provider-service-group-1, groupId=provider-service-group] Node -1 disconnected.
2026-05-23T05:09:09.813-05:00  WARN 6649 --- [provider-service] [org.springframework.kafka.KafkaListenerEndpointContainer#0-0-C-1] org.apache.kafka.clients.NetworkClient   : [Consumer clientId=consumer-provider-service-group-1, groupId=provider-service-group] Connection to node -1 (localhost/127.0.0.1:9092) could not be established. Broker may not be available.
2026-05-23T05:09:09.813-05:00  WARN 6649 --- [provider-service] [org.springframework.kafka.KafkaListenerEndpointContainer#0-0-C-1] org.apache.kafka.clients.NetworkClient   : [Consumer clientId=consumer-provider-service-group-1, groupId=provider-service-group] Bootstrap broker localhost:9092 (id: -1 rack: null) disconnected
2026-05-23T05:09:10.885-05:00  INFO 6649 --- [provider-service] [org.springframework.kafka.KafkaListenerEndpointContainer#0-0-C-1] org.apache.kafka.clients.NetworkClient   : [Consumer clientId=consumer-provider-service-group-1, groupId=provider-service-group] Node -1 disconnected.
2026-05-23T05:09:10.885-05:00  WARN 6649 --- [provider-service] [org.springframework.kafka.KafkaListenerEndpointContainer#0-0-C-1] org.apache.kafka.clients.NetworkClient   : [Consumer clientId=consumer-provider-service-group-1, groupId=provider-service-group] Connection to node -1 (localhost/127.0.0.1:9092) could not be established. Broker may not be available.
2026-05-23T05:09:10.885-05:00  WARN 6649 --- [provider-service] [org.springframework.kafka.KafkaListenerEndpointContainer#0-0-C-1] org.apache.kafka.clients.NetworkClient   : [Consumer clientId=consumer-provider-service-group-1, groupId=provider-service-group] Bootstrap broker localhost:9092 (id: -1 rack: null) disconnected
2026-05-23T05:09:11.754-05:00  INFO 6649 --- [provider-service] [org.springframework.kafka.KafkaListenerEndpointContainer#0-0-C-1] org.apache.kafka.clients.NetworkClient   : [Consumer clientId=consumer-provider-service-group-1, groupId=provider-service-group] Node -1 disconnected.
2026-05-23T05:09:11.755-05:00  WARN 6649 --- [provider-service] [org.springframework.kafka.KafkaListenerEndpointContainer#0-0-C-1] org.apache.kafka.clients.NetworkClient   : [Consumer clientId=consumer-provider-service-group-1, groupId=provider-service-group] Connection to node -1 (localhost/127.0.0.1:9092) could not be established. Broker may not be available.
2026-05-23T05:09:11.755-05:00  WARN 6649 --- [provider-service] [org.springframework.kafka.KafkaListenerEndpointContainer#0-0-C-1] org.apache.kafka.clients.NetworkClient   : [Consumer clientId=consumer-provider-service-group-1, groupId=provider-service-group] Bootstrap broker localhost:9092 (id: -1 rack: null) disconnected
2026-05-23T05:09:12.928-05:00  INFO 6649 --- [provider-service] [org.springframework.kafka.KafkaListenerEndpointContainer#0-0-C-1] org.apache.kafka.clients.NetworkClient   : [Consumer clientId=consumer-provider-service-group-1, groupId=provider-service-group] Node -1 disconnected.
2026-05-23T05:09:12.928-05:00  WARN 6649 --- [provider-service] [org.springframework.kafka.KafkaListenerEndpointContainer#0-0-C-1] org.apache.kafka.clients.NetworkClient   : [Consumer clientId=consumer-provider-service-group-1, groupId=provider-service-group] Connection to node -1 (localhost/127.0.0.1:9092) could not be established. Broker may not be available.
2026-05-23T05:09:12.928-05:00  WARN 6649 --- [provider-service] [org.springframework.kafka.KafkaListenerEndpointContainer#0-0-C-1] org.apache.kafka.clients.NetworkClient   : [Consumer clientId=consumer-provider-service-group-1, groupId=provider-service-group] Bootstrap broker localhost:9092 (id: -1 rack: null) disconnected
2026-05-23T05:09:13.797-05:00  INFO 6649 --- [provider-service] [org.springframework.kafka.KafkaListenerEndpointContainer#0-0-C-1] org.apache.kafka.clients.NetworkClient   : [Consumer clientId=consumer-provider-service-group-1, groupId=provider-service-group] Node -1 disconnected.
2026-05-23T05:09:13.797-05:00  WARN 6649 --- [provider-service] [org.springframework.kafka.KafkaListenerEndpointContainer#0-0-C-1] org.apache.kafka.clients.NetworkClient   : [Consumer clientId=consumer-provider-service-group-1, groupId=provider-service-group] Connection to node -1 (localhost/127.0.0.1:9092) could not be established. Broker may not be available.
2026-05-23T05:09:13.797-05:00  WARN 6649 --- [provider-service] [org.springframework.kafka.KafkaListenerEndpointContainer#0-0-C-1] org.apache.kafka.clients.NetworkClient   : [Consumer clientId=consumer-provider-service-group-1, groupId=provider-service-group] Bootstrap broker localhost:9092 (id: -1 rack: null) disconnected
2026-05-23T05:09:14.660-05:00  INFO 6649 --- [provider-service] [org.springframework.kafka.KafkaListenerEndpointContainer#0-0-C-1] org.apache.kafka.clients.NetworkClient   : [Consumer clientId=consumer-provider-service-group-1, groupId=provider-service-group] Node -1 disconnected.
2026-05-23T05:09:14.660-05:00  WARN 6649 --- [provider-service] [org.springframework.kafka.KafkaListenerEndpointContainer#0-0-C-1] org.apache.kafka.clients.NetworkClient   : [Consumer clientId=consumer-provider-service-group-1, groupId=provider-service-group] Connection to node -1 (localhost/127.0.0.1:9092) could not be established. Broker may not be available.
2026-05-23T05:09:14.660-05:00  WARN 6649 --- [provider-service] [org.springframework.kafka.KafkaListenerEndpointContainer#0-0-C-1] org.apache.kafka.clients.NetworkClient   : [Consumer clientId=consumer-provider-service-group-1, groupId=provider-service-group] Bootstrap broker localhost:9092 (id: -1 rack: null) disconnected
2026-05-23T05:09:15.783-05:00  INFO 6649 --- [provider-service] [org.springframework.kafka.KafkaListenerEndpointContainer#0-0-C-1] org.apache.kafka.clients.NetworkClient   : [Consumer clientId=consumer-provider-service-group-1, groupId=provider-service-group] Node -1 disconnected.
2026-05-23T05:09:15.783-05:00  WARN 6649 --- [provider-service] [org.springframework.kafka.KafkaListenerEndpointContainer#0-0-C-1] org.apache.kafka.clients.NetworkClient   : [Consumer clientId=consumer-provider-service-group-1, groupId=provider-service-group] Connection to node -1 (localhost/127.0.0.1:9092) could not be established. Broker may not be available.
2026-05-23T05:09:15.783-05:00  WARN 6649 --- [provider-service] [org.springframework.kafka.KafkaListenerEndpointContainer#0-0-C-1] org.apache.kafka.clients.NetworkClient   : [Consumer clientId=consumer-provider-service-group-1, groupId=provider-service-group] Bootstrap broker localhost:9092 (id: -1 rack: null) disconnected
2026-05-23T05:09:16.956-05:00  INFO 6649 --- [provider-service] [org.springframework.kafka.KafkaListenerEndpointContainer#0-0-C-1] org.apache.kafka.clients.NetworkClient   : [Consumer clientId=consumer-provider-service-group-1, groupId=provider-service-group] Node -1 disconnected.
2026-05-23T05:09:16.957-05:00  WARN 6649 --- [provider-service] [org.springframework.kafka.KafkaListenerEndpointContainer#0-0-C-1] org.apache.kafka.clients.NetworkClient   : [Consumer clientId=consumer-provider-service-group-1, groupId=provider-service-group] Connection to node -1 (localhost/127.0.0.1:9092) could not be established. Broker may not be available.
2026-05-23T05:09:16.957-05:00  WARN 6649 --- [provider-service] [org.springframework.kafka.KafkaListenerEndpointContainer#0-0-C-1] org.apache.kafka.clients.NetworkClient   : [Consumer clientId=consumer-provider-service-group-1, groupId=provider-service-group] Bootstrap broker localhost:9092 (id: -1 rack: null) disconnected
2026-05-23T05:09:17.876-05:00  INFO 6649 --- [provider-service] [org.springframework.kafka.KafkaListenerEndpointContainer#0-0-C-1] org.apache.kafka.clients.NetworkClient   : [Consumer clientId=consumer-provider-service-group-1, groupId=provider-service-group] Node -1 disconnected.
2026-05-23T05:09:17.877-05:00  WARN 6649 --- [provider-service] [org.springframework.kafka.KafkaListenerEndpointContainer#0-0-C-1] org.apache.kafka.clients.NetworkClient   : [Consumer clientId=consumer-provider-service-group-1, groupId=provider-service-group] Connection to node -1 (localhost/127.0.0.1:9092) could not be established. Broker may not be available.
2026-05-23T05:09:17.877-05:00  WARN 6649 --- [provider-service] [org.springframework.kafka.KafkaListenerEndpointContainer#0-0-C-1] org.apache.kafka.clients.NetworkClient   : [Consumer clientId=consumer-provider-service-group-1, groupId=provider-service-group] Bootstrap broker localhost:9092 (id: -1 rack: null) disconnected
2026-05-23T05:09:19.000-05:00  INFO 6649 --- [provider-service] [org.springframework.kafka.KafkaListenerEndpointContainer#0-0-C-1] org.apache.kafka.clients.NetworkClient   : [Consumer clientId=consumer-provider-service-group-1, groupId=provider-service-group] Node -1 disconnected.
2026-05-23T05:09:19.001-05:00  WARN 6649 --- [provider-service] [org.springframework.kafka.KafkaListenerEndpointContainer#0-0-C-1] org.apache.kafka.clients.NetworkClient   : [Consumer clientId=consumer-provider-service-group-1, groupId=provider-service-group] Connection to node -1 (localhost/127.0.0.1:9092) could not be established. Broker may not be available.
2026-05-23T05:09:19.001-05:00  WARN 6649 --- [provider-service] [org.springframework.kafka.KafkaListenerEndpointContainer#0-0-C-1] org.apache.kafka.clients.NetworkClient   : [Consumer clientId=consumer-provider-service-group-1, groupId=provider-service-group] Bootstrap broker localhost:9092 (id: -1 rack: null) disconnected
2026-05-23T05:09:20.226-05:00  INFO 6649 --- [provider-service] [org.springframework.kafka.KafkaListenerEndpointContainer#0-0-C-1] org.apache.kafka.clients.NetworkClient   : [Consumer clientId=consumer-provider-service-group-1, groupId=provider-service-group] Node -1 disconnected.
2026-05-23T05:09:20.226-05:00  WARN 6649 --- [provider-service] [org.springframework.kafka.KafkaListenerEndpointContainer#0-0-C-1] org.apache.kafka.clients.NetworkClient   : [Consumer clientId=consumer-provider-service-group-1, groupId=provider-service-group] Connection to node -1 (localhost/127.0.0.1:9092) could not be established. Broker may not be available.
2026-05-23T05:09:20.226-05:00  WARN 6649 --- [provider-service] [org.springframework.kafka.KafkaListenerEndpointContainer#0-0-C-1] org.apache.kafka.clients.NetworkClient   : [Consumer clientId=consumer-provider-service-group-1, groupId=provider-service-group] Bootstrap broker localhost:9092 (id: -1 rack: null) disconnected
2026-05-23T05:09:21.095-05:00  INFO 6649 --- [provider-service] [org.springframework.kafka.KafkaListenerEndpointContainer#0-0-C-1] org.apache.kafka.clients.NetworkClient   : [Consumer clientId=consumer-provider-service-group-1, groupId=provider-service-group] Node -1 disconnected.
2026-05-23T05:09:21.095-05:00  WARN 6649 --- [provider-service] [org.springframework.kafka.KafkaListenerEndpointContainer#0-0-C-1] org.apache.kafka.clients.NetworkClient   : [Consumer clientId=consumer-provider-service-group-1, groupId=provider-service-group] Connection to node -1 (localhost/127.0.0.1:9092) could not be established. Broker may not be available.
2026-05-23T05:09:21.095-05:00  WARN 6649 --- [provider-service] [org.springframework.kafka.KafkaListenerEndpointContainer#0-0-C-1] org.apache.kafka.clients.NetworkClient   : [Consumer clientId=consumer-provider-service-group-1, groupId=provider-service-group] Bootstrap broker localhost:9092 (id: -1 rack: null) disconnected
2026-05-23T05:09:21.965-05:00  INFO 6649 --- [provider-service] [org.springframework.kafka.KafkaListenerEndpointContainer#0-0-C-1] org.apache.kafka.clients.NetworkClient   : [Consumer clientId=consumer-provider-service-group-1, groupId=provider-service-group] Node -1 disconnected.
2026-05-23T05:09:21.965-05:00  WARN 6649 --- [provider-service] [org.springframework.kafka.KafkaListenerEndpointContainer#0-0-C-1] org.apache.kafka.clients.NetworkClient   : [Consumer clientId=consumer-provider-service-group-1, groupId=provider-service-group] Connection to node -1 (localhost/127.0.0.1:9092) could not be established. Broker may not be available.
2026-05-23T05:09:21.965-05:00  WARN 6649 --- [provider-service] [org.springframework.kafka.KafkaListenerEndpointContainer#0-0-C-1] org.apache.kafka.clients.NetworkClient   : [Consumer clientId=consumer-provider-service-group-1, groupId=provider-service-group] Bootstrap broker localhost:9092 (id: -1 rack: null) disconnected
2026-05-23T05:09:22.935-05:00  INFO 6649 --- [provider-service] [org.springframework.kafka.KafkaListenerEndpointContainer#0-0-C-1] org.apache.kafka.clients.NetworkClient   : [Consumer clientId=consumer-provider-service-group-1, groupId=provider-service-group] Node -1 disconnected.
2026-05-23T05:09:22.936-05:00  WARN 6649 --- [provider-service] [org.springframework.kafka.KafkaListenerEndpointContainer#0-0-C-1] org.apache.kafka.clients.NetworkClient   : [Consumer clientId=consumer-provider-service-group-1, groupId=provider-service-group] Connection to node -1 (localhost/127.0.0.1:9092) could not be established. Broker may not be available.
2026-05-23T05:09:22.936-05:00  WARN 6649 --- [provider-service] [org.springframework.kafka.KafkaListenerEndpointContainer#0-0-C-1] org.apache.kafka.clients.NetworkClient   : [Consumer clientId=consumer-provider-service-group-1, groupId=provider-service-group] Bootstrap broker localhost:9092 (id: -1 rack: null) disconnected
2026-05-23T05:09:24.110-05:00  INFO 6649 --- [provider-service] [org.springframework.kafka.KafkaListenerEndpointContainer#0-0-C-1] org.apache.kafka.clients.NetworkClient   : [Consumer clientId=consumer-provider-service-group-1, groupId=provider-service-group] Node -1 disconnected.
2026-05-23T05:09:24.110-05:00  WARN 6649 --- [provider-service] [org.springframework.kafka.KafkaListenerEndpointContainer#0-0-C-1] org.apache.kafka.clients.NetworkClient   : [Consumer clientId=consumer-provider-service-group-1, groupId=provider-service-group] Connection to node -1 (localhost/127.0.0.1:9092) could not be established. Broker may not be available.
2026-05-23T05:09:24.110-05:00  WARN 6649 --- [provider-service] [org.springframework.kafka.KafkaListenerEndpointContainer#0-0-C-1] org.apache.kafka.clients.NetworkClient   : [Consumer clientId=consumer-provider-service-group-1, groupId=provider-service-group] Bootstrap broker localhost:9092 (id: -1 rack: null) disconnected
2026-05-23T05:09:25.333-05:00  INFO 6649 --- [provider-service] [org.springframework.kafka.KafkaListenerEndpointContainer#0-0-C-1] org.apache.kafka.clients.NetworkClient   : [Consumer clientId=consumer-provider-service-group-1, groupId=provider-service-group] Node -1 disconnected.
2026-05-23T05:09:25.334-05:00  WARN 6649 --- [provider-service] [org.springframework.kafka.KafkaListenerEndpointContainer#0-0-C-1] org.apache.kafka.clients.NetworkClient   : [Consumer clientId=consumer-provider-service-group-1, groupId=provider-service-group] Connection to node -1 (localhost/127.0.0.1:9092) could not be established. Broker may not be available.
2026-05-23T05:09:25.334-05:00  WARN 6649 --- [provider-service] [org.springframework.kafka.KafkaListenerEndpointContainer#0-0-C-1] org.apache.kafka.clients.NetworkClient   : [Consumer clientId=consumer-provider-service-group-1, groupId=provider-service-group] Bootstrap broker localhost:9092 (id: -1 rack: null) disconnected
2026-05-23T05:09:26.305-05:00  INFO 6649 --- [provider-service] [org.springframework.kafka.KafkaListenerEndpointContainer#0-0-C-1] org.apache.kafka.clients.NetworkClient   : [Consumer clientId=consumer-provider-service-group-1, groupId=provider-service-group] Node -1 disconnected.
2026-05-23T05:09:26.306-05:00  WARN 6649 --- [provider-service] [org.springframework.kafka.KafkaListenerEndpointContainer#0-0-C-1] org.apache.kafka.clients.NetworkClient   : [Consumer clientId=consumer-provider-service-group-1, groupId=provider-service-group] Connection to node -1 (localhost/127.0.0.1:9092) could not be established. Broker may not be available.
2026-05-23T05:09:26.306-05:00  WARN 6649 --- [provider-service] [org.springframework.kafka.KafkaListenerEndpointContainer#0-0-C-1] org.apache.kafka.clients.NetworkClient   : [Consumer clientId=consumer-provider-service-group-1, groupId=provider-service-group] Bootstrap broker localhost:9092 (id: -1 rack: null) disconnected
2026-05-23T05:09:27.534-05:00  INFO 6649 --- [provider-service] [org.springframework.kafka.KafkaListenerEndpointContainer#0-0-C-1] org.apache.kafka.clients.NetworkClient   : [Consumer clientId=consumer-provider-service-group-1, groupId=provider-service-group] Node -1 disconnected.
2026-05-23T05:09:27.534-05:00  WARN 6649 --- [provider-service] [org.springframework.kafka.KafkaListenerEndpointContainer#0-0-C-1] org.apache.kafka.clients.NetworkClient   : [Consumer clientId=consumer-provider-service-group-1, groupId=provider-service-group] Connection to node -1 (localhost/127.0.0.1:9092) could not be established. Broker may not be available.
2026-05-23T05:09:27.534-05:00  WARN 6649 --- [provider-service] [org.springframework.kafka.KafkaListenerEndpointContainer#0-0-C-1] org.apache.kafka.clients.NetworkClient   : [Consumer clientId=consumer-provider-service-group-1, groupId=provider-service-group] Bootstrap broker localhost:9092 (id: -1 rack: null) disconnected
2026-05-23T05:09:28.404-05:00  INFO 6649 --- [provider-service] [org.springframework.kafka.KafkaListenerEndpointContainer#0-0-C-1] org.apache.kafka.clients.NetworkClient   : [Consumer clientId=consumer-provider-service-group-1, groupId=provider-service-group] Node -1 disconnected.
2026-05-23T05:09:28.404-05:00  WARN 6649 --- [provider-service] [org.springframework.kafka.KafkaListenerEndpointContainer#0-0-C-1] org.apache.kafka.clients.NetworkClient   : [Consumer clientId=consumer-provider-service-group-1, groupId=provider-service-group] Connection to node -1 (localhost/127.0.0.1:9092) could not be established. Broker may not be available.
2026-05-23T05:09:28.405-05:00  WARN 6649 --- [provider-service] [org.springframework.kafka.KafkaListenerEndpointContainer#0-0-C-1] org.apache.kafka.clients.NetworkClient   : [Consumer clientId=consumer-provider-service-group-1, groupId=provider-service-group] Bootstrap broker localhost:9092 (id: -1 rack: null) disconnected
2026-05-23T05:09:29.580-05:00  INFO 6649 --- [provider-service] [org.springframework.kafka.KafkaListenerEndpointContainer#0-0-C-1] org.apache.kafka.clients.NetworkClient   : [Consumer clientId=consumer-provider-service-group-1, groupId=provider-service-group] Node -1 disconnected.
2026-05-23T05:09:29.581-05:00  WARN 6649 --- [provider-service] [org.springframework.kafka.KafkaListenerEndpointContainer#0-0-C-1] org.apache.kafka.clients.NetworkClient   : [Consumer clientId=consumer-provider-service-group-1, groupId=provider-service-group] Connection to node -1 (localhost/127.0.0.1:9092) could not be established. Broker may not be available.
2026-05-23T05:09:29.581-05:00  WARN 6649 --- [provider-service] [org.springframework.kafka.KafkaListenerEndpointContainer#0-0-C-1] org.apache.kafka.clients.NetworkClient   : [Consumer clientId=consumer-provider-service-group-1, groupId=provider-service-group] Bootstrap broker localhost:9092 (id: -1 rack: null) disconnected
2026-05-23T05:09:30.755-05:00  INFO 6649 --- [provider-service] [org.springframework.kafka.KafkaListenerEndpointContainer#0-0-C-1] org.apache.kafka.clients.NetworkClient   : [Consumer clientId=consumer-provider-service-group-1, groupId=provider-service-group] Node -1 disconnected.
2026-05-23T05:09:30.756-05:00  WARN 6649 --- [provider-service] [org.springframework.kafka.KafkaListenerEndpointContainer#0-0-C-1] org.apache.kafka.clients.NetworkClient   : [Consumer clientId=consumer-provider-service-group-1, groupId=provider-service-group] Connection to node -1 (localhost/127.0.0.1:9092) could not be established. Broker may not be available.
2026-05-23T05:09:30.756-05:00  WARN 6649 --- [provider-service] [org.springframework.kafka.KafkaListenerEndpointContainer#0-0-C-1] org.apache.kafka.clients.NetworkClient   : [Consumer clientId=consumer-provider-service-group-1, groupId=provider-service-group] Bootstrap broker localhost:9092 (id: -1 rack: null) disconnected
2026-05-23T05:09:31.880-05:00  INFO 6649 --- [provider-service] [org.springframework.kafka.KafkaListenerEndpointContainer#0-0-C-1] org.apache.kafka.clients.NetworkClient   : [Consumer clientId=consumer-provider-service-group-1, groupId=provider-service-group] Node -1 disconnected.
2026-05-23T05:09:31.881-05:00  WARN 6649 --- [provider-service] [org.springframework.kafka.KafkaListenerEndpointContainer#0-0-C-1] org.apache.kafka.clients.NetworkClient   : [Consumer clientId=consumer-provider-service-group-1, groupId=provider-service-group] Connection to node -1 (localhost/127.0.0.1:9092) could not be established. Broker may not be available.
2026-05-23T05:09:31.881-05:00  WARN 6649 --- [provider-service] [org.springframework.kafka.KafkaListenerEndpointContainer#0-0-C-1] org.apache.kafka.clients.NetworkClient   : [Consumer clientId=consumer-provider-service-group-1, groupId=provider-service-group] Bootstrap broker localhost:9092 (id: -1 rack: null) disconnected
2026-05-23T05:09:33.055-05:00  INFO 6649 --- [provider-service] [org.springframework.kafka.KafkaListenerEndpointContainer#0-0-C-1] org.apache.kafka.clients.NetworkClient   : [Consumer clientId=consumer-provider-service-group-1, groupId=provider-service-group] Node -1 disconnected.
2026-05-23T05:09:33.056-05:00  WARN 6649 --- [provider-service] [org.springframework.kafka.KafkaListenerEndpointContainer#0-0-C-1] org.apache.kafka.clients.NetworkClient   : [Consumer clientId=consumer-provider-service-group-1, groupId=provider-service-group] Connection to node -1 (localhost/127.0.0.1:9092) could not be established. Broker may not be available.
2026-05-23T05:09:33.056-05:00  WARN 6649 --- [provider-service] [org.springframework.kafka.KafkaListenerEndpointContainer#0-0-C-1] org.apache.kafka.clients.NetworkClient   : [Consumer clientId=consumer-provider-service-group-1, groupId=provider-service-group] Bootstrap broker localhost:9092 (id: -1 rack: null) disconnected
2026-05-23T05:09:33.923-05:00  INFO 6649 --- [provider-service] [org.springframework.kafka.KafkaListenerEndpointContainer#0-0-C-1] org.apache.kafka.clients.NetworkClient   : [Consumer clientId=consumer-provider-service-group-1, groupId=provider-service-group] Node -1 disconnected.
2026-05-23T05:09:33.923-05:00  WARN 6649 --- [provider-service] [org.springframework.kafka.KafkaListenerEndpointContainer#0-0-C-1] org.apache.kafka.clients.NetworkClient   : [Consumer clientId=consumer-provider-service-group-1, groupId=provider-service-group] Connection to node -1 (localhost/127.0.0.1:9092) could not be established. Broker may not be available.
2026-05-23T05:09:33.923-05:00  WARN 6649 --- [provider-service] [org.springframework.kafka.KafkaListenerEndpointContainer#0-0-C-1] org.apache.kafka.clients.NetworkClient   : [Consumer clientId=consumer-provider-service-group-1, groupId=provider-service-group] Bootstrap broker localhost:9092 (id: -1 rack: null) disconnected
2026-05-23T05:09:34.776-05:00  INFO 6649 --- [provider-service] [org.springframework.kafka.KafkaListenerEndpointContainer#0-0-C-1] org.apache.kafka.clients.NetworkClient   : [Consumer clientId=consumer-provider-service-group-1, groupId=provider-service-group] Node -1 disconnected.
2026-05-23T05:09:34.776-05:00  WARN 6649 --- [provider-service] [org.springframework.kafka.KafkaListenerEndpointContainer#0-0-C-1] org.apache.kafka.clients.NetworkClient   : [Consumer clientId=consumer-provider-service-group-1, groupId=provider-service-group] Connection to node -1 (localhost/127.0.0.1:9092) could not be established. Broker may not be available.
2026-05-23T05:09:34.776-05:00  WARN 6649 --- [provider-service] [org.springframework.kafka.KafkaListenerEndpointContainer#0-0-C-1] org.apache.kafka.clients.NetworkClient   : [Consumer clientId=consumer-provider-service-group-1, groupId=provider-service-group] Bootstrap broker localhost:9092 (id: -1 rack: null) disconnected
2026-05-23T05:09:35.747-05:00  INFO 6649 --- [provider-service] [org.springframework.kafka.KafkaListenerEndpointContainer#0-0-C-1] org.apache.kafka.clients.NetworkClient   : [Consumer clientId=consumer-provider-service-group-1, groupId=provider-service-group] Node -1 disconnected.
2026-05-23T05:09:35.747-05:00  WARN 6649 --- [provider-service] [org.springframework.kafka.KafkaListenerEndpointContainer#0-0-C-1] org.apache.kafka.clients.NetworkClient   : [Consumer clientId=consumer-provider-service-group-1, groupId=provider-service-group] Connection to node -1 (localhost/127.0.0.1:9092) could not be established. Broker may not be available.
2026-05-23T05:09:35.748-05:00  WARN 6649 --- [provider-service] [org.springframework.kafka.KafkaListenerEndpointContainer#0-0-C-1] org.apache.kafka.clients.NetworkClient   : [Consumer clientId=consumer-provider-service-group-1, groupId=provider-service-group] Bootstrap broker localhost:9092 (id: -1 rack: null) disconnected
2026-05-23T05:09:36.971-05:00  INFO 6649 --- [provider-service] [org.springframework.kafka.KafkaListenerEndpointContainer#0-0-C-1] org.apache.kafka.clients.NetworkClient   : [Consumer clientId=consumer-provider-service-group-1, groupId=provider-service-group] Node -1 disconnected.
2026-05-23T05:09:36.972-05:00  WARN 6649 --- [provider-service] [org.springframework.kafka.KafkaListenerEndpointContainer#0-0-C-1] org.apache.kafka.clients.NetworkClient   : [Consumer clientId=consumer-provider-service-group-1, groupId=provider-service-group] Connection to node -1 (localhost/127.0.0.1:9092) could not be established. Broker may not be available.
2026-05-23T05:09:36.972-05:00  WARN 6649 --- [provider-service] [org.springframework.kafka.KafkaListenerEndpointContainer#0-0-C-1] org.apache.kafka.clients.NetworkClient   : [Consumer clientId=consumer-provider-service-group-1, groupId=provider-service-group] Bootstrap broker localhost:9092 (id: -1 rack: null) disconnected
2026-05-23T05:09:37.891-05:00  INFO 6649 --- [provider-service] [org.springframework.kafka.KafkaListenerEndpointContainer#0-0-C-1] org.apache.kafka.clients.NetworkClient   : [Consumer clientId=consumer-provider-service-group-1, groupId=provider-service-group] Node -1 disconnected.
2026-05-23T05:09:37.891-05:00  WARN 6649 --- [provider-service] [org.springframework.kafka.KafkaListenerEndpointContainer#0-0-C-1] org.apache.kafka.clients.NetworkClient   : [Consumer clientId=consumer-provider-service-group-1, groupId=provider-service-group] Connection to node -1 (localhost/127.0.0.1:9092) could not be established. Broker may not be available.
2026-05-23T05:09:37.891-05:00  WARN 6649 --- [provider-service] [org.springframework.kafka.KafkaListenerEndpointContainer#0-0-C-1] org.apache.kafka.clients.NetworkClient   : [Consumer clientId=consumer-provider-service-group-1, groupId=provider-service-group] Bootstrap broker localhost:9092 (id: -1 rack: null) disconnected
2026-05-23T05:09:39.068-05:00  INFO 6649 --- [provider-service] [org.springframework.kafka.KafkaListenerEndpointContainer#0-0-C-1] org.apache.kafka.clients.NetworkClient   : [Consumer clientId=consumer-provider-service-group-1, groupId=provider-service-group] Node -1 disconnected.
2026-05-23T05:09:39.068-05:00  WARN 6649 --- [provider-service] [org.springframework.kafka.KafkaListenerEndpointContainer#0-0-C-1] org.apache.kafka.clients.NetworkClient   : [Consumer clientId=consumer-provider-service-group-1, groupId=provider-service-group] Connection to node -1 (localhost/127.0.0.1:9092) could not be established. Broker may not be available.
2026-05-23T05:09:39.068-05:00  WARN 6649 --- [provider-service] [org.springframework.kafka.KafkaListenerEndpointContainer#0-0-C-1] org.apache.kafka.clients.NetworkClient   : [Consumer clientId=consumer-provider-service-group-1, groupId=provider-service-group] Bootstrap broker localhost:9092 (id: -1 rack: null) disconnected
2026-05-23T05:09:40.186-05:00  INFO 6649 --- [provider-service] [org.springframework.kafka.KafkaListenerEndpointContainer#0-0-C-1] org.apache.kafka.clients.NetworkClient   : [Consumer clientId=consumer-provider-service-group-1, groupId=provider-service-group] Node -1 disconnected.
2026-05-23T05:09:40.187-05:00  WARN 6649 --- [provider-service] [org.springframework.kafka.KafkaListenerEndpointContainer#0-0-C-1] org.apache.kafka.clients.NetworkClient   : [Consumer clientId=consumer-provider-service-group-1, groupId=provider-service-group] Connection to node -1 (localhost/127.0.0.1:9092) could not be established. Broker may not be available.
2026-05-23T05:09:40.187-05:00  WARN 6649 --- [provider-service] [org.springframework.kafka.KafkaListenerEndpointContainer#0-0-C-1] org.apache.kafka.clients.NetworkClient   : [Consumer clientId=consumer-provider-service-group-1, groupId=provider-service-group] Bootstrap broker localhost:9092 (id: -1 rack: null) disconnected
2026-05-23T05:09:41.410-05:00  INFO 6649 --- [provider-service] [org.springframework.kafka.KafkaListenerEndpointContainer#0-0-C-1] org.apache.kafka.clients.NetworkClient   : [Consumer clientId=consumer-provider-service-group-1, groupId=provider-service-group] Node -1 disconnected.
2026-05-23T05:09:41.410-05:00  WARN 6649 --- [provider-service] [org.springframework.kafka.KafkaListenerEndpointContainer#0-0-C-1] org.apache.kafka.clients.NetworkClient   : [Consumer clientId=consumer-provider-service-group-1, groupId=provider-service-group] Connection to node -1 (localhost/127.0.0.1:9092) could not be established. Broker may not be available.
2026-05-23T05:09:41.410-05:00  WARN 6649 --- [provider-service] [org.springframework.kafka.KafkaListenerEndpointContainer#0-0-C-1] org.apache.kafka.clients.NetworkClient   : [Consumer clientId=consumer-provider-service-group-1, groupId=provider-service-group] Bootstrap broker localhost:9092 (id: -1 rack: null) disconnected
2026-05-23T05:09:42.482-05:00  INFO 6649 --- [provider-service] [org.springframework.kafka.KafkaListenerEndpointContainer#0-0-C-1] org.apache.kafka.clients.NetworkClient   : [Consumer clientId=consumer-provider-service-group-1, groupId=provider-service-group] Node -1 disconnected.
2026-05-23T05:09:42.483-05:00  WARN 6649 --- [provider-service] [org.springframework.kafka.KafkaListenerEndpointContainer#0-0-C-1] org.apache.kafka.clients.NetworkClient   : [Consumer clientId=consumer-provider-service-group-1, groupId=provider-service-group] Connection to node -1 (localhost/127.0.0.1:9092) could not be established. Broker may not be available.
2026-05-23T05:09:42.483-05:00  WARN 6649 --- [provider-service] [org.springframework.kafka.KafkaListenerEndpointContainer#0-0-C-1] org.apache.kafka.clients.NetworkClient   : [Consumer clientId=consumer-provider-service-group-1, groupId=provider-service-group] Bootstrap broker localhost:9092 (id: -1 rack: null) disconnected
2026-05-23T05:09:43.503-05:00  INFO 6649 --- [provider-service] [org.springframework.kafka.KafkaListenerEndpointContainer#0-0-C-1] org.apache.kafka.clients.NetworkClient   : [Consumer clientId=consumer-provider-service-group-1, groupId=provider-service-group] Node -1 disconnected.
2026-05-23T05:09:43.504-05:00  WARN 6649 --- [provider-service] [org.springframework.kafka.KafkaListenerEndpointContainer#0-0-C-1] org.apache.kafka.clients.NetworkClient   : [Consumer clientId=consumer-provider-service-group-1, groupId=provider-service-group] Connection to node -1 (localhost/127.0.0.1:9092) could not be established. Broker may not be available.
2026-05-23T05:09:43.504-05:00  WARN 6649 --- [provider-service] [org.springframework.kafka.KafkaListenerEndpointContainer#0-0-C-1] org.apache.kafka.clients.NetworkClient   : [Consumer clientId=consumer-provider-service-group-1, groupId=provider-service-group] Bootstrap broker localhost:9092 (id: -1 rack: null) disconnected
2026-05-23T05:09:44.626-05:00  INFO 6649 --- [provider-service] [org.springframework.kafka.KafkaListenerEndpointContainer#0-0-C-1] org.apache.kafka.clients.NetworkClient   : [Consumer clientId=consumer-provider-service-group-1, groupId=provider-service-group] Node -1 disconnected.
2026-05-23T05:09:44.626-05:00  WARN 6649 --- [provider-service] [org.springframework.kafka.KafkaListenerEndpointContainer#0-0-C-1] org.apache.kafka.clients.NetworkClient   : [Consumer clientId=consumer-provider-service-group-1, groupId=provider-service-group] Connection to node -1 (localhost/127.0.0.1:9092) could not be established. Broker may not be available.
2026-05-23T05:09:44.626-05:00  WARN 6649 --- [provider-service] [org.springframework.kafka.KafkaListenerEndpointContainer#0-0-C-1] org.apache.kafka.clients.NetworkClient   : [Consumer clientId=consumer-provider-service-group-1, groupId=provider-service-group] Bootstrap broker localhost:9092 (id: -1 rack: null) disconnected
2026-05-23T05:09:45.749-05:00  INFO 6649 --- [provider-service] [org.springframework.kafka.KafkaListenerEndpointContainer#0-0-C-1] org.apache.kafka.clients.NetworkClient   : [Consumer clientId=consumer-provider-service-group-1, groupId=provider-service-group] Node -1 disconnected.
2026-05-23T05:09:45.749-05:00  WARN 6649 --- [provider-service] [org.springframework.kafka.KafkaListenerEndpointContainer#0-0-C-1] org.apache.kafka.clients.NetworkClient   : [Consumer clientId=consumer-provider-service-group-1, groupId=provider-service-group] Connection to node -1 (localhost/127.0.0.1:9092) could not be established. Broker may not be available.
2026-05-23T05:09:45.749-05:00  WARN 6649 --- [provider-service] [org.springframework.kafka.KafkaListenerEndpointContainer#0-0-C-1] org.apache.kafka.clients.NetworkClient   : [Consumer clientId=consumer-provider-service-group-1, groupId=provider-service-group] Bootstrap broker localhost:9092 (id: -1 rack: null) disconnected
2026-05-23T05:09:46.720-05:00  INFO 6649 --- [provider-service] [org.springframework.kafka.KafkaListenerEndpointContainer#0-0-C-1] org.apache.kafka.clients.NetworkClient   : [Consumer clientId=consumer-provider-service-group-1, groupId=provider-service-group] Node -1 disconnected.
2026-05-23T05:09:46.721-05:00  WARN 6649 --- [provider-service] [org.springframework.kafka.KafkaListenerEndpointContainer#0-0-C-1] org.apache.kafka.clients.NetworkClient   : [Consumer clientId=consumer-provider-service-group-1, groupId=provider-service-group] Connection to node -1 (localhost/127.0.0.1:9092) could not be established. Broker may not be available.
2026-05-23T05:09:46.721-05:00  WARN 6649 --- [provider-service] [org.springframework.kafka.KafkaListenerEndpointContainer#0-0-C-1] org.apache.kafka.clients.NetworkClient   : [Consumer clientId=consumer-provider-service-group-1, groupId=provider-service-group] Bootstrap broker localhost:9092 (id: -1 rack: null) disconnected
2026-05-23T05:09:47.639-05:00  INFO 6649 --- [provider-service] [org.springframework.kafka.KafkaListenerEndpointContainer#0-0-C-1] org.apache.kafka.clients.NetworkClient   : [Consumer clientId=consumer-provider-service-group-1, groupId=provider-service-group] Node -1 disconnected.
2026-05-23T05:09:47.639-05:00  WARN 6649 --- [provider-service] [org.springframework.kafka.KafkaListenerEndpointContainer#0-0-C-1] org.apache.kafka.clients.NetworkClient   : [Consumer clientId=consumer-provider-service-group-1, groupId=provider-service-group] Connection to node -1 (localhost/127.0.0.1:9092) could not be established. Broker may not be available.
2026-05-23T05:09:47.639-05:00  WARN 6649 --- [provider-service] [org.springframework.kafka.KafkaListenerEndpointContainer#0-0-C-1] org.apache.kafka.clients.NetworkClient   : [Consumer clientId=consumer-provider-service-group-1, groupId=provider-service-group] Bootstrap broker localhost:9092 (id: -1 rack: null) disconnected
2026-05-23T05:09:48.611-05:00  INFO 6649 --- [provider-service] [org.springframework.kafka.KafkaListenerEndpointContainer#0-0-C-1] org.apache.kafka.clients.NetworkClient   : [Consumer clientId=consumer-provider-service-group-1, groupId=provider-service-group] Node -1 disconnected.
2026-05-23T05:09:48.612-05:00  WARN 6649 --- [provider-service] [org.springframework.kafka.KafkaListenerEndpointContainer#0-0-C-1] org.apache.kafka.clients.NetworkClient   : [Consumer clientId=consumer-provider-service-group-1, groupId=provider-service-group] Connection to node -1 (localhost/127.0.0.1:9092) could not be established. Broker may not be available.
2026-05-23T05:09:48.612-05:00  WARN 6649 --- [provider-service] [org.springframework.kafka.KafkaListenerEndpointContainer#0-0-C-1] org.apache.kafka.clients.NetworkClient   : [Consumer clientId=consumer-provider-service-group-1, groupId=provider-service-group] Bootstrap broker localhost:9092 (id: -1 rack: null) disconnected
2026-05-23T05:09:49.529-05:00  INFO 6649 --- [provider-service] [org.springframework.kafka.KafkaListenerEndpointContainer#0-0-C-1] org.apache.kafka.clients.NetworkClient   : [Consumer clientId=consumer-provider-service-group-1, groupId=provider-service-group] Node -1 disconnected.
2026-05-23T05:09:49.530-05:00  WARN 6649 --- [provider-service] [org.springframework.kafka.KafkaListenerEndpointContainer#0-0-C-1] org.apache.kafka.clients.NetworkClient   : [Consumer clientId=consumer-provider-service-group-1, groupId=provider-service-group] Connection to node -1 (localhost/127.0.0.1:9092) could not be established. Broker may not be available.
2026-05-23T05:09:49.530-05:00  WARN 6649 --- [provider-service] [org.springframework.kafka.KafkaListenerEndpointContainer#0-0-C-1] org.apache.kafka.clients.NetworkClient   : [Consumer clientId=consumer-provider-service-group-1, groupId=provider-service-group] Bootstrap broker localhost:9092 (id: -1 rack: null) disconnected
2026-05-23T05:09:50.499-05:00  INFO 6649 --- [provider-service] [org.springframework.kafka.KafkaListenerEndpointContainer#0-0-C-1] org.apache.kafka.clients.NetworkClient   : [Consumer clientId=consumer-provider-service-group-1, groupId=provider-service-group] Node -1 disconnected.
2026-05-23T05:09:50.500-05:00  WARN 6649 --- [provider-service] [org.springframework.kafka.KafkaListenerEndpointContainer#0-0-C-1] org.apache.kafka.clients.NetworkClient   : [Consumer clientId=consumer-provider-service-group-1, groupId=provider-service-group] Connection to node -1 (localhost/127.0.0.1:9092) could not be established. Broker may not be available.
2026-05-23T05:09:50.500-05:00  WARN 6649 --- [provider-service] [org.springframework.kafka.KafkaListenerEndpointContainer#0-0-C-1] org.apache.kafka.clients.NetworkClient   : [Consumer clientId=consumer-provider-service-group-1, groupId=provider-service-group] Bootstrap broker localhost:9092 (id: -1 rack: null) disconnected
2026-05-23T05:09:51.572-05:00  INFO 6649 --- [provider-service] [org.springframework.kafka.KafkaListenerEndpointContainer#0-0-C-1] org.apache.kafka.clients.NetworkClient   : [Consumer clientId=consumer-provider-service-group-1, groupId=provider-service-group] Node -1 disconnected.
2026-05-23T05:09:51.572-05:00  WARN 6649 --- [provider-service] [org.springframework.kafka.KafkaListenerEndpointContainer#0-0-C-1] org.apache.kafka.clients.NetworkClient   : [Consumer clientId=consumer-provider-service-group-1, groupId=provider-service-group] Connection to node -1 (localhost/127.0.0.1:9092) could not be established. Broker may not be available.
2026-05-23T05:09:51.572-05:00  WARN 6649 --- [provider-service] [org.springframework.kafka.KafkaListenerEndpointContainer#0-0-C-1] org.apache.kafka.clients.NetworkClient   : [Consumer clientId=consumer-provider-service-group-1, groupId=provider-service-group] Bootstrap broker localhost:9092 (id: -1 rack: null) disconnected
2026-05-23T05:09:52.747-05:00  INFO 6649 --- [provider-service] [org.springframework.kafka.KafkaListenerEndpointContainer#0-0-C-1] org.apache.kafka.clients.NetworkClient   : [Consumer clientId=consumer-provider-service-group-1, groupId=provider-service-group] Node -1 disconnected.
2026-05-23T05:09:52.747-05:00  WARN 6649 --- [provider-service] [org.springframework.kafka.KafkaListenerEndpointContainer#0-0-C-1] org.apache.kafka.clients.NetworkClient   : [Consumer clientId=consumer-provider-service-group-1, groupId=provider-service-group] Connection to node -1 (localhost/127.0.0.1:9092) could not be established. Broker may not be available.
2026-05-23T05:09:52.747-05:00  WARN 6649 --- [provider-service] [org.springframework.kafka.KafkaListenerEndpointContainer#0-0-C-1] org.apache.kafka.clients.NetworkClient   : [Consumer clientId=consumer-provider-service-group-1, groupId=provider-service-group] Bootstrap broker localhost:9092 (id: -1 rack: null) disconnected
2026-05-23T05:09:53.924-05:00  INFO 6649 --- [provider-service] [org.springframework.kafka.KafkaListenerEndpointContainer#0-0-C-1] org.apache.kafka.clients.NetworkClient   : [Consumer clientId=consumer-provider-service-group-1, groupId=provider-service-group] Node -1 disconnected.
2026-05-23T05:09:53.924-05:00  WARN 6649 --- [provider-service] [org.springframework.kafka.KafkaListenerEndpointContainer#0-0-C-1] org.apache.kafka.clients.NetworkClient   : [Consumer clientId=consumer-provider-service-group-1, groupId=provider-service-group] Connection to node -1 (localhost/127.0.0.1:9092) could not be established. Broker may not be available.
2026-05-23T05:09:53.924-05:00  WARN 6649 --- [provider-service] [org.springframework.kafka.KafkaListenerEndpointContainer#0-0-C-1] org.apache.kafka.clients.NetworkClient   : [Consumer clientId=consumer-provider-service-group-1, groupId=provider-service-group] Bootstrap broker localhost:9092 (id: -1 rack: null) disconnected
2026-05-23T05:09:54.989-05:00  INFO 6649 --- [provider-service] [org.springframework.kafka.KafkaListenerEndpointContainer#0-0-C-1] org.apache.kafka.clients.NetworkClient   : [Consumer clientId=consumer-provider-service-group-1, groupId=provider-service-group] Node -1 disconnected.
2026-05-23T05:09:54.990-05:00  WARN 6649 --- [provider-service] [org.springframework.kafka.KafkaListenerEndpointContainer#0-0-C-1] org.apache.kafka.clients.NetworkClient   : [Consumer clientId=consumer-provider-service-group-1, groupId=provider-service-group] Connection to node -1 (localhost/127.0.0.1:9092) could not be established. Broker may not be available.
2026-05-23T05:09:54.990-05:00  WARN 6649 --- [provider-service] [org.springframework.kafka.KafkaListenerEndpointContainer#0-0-C-1] org.apache.kafka.clients.NetworkClient   : [Consumer clientId=consumer-provider-service-group-1, groupId=provider-service-group] Bootstrap broker localhost:9092 (id: -1 rack: null) disconnected
2026-05-23T05:09:56.064-05:00  INFO 6649 --- [provider-service] [org.springframework.kafka.KafkaListenerEndpointContainer#0-0-C-1] org.apache.kafka.clients.NetworkClient   : [Consumer clientId=consumer-provider-service-group-1, groupId=provider-service-group] Node -1 disconnected.
2026-05-23T05:09:56.064-05:00  WARN 6649 --- [provider-service] [org.springframework.kafka.KafkaListenerEndpointContainer#0-0-C-1] org.apache.kafka.clients.NetworkClient   : [Consumer clientId=consumer-provider-service-group-1, groupId=provider-service-group] Connection to node -1 (localhost/127.0.0.1:9092) could not be established. Broker may not be available.
2026-05-23T05:09:56.064-05:00  WARN 6649 --- [provider-service] [org.springframework.kafka.KafkaListenerEndpointContainer#0-0-C-1] org.apache.kafka.clients.NetworkClient   : [Consumer clientId=consumer-provider-service-group-1, groupId=provider-service-group] Bootstrap broker localhost:9092 (id: -1 rack: null) disconnected
2026-05-23T05:09:57.188-05:00  INFO 6649 --- [provider-service] [org.springframework.kafka.KafkaListenerEndpointContainer#0-0-C-1] org.apache.kafka.clients.NetworkClient   : [Consumer clientId=consumer-provider-service-group-1, groupId=provider-service-group] Node -1 disconnected.
2026-05-23T05:09:57.188-05:00  WARN 6649 --- [provider-service] [org.springframework.kafka.KafkaListenerEndpointContainer#0-0-C-1] org.apache.kafka.clients.NetworkClient   : [Consumer clientId=consumer-provider-service-group-1, groupId=provider-service-group] Connection to node -1 (localhost/127.0.0.1:9092) could not be established. Broker may not be available.
2026-05-23T05:09:57.188-05:00  WARN 6649 --- [provider-service] [org.springframework.kafka.KafkaListenerEndpointContainer#0-0-C-1] org.apache.kafka.clients.NetworkClient   : [Consumer clientId=consumer-provider-service-group-1, groupId=provider-service-group] Bootstrap broker localhost:9092 (id: -1 rack: null) disconnected
2026-05-23T05:09:58.316-05:00  INFO 6649 --- [provider-service] [org.springframework.kafka.KafkaListenerEndpointContainer#0-0-C-1] org.apache.kafka.clients.NetworkClient   : [Consumer clientId=consumer-provider-service-group-1, groupId=provider-service-group] Node -1 disconnected.
2026-05-23T05:09:58.317-05:00  WARN 6649 --- [provider-service] [org.springframework.kafka.KafkaListenerEndpointContainer#0-0-C-1] org.apache.kafka.clients.NetworkClient   : [Consumer clientId=consumer-provider-service-group-1, groupId=provider-service-group] Connection to node -1 (localhost/127.0.0.1:9092) could not be established. Broker may not be available.
2026-05-23T05:09:58.317-05:00  WARN 6649 --- [provider-service] [org.springframework.kafka.KafkaListenerEndpointContainer#0-0-C-1] org.apache.kafka.clients.NetworkClient   : [Consumer clientId=consumer-provider-service-group-1, groupId=provider-service-group] Bootstrap broker localhost:9092 (id: -1 rack: null) disconnected
2026-05-23T05:09:59.340-05:00  INFO 6649 --- [provider-service] [org.springframework.kafka.KafkaListenerEndpointContainer#0-0-C-1] org.apache.kafka.clients.NetworkClient   : [Consumer clientId=consumer-provider-service-group-1, groupId=provider-service-group] Node -1 disconnected.
2026-05-23T05:09:59.341-05:00  WARN 6649 --- [provider-service] [org.springframework.kafka.KafkaListenerEndpointContainer#0-0-C-1] org.apache.kafka.clients.NetworkClient   : [Consumer clientId=consumer-provider-service-group-1, groupId=provider-service-group] Connection to node -1 (localhost/127.0.0.1:9092) could not be established. Broker may not be available.
2026-05-23T05:09:59.341-05:00  WARN 6649 --- [provider-service] [org.springframework.kafka.KafkaListenerEndpointContainer#0-0-C-1] org.apache.kafka.clients.NetworkClient   : [Consumer clientId=consumer-provider-service-group-1, groupId=provider-service-group] Bootstrap broker localhost:9092 (id: -1 rack: null) disconnected
2026-05-23T05:10:00.397-05:00  INFO 6649 --- [provider-service] [org.springframework.kafka.KafkaListenerEndpointContainer#0-0-C-1] org.apache.kafka.clients.NetworkClient   : [Consumer clientId=consumer-provider-service-group-1, groupId=provider-service-group] Node -1 disconnected.
2026-05-23T05:10:00.398-05:00  WARN 6649 --- [provider-service] [org.springframework.kafka.KafkaListenerEndpointContainer#0-0-C-1] org.apache.kafka.clients.NetworkClient   : [Consumer clientId=consumer-provider-service-group-1, groupId=provider-service-group] Connection to node -1 (localhost/127.0.0.1:9092) could not be established. Broker may not be available.
2026-05-23T05:10:00.398-05:00  WARN 6649 --- [provider-service] [org.springframework.kafka.KafkaListenerEndpointContainer#0-0-C-1] org.apache.kafka.clients.NetworkClient   : [Consumer clientId=consumer-provider-service-group-1, groupId=provider-service-group] Bootstrap broker localhost:9092 (id: -1 rack: null) disconnected
2026-05-23T05:10:01.317-05:00  INFO 6649 --- [provider-service] [org.springframework.kafka.KafkaListenerEndpointContainer#0-0-C-1] org.apache.kafka.clients.NetworkClient   : [Consumer clientId=consumer-provider-service-group-1, groupId=provider-service-group] Node -1 disconnected.
2026-05-23T05:10:01.317-05:00  WARN 6649 --- [provider-service] [org.springframework.kafka.KafkaListenerEndpointContainer#0-0-C-1] org.apache.kafka.clients.NetworkClient   : [Consumer clientId=consumer-provider-service-group-1, groupId=provider-service-group] Connection to node -1 (localhost/127.0.0.1:9092) could not be established. Broker may not be available.
2026-05-23T05:10:01.318-05:00  WARN 6649 --- [provider-service] [org.springframework.kafka.KafkaListenerEndpointContainer#0-0-C-1] org.apache.kafka.clients.NetworkClient   : [Consumer clientId=consumer-provider-service-group-1, groupId=provider-service-group] Bootstrap broker localhost:9092 (id: -1 rack: null) disconnected
2026-05-23T05:10:02.440-05:00  INFO 6649 --- [provider-service] [org.springframework.kafka.KafkaListenerEndpointContainer#0-0-C-1] org.apache.kafka.clients.NetworkClient   : [Consumer clientId=consumer-provider-service-group-1, groupId=provider-service-group] Node -1 disconnected.
2026-05-23T05:10:02.441-05:00  WARN 6649 --- [provider-service] [org.springframework.kafka.KafkaListenerEndpointContainer#0-0-C-1] org.apache.kafka.clients.NetworkClient   : [Consumer clientId=consumer-provider-service-group-1, groupId=provider-service-group] Connection to node -1 (localhost/127.0.0.1:9092) could not be established. Broker may not be available.
2026-05-23T05:10:02.441-05:00  WARN 6649 --- [provider-service] [org.springframework.kafka.KafkaListenerEndpointContainer#0-0-C-1] org.apache.kafka.clients.NetworkClient   : [Consumer clientId=consumer-provider-service-group-1, groupId=provider-service-group] Bootstrap broker localhost:9092 (id: -1 rack: null) disconnected
2026-05-23T05:10:03.309-05:00  INFO 6649 --- [provider-service] [org.springframework.kafka.KafkaListenerEndpointContainer#0-0-C-1] org.apache.kafka.clients.NetworkClient   : [Consumer clientId=consumer-provider-service-group-1, groupId=provider-service-group] Node -1 disconnected.
2026-05-23T05:10:03.310-05:00  WARN 6649 --- [provider-service] [org.springframework.kafka.KafkaListenerEndpointContainer#0-0-C-1] org.apache.kafka.clients.NetworkClient   : [Consumer clientId=consumer-provider-service-group-1, groupId=provider-service-group] Connection to node -1 (localhost/127.0.0.1:9092) could not be established. Broker may not be available.
2026-05-23T05:10:03.310-05:00  WARN 6649 --- [provider-service] [org.springframework.kafka.KafkaListenerEndpointContainer#0-0-C-1] org.apache.kafka.clients.NetworkClient   : [Consumer clientId=consumer-provider-service-group-1, groupId=provider-service-group] Bootstrap broker localhost:9092 (id: -1 rack: null) disconnected
2026-05-23T05:10:04.228-05:00  INFO 6649 --- [provider-service] [org.springframework.kafka.KafkaListenerEndpointContainer#0-0-C-1] org.apache.kafka.clients.NetworkClient   : [Consumer clientId=consumer-provider-service-group-1, groupId=provider-service-group] Node -1 disconnected.
2026-05-23T05:10:04.229-05:00  WARN 6649 --- [provider-service] [org.springframework.kafka.KafkaListenerEndpointContainer#0-0-C-1] org.apache.kafka.clients.NetworkClient   : [Consumer clientId=consumer-provider-service-group-1, groupId=provider-service-group] Connection to node -1 (localhost/127.0.0.1:9092) could not be established. Broker may not be available.
2026-05-23T05:10:04.229-05:00  WARN 6649 --- [provider-service] [org.springframework.kafka.KafkaListenerEndpointContainer#0-0-C-1] org.apache.kafka.clients.NetworkClient   : [Consumer clientId=consumer-provider-service-group-1, groupId=provider-service-group] Bootstrap broker localhost:9092 (id: -1 rack: null) disconnected
2026-05-23T05:10:05.097-05:00  INFO 6649 --- [provider-service] [org.springframework.kafka.KafkaListenerEndpointContainer#0-0-C-1] org.apache.kafka.clients.NetworkClient   : [Consumer clientId=consumer-provider-service-group-1, groupId=provider-service-group] Node -1 disconnected.
2026-05-23T05:10:05.097-05:00  WARN 6649 --- [provider-service] [org.springframework.kafka.KafkaListenerEndpointContainer#0-0-C-1] org.apache.kafka.clients.NetworkClient   : [Consumer clientId=consumer-provider-service-group-1, groupId=provider-service-group] Connection to node -1 (localhost/127.0.0.1:9092) could not be established. Broker may not be available.
2026-05-23T05:10:05.098-05:00  WARN 6649 --- [provider-service] [org.springframework.kafka.KafkaListenerEndpointContainer#0-0-C-1] org.apache.kafka.clients.NetworkClient   : [Consumer clientId=consumer-provider-service-group-1, groupId=provider-service-group] Bootstrap broker localhost:9092 (id: -1 rack: null) disconnected
2026-05-23T05:10:05.912-05:00  INFO 6649 --- [provider-service] [org.springframework.kafka.KafkaListenerEndpointContainer#0-0-C-1] org.apache.kafka.clients.NetworkClient   : [Consumer clientId=consumer-provider-service-group-1, groupId=provider-service-group] Node -1 disconnected.
2026-05-23T05:10:05.912-05:00  WARN 6649 --- [provider-service] [org.springframework.kafka.KafkaListenerEndpointContainer#0-0-C-1] org.apache.kafka.clients.NetworkClient   : [Consumer clientId=consumer-provider-service-group-1, groupId=provider-service-group] Connection to node -1 (localhost/127.0.0.1:9092) could not be established. Broker may not be available.
2026-05-23T05:10:05.912-05:00  WARN 6649 --- [provider-service] [org.springframework.kafka.KafkaListenerEndpointContainer#0-0-C-1] org.apache.kafka.clients.NetworkClient   : [Consumer clientId=consumer-provider-service-group-1, groupId=provider-service-group] Bootstrap broker localhost:9092 (id: -1 rack: null) disconnected
2026-05-23T05:10:06.782-05:00  INFO 6649 --- [provider-service] [org.springframework.kafka.KafkaListenerEndpointContainer#0-0-C-1] org.apache.kafka.clients.NetworkClient   : [Consumer clientId=consumer-provider-service-group-1, groupId=provider-service-group] Node -1 disconnected.
2026-05-23T05:10:06.782-05:00  WARN 6649 --- [provider-service] [org.springframework.kafka.KafkaListenerEndpointContainer#0-0-C-1] org.apache.kafka.clients.NetworkClient   : [Consumer clientId=consumer-provider-service-group-1, groupId=provider-service-group] Connection to node -1 (localhost/127.0.0.1:9092) could not be established. Broker may not be available.
2026-05-23T05:10:06.783-05:00  WARN 6649 --- [provider-service] [org.springframework.kafka.KafkaListenerEndpointContainer#0-0-C-1] org.apache.kafka.clients.NetworkClient   : [Consumer clientId=consumer-provider-service-group-1, groupId=provider-service-group] Bootstrap broker localhost:9092 (id: -1 rack: null) disconnected
2026-05-23T05:10:07.857-05:00  INFO 6649 --- [provider-service] [org.springframework.kafka.KafkaListenerEndpointContainer#0-0-C-1] org.apache.kafka.clients.NetworkClient   : [Consumer clientId=consumer-provider-service-group-1, groupId=provider-service-group] Node -1 disconnected.
2026-05-23T05:10:07.858-05:00  WARN 6649 --- [provider-service] [org.springframework.kafka.KafkaListenerEndpointContainer#0-0-C-1] org.apache.kafka.clients.NetworkClient   : [Consumer clientId=consumer-provider-service-group-1, groupId=provider-service-group] Connection to node -1 (localhost/127.0.0.1:9092) could not be established. Broker may not be available.
2026-05-23T05:10:07.858-05:00  WARN 6649 --- [provider-service] [org.springframework.kafka.KafkaListenerEndpointContainer#0-0-C-1] org.apache.kafka.clients.NetworkClient   : [Consumer clientId=consumer-provider-service-group-1, groupId=provider-service-group] Bootstrap broker localhost:9092 (id: -1 rack: null) disconnected
2026-05-23T05:10:09.083-05:00  INFO 6649 --- [provider-service] [org.springframework.kafka.KafkaListenerEndpointContainer#0-0-C-1] org.apache.kafka.clients.NetworkClient   : [Consumer clientId=consumer-provider-service-group-1, groupId=provider-service-group] Node -1 disconnected.
2026-05-23T05:10:09.083-05:00  WARN 6649 --- [provider-service] [org.springframework.kafka.KafkaListenerEndpointContainer#0-0-C-1] org.apache.kafka.clients.NetworkClient   : [Consumer clientId=consumer-provider-service-group-1, groupId=provider-service-group] Connection to node -1 (localhost/127.0.0.1:9092) could not be established. Broker may not be available.
2026-05-23T05:10:09.083-05:00  WARN 6649 --- [provider-service] [org.springframework.kafka.KafkaListenerEndpointContainer#0-0-C-1] org.apache.kafka.clients.NetworkClient   : [Consumer clientId=consumer-provider-service-group-1, groupId=provider-service-group] Bootstrap broker localhost:9092 (id: -1 rack: null) disconnected
2026-05-23T05:10:09.944-05:00  INFO 6649 --- [provider-service] [org.springframework.kafka.KafkaListenerEndpointContainer#0-0-C-1] org.apache.kafka.clients.NetworkClient   : [Consumer clientId=consumer-provider-service-group-1, groupId=provider-service-group] Node -1 disconnected.
2026-05-23T05:10:09.944-05:00  WARN 6649 --- [provider-service] [org.springframework.kafka.KafkaListenerEndpointContainer#0-0-C-1] org.apache.kafka.clients.NetworkClient   : [Consumer clientId=consumer-provider-service-group-1, groupId=provider-service-group] Connection to node -1 (localhost/127.0.0.1:9092) could not be established. Broker may not be available.
2026-05-23T05:10:09.944-05:00  WARN 6649 --- [provider-service] [org.springframework.kafka.KafkaListenerEndpointContainer#0-0-C-1] org.apache.kafka.clients.NetworkClient   : [Consumer clientId=consumer-provider-service-group-1, groupId=provider-service-group] Bootstrap broker localhost:9092 (id: -1 rack: null) disconnected
2026-05-23T05:10:11.118-05:00  INFO 6649 --- [provider-service] [org.springframework.kafka.KafkaListenerEndpointContainer#0-0-C-1] org.apache.kafka.clients.NetworkClient   : [Consumer clientId=consumer-provider-service-group-1, groupId=provider-service-group] Node -1 disconnected.
2026-05-23T05:10:11.119-05:00  WARN 6649 --- [provider-service] [org.springframework.kafka.KafkaListenerEndpointContainer#0-0-C-1] org.apache.kafka.clients.NetworkClient   : [Consumer clientId=consumer-provider-service-group-1, groupId=provider-service-group] Connection to node -1 (localhost/127.0.0.1:9092) could not be established. Broker may not be available.
2026-05-23T05:10:11.119-05:00  WARN 6649 --- [provider-service] [org.springframework.kafka.KafkaListenerEndpointContainer#0-0-C-1] org.apache.kafka.clients.NetworkClient   : [Consumer clientId=consumer-provider-service-group-1, groupId=provider-service-group] Bootstrap broker localhost:9092 (id: -1 rack: null) disconnected
2026-05-23T05:10:12.090-05:00  INFO 6649 --- [provider-service] [org.springframework.kafka.KafkaListenerEndpointContainer#0-0-C-1] org.apache.kafka.clients.NetworkClient   : [Consumer clientId=consumer-provider-service-group-1, groupId=provider-service-group] Node -1 disconnected.
2026-05-23T05:10:12.090-05:00  WARN 6649 --- [provider-service] [org.springframework.kafka.KafkaListenerEndpointContainer#0-0-C-1] org.apache.kafka.clients.NetworkClient   : [Consumer clientId=consumer-provider-service-group-1, groupId=provider-service-group] Connection to node -1 (localhost/127.0.0.1:9092) could not be established. Broker may not be available.
2026-05-23T05:10:12.091-05:00  WARN 6649 --- [provider-service] [org.springframework.kafka.KafkaListenerEndpointContainer#0-0-C-1] org.apache.kafka.clients.NetworkClient   : [Consumer clientId=consumer-provider-service-group-1, groupId=provider-service-group] Bootstrap broker localhost:9092 (id: -1 rack: null) disconnected
2026-05-23T05:10:13.266-05:00  INFO 6649 --- [provider-service] [org.springframework.kafka.KafkaListenerEndpointContainer#0-0-C-1] org.apache.kafka.clients.NetworkClient   : [Consumer clientId=consumer-provider-service-group-1, groupId=provider-service-group] Node -1 disconnected.
2026-05-23T05:10:13.267-05:00  WARN 6649 --- [provider-service] [org.springframework.kafka.KafkaListenerEndpointContainer#0-0-C-1] org.apache.kafka.clients.NetworkClient   : [Consumer clientId=consumer-provider-service-group-1, groupId=provider-service-group] Connection to node -1 (localhost/127.0.0.1:9092) could not be established. Broker may not be available.
2026-05-23T05:10:13.267-05:00  WARN 6649 --- [provider-service] [org.springframework.kafka.KafkaListenerEndpointContainer#0-0-C-1] org.apache.kafka.clients.NetworkClient   : [Consumer clientId=consumer-provider-service-group-1, groupId=provider-service-group] Bootstrap broker localhost:9092 (id: -1 rack: null) disconnected
2026-05-23T05:10:14.237-05:00  INFO 6649 --- [provider-service] [org.springframework.kafka.KafkaListenerEndpointContainer#0-0-C-1] org.apache.kafka.clients.NetworkClient   : [Consumer clientId=consumer-provider-service-group-1, groupId=provider-service-group] Node -1 disconnected.
2026-05-23T05:10:14.238-05:00  WARN 6649 --- [provider-service] [org.springframework.kafka.KafkaListenerEndpointContainer#0-0-C-1] org.apache.kafka.clients.NetworkClient   : [Consumer clientId=consumer-provider-service-group-1, groupId=provider-service-group] Connection to node -1 (localhost/127.0.0.1:9092) could not be established. Broker may not be available.
2026-05-23T05:10:14.238-05:00  WARN 6649 --- [provider-service] [org.springframework.kafka.KafkaListenerEndpointContainer#0-0-C-1] org.apache.kafka.clients.NetworkClient   : [Consumer clientId=consumer-provider-service-group-1, groupId=provider-service-group] Bootstrap broker localhost:9092 (id: -1 rack: null) disconnected
2026-05-23T05:10:15.403-05:00  INFO 6649 --- [provider-service] [org.springframework.kafka.KafkaListenerEndpointContainer#0-0-C-1] org.apache.kafka.clients.NetworkClient   : [Consumer clientId=consumer-provider-service-group-1, groupId=provider-service-group] Node -1 disconnected.
2026-05-23T05:10:15.403-05:00  WARN 6649 --- [provider-service] [org.springframework.kafka.KafkaListenerEndpointContainer#0-0-C-1] org.apache.kafka.clients.NetworkClient   : [Consumer clientId=consumer-provider-service-group-1, groupId=provider-service-group] Connection to node -1 (localhost/127.0.0.1:9092) could not be established. Broker may not be available.
2026-05-23T05:10:15.403-05:00  WARN 6649 --- [provider-service] [org.springframework.kafka.KafkaListenerEndpointContainer#0-0-C-1] org.apache.kafka.clients.NetworkClient   : [Consumer clientId=consumer-provider-service-group-1, groupId=provider-service-group] Bootstrap broker localhost:9092 (id: -1 rack: null) disconnected
2026-05-23T05:10:16.524-05:00  INFO 6649 --- [provider-service] [org.springframework.kafka.KafkaListenerEndpointContainer#0-0-C-1] org.apache.kafka.clients.NetworkClient   : [Consumer clientId=consumer-provider-service-group-1, groupId=provider-service-group] Node -1 disconnected.
2026-05-23T05:10:16.525-05:00  WARN 6649 --- [provider-service] [org.springframework.kafka.KafkaListenerEndpointContainer#0-0-C-1] org.apache.kafka.clients.NetworkClient   : [Consumer clientId=consumer-provider-service-group-1, groupId=provider-service-group] Connection to node -1 (localhost/127.0.0.1:9092) could not be established. Broker may not be available.
2026-05-23T05:10:16.525-05:00  WARN 6649 --- [provider-service] [org.springframework.kafka.KafkaListenerEndpointContainer#0-0-C-1] org.apache.kafka.clients.NetworkClient   : [Consumer clientId=consumer-provider-service-group-1, groupId=provider-service-group] Bootstrap broker localhost:9092 (id: -1 rack: null) disconnected
2026-05-23T05:10:17.442-05:00  INFO 6649 --- [provider-service] [org.springframework.kafka.KafkaListenerEndpointContainer#0-0-C-1] org.apache.kafka.clients.NetworkClient   : [Consumer clientId=consumer-provider-service-group-1, groupId=provider-service-group] Node -1 disconnected.
2026-05-23T05:10:17.442-05:00  WARN 6649 --- [provider-service] [org.springframework.kafka.KafkaListenerEndpointContainer#0-0-C-1] org.apache.kafka.clients.NetworkClient   : [Consumer clientId=consumer-provider-service-group-1, groupId=provider-service-group] Connection to node -1 (localhost/127.0.0.1:9092) could not be established. Broker may not be available.
2026-05-23T05:10:17.442-05:00  WARN 6649 --- [provider-service] [org.springframework.kafka.KafkaListenerEndpointContainer#0-0-C-1] org.apache.kafka.clients.NetworkClient   : [Consumer clientId=consumer-provider-service-group-1, groupId=provider-service-group] Bootstrap broker localhost:9092 (id: -1 rack: null) disconnected
2026-05-23T05:10:18.461-05:00  INFO 6649 --- [provider-service] [org.springframework.kafka.KafkaListenerEndpointContainer#0-0-C-1] org.apache.kafka.clients.NetworkClient   : [Consumer clientId=consumer-provider-service-group-1, groupId=provider-service-group] Node -1 disconnected.
2026-05-23T05:10:18.461-05:00  WARN 6649 --- [provider-service] [org.springframework.kafka.KafkaListenerEndpointContainer#0-0-C-1] org.apache.kafka.clients.NetworkClient   : [Consumer clientId=consumer-provider-service-group-1, groupId=provider-service-group] Connection to node -1 (localhost/127.0.0.1:9092) could not be established. Broker may not be available.
2026-05-23T05:10:18.461-05:00  WARN 6649 --- [provider-service] [org.springframework.kafka.KafkaListenerEndpointContainer#0-0-C-1] org.apache.kafka.clients.NetworkClient   : [Consumer clientId=consumer-provider-service-group-1, groupId=provider-service-group] Bootstrap broker localhost:9092 (id: -1 rack: null) disconnected
2026-05-23T05:10:19.581-05:00  INFO 6649 --- [provider-service] [org.springframework.kafka.KafkaListenerEndpointContainer#0-0-C-1] org.apache.kafka.clients.NetworkClient   : [Consumer clientId=consumer-provider-service-group-1, groupId=provider-service-group] Node -1 disconnected.
2026-05-23T05:10:19.581-05:00  WARN 6649 --- [provider-service] [org.springframework.kafka.KafkaListenerEndpointContainer#0-0-C-1] org.apache.kafka.clients.NetworkClient   : [Consumer clientId=consumer-provider-service-group-1, groupId=provider-service-group] Connection to node -1 (localhost/127.0.0.1:9092) could not be established. Broker may not be available.
2026-05-23T05:10:19.581-05:00  WARN 6649 --- [provider-service] [org.springframework.kafka.KafkaListenerEndpointContainer#0-0-C-1] org.apache.kafka.clients.NetworkClient   : [Consumer clientId=consumer-provider-service-group-1, groupId=provider-service-group] Bootstrap broker localhost:9092 (id: -1 rack: null) disconnected
2026-05-23T05:10:20.660-05:00  INFO 6649 --- [provider-service] [org.springframework.kafka.KafkaListenerEndpointContainer#0-0-C-1] org.apache.kafka.clients.NetworkClient   : [Consumer clientId=consumer-provider-service-group-1, groupId=provider-service-group] Node -1 disconnected.
2026-05-23T05:10:20.661-05:00  WARN 6649 --- [provider-service] [org.springframework.kafka.KafkaListenerEndpointContainer#0-0-C-1] org.apache.kafka.clients.NetworkClient   : [Consumer clientId=consumer-provider-service-group-1, groupId=provider-service-group] Connection to node -1 (localhost/127.0.0.1:9092) could not be established. Broker may not be available.
2026-05-23T05:10:20.661-05:00  WARN 6649 --- [provider-service] [org.springframework.kafka.KafkaListenerEndpointContainer#0-0-C-1] org.apache.kafka.clients.NetworkClient   : [Consumer clientId=consumer-provider-service-group-1, groupId=provider-service-group] Bootstrap broker localhost:9092 (id: -1 rack: null) disconnected
2026-05-23T05:10:21.578-05:00  INFO 6649 --- [provider-service] [org.springframework.kafka.KafkaListenerEndpointContainer#0-0-C-1] org.apache.kafka.clients.NetworkClient   : [Consumer clientId=consumer-provider-service-group-1, groupId=provider-service-group] Node -1 disconnected.
2026-05-23T05:10:21.578-05:00  WARN 6649 --- [provider-service] [org.springframework.kafka.KafkaListenerEndpointContainer#0-0-C-1] org.apache.kafka.clients.NetworkClient   : [Consumer clientId=consumer-provider-service-group-1, groupId=provider-service-group] Connection to node -1 (localhost/127.0.0.1:9092) could not be established. Broker may not be available.
2026-05-23T05:10:21.578-05:00  WARN 6649 --- [provider-service] [org.springframework.kafka.KafkaListenerEndpointContainer#0-0-C-1] org.apache.kafka.clients.NetworkClient   : [Consumer clientId=consumer-provider-service-group-1, groupId=provider-service-group] Bootstrap broker localhost:9092 (id: -1 rack: null) disconnected
2026-05-23T05:10:22.699-05:00  INFO 6649 --- [provider-service] [org.springframework.kafka.KafkaListenerEndpointContainer#0-0-C-1] org.apache.kafka.clients.NetworkClient   : [Consumer clientId=consumer-provider-service-group-1, groupId=provider-service-group] Node -1 disconnected.
2026-05-23T05:10:22.699-05:00  WARN 6649 --- [provider-service] [org.springframework.kafka.KafkaListenerEndpointContainer#0-0-C-1] org.apache.kafka.clients.NetworkClient   : [Consumer clientId=consumer-provider-service-group-1, groupId=provider-service-group] Connection to node -1 (localhost/127.0.0.1:9092) could not be established. Broker may not be available.
2026-05-23T05:10:22.699-05:00  WARN 6649 --- [provider-service] [org.springframework.kafka.KafkaListenerEndpointContainer#0-0-C-1] org.apache.kafka.clients.NetworkClient   : [Consumer clientId=consumer-provider-service-group-1, groupId=provider-service-group] Bootstrap broker localhost:9092 (id: -1 rack: null) disconnected
2026-05-23T05:10:23.872-05:00  INFO 6649 --- [provider-service] [org.springframework.kafka.KafkaListenerEndpointContainer#0-0-C-1] org.apache.kafka.clients.NetworkClient   : [Consumer clientId=consumer-provider-service-group-1, groupId=provider-service-group] Node -1 disconnected.
2026-05-23T05:10:23.873-05:00  WARN 6649 --- [provider-service] [org.springframework.kafka.KafkaListenerEndpointContainer#0-0-C-1] org.apache.kafka.clients.NetworkClient   : [Consumer clientId=consumer-provider-service-group-1, groupId=provider-service-group] Connection to node -1 (localhost/127.0.0.1:9092) could not be established. Broker may not be available.
2026-05-23T05:10:23.873-05:00  WARN 6649 --- [provider-service] [org.springframework.kafka.KafkaListenerEndpointContainer#0-0-C-1] org.apache.kafka.clients.NetworkClient   : [Consumer clientId=consumer-provider-service-group-1, groupId=provider-service-group] Bootstrap broker localhost:9092 (id: -1 rack: null) disconnected
2026-05-23T05:10:24.689-05:00  INFO 6649 --- [provider-service] [org.springframework.kafka.KafkaListenerEndpointContainer#0-0-C-1] org.apache.kafka.clients.NetworkClient   : [Consumer clientId=consumer-provider-service-group-1, groupId=provider-service-group] Node -1 disconnected.
2026-05-23T05:10:24.689-05:00  WARN 6649 --- [provider-service] [org.springframework.kafka.KafkaListenerEndpointContainer#0-0-C-1] org.apache.kafka.clients.NetworkClient   : [Consumer clientId=consumer-provider-service-group-1, groupId=provider-service-group] Connection to node -1 (localhost/127.0.0.1:9092) could not be established. Broker may not be available.
2026-05-23T05:10:24.689-05:00  WARN 6649 --- [provider-service] [org.springframework.kafka.KafkaListenerEndpointContainer#0-0-C-1] org.apache.kafka.clients.NetworkClient   : [Consumer clientId=consumer-provider-service-group-1, groupId=provider-service-group] Bootstrap broker localhost:9092 (id: -1 rack: null) disconnected
2026-05-23T05:10:25.810-05:00  INFO 6649 --- [provider-service] [org.springframework.kafka.KafkaListenerEndpointContainer#0-0-C-1] org.apache.kafka.clients.NetworkClient   : [Consumer clientId=consumer-provider-service-group-1, groupId=provider-service-group] Node -1 disconnected.
2026-05-23T05:10:25.810-05:00  WARN 6649 --- [provider-service] [org.springframework.kafka.KafkaListenerEndpointContainer#0-0-C-1] org.apache.kafka.clients.NetworkClient   : [Consumer clientId=consumer-provider-service-group-1, groupId=provider-service-group] Connection to node -1 (localhost/127.0.0.1:9092) could not be established. Broker may not be available.
2026-05-23T05:10:25.810-05:00  WARN 6649 --- [provider-service] [org.springframework.kafka.KafkaListenerEndpointContainer#0-0-C-1] org.apache.kafka.clients.NetworkClient   : [Consumer clientId=consumer-provider-service-group-1, groupId=provider-service-group] Bootstrap broker localhost:9092 (id: -1 rack: null) disconnected
2026-05-23T05:10:26.932-05:00  INFO 6649 --- [provider-service] [org.springframework.kafka.KafkaListenerEndpointContainer#0-0-C-1] org.apache.kafka.clients.NetworkClient   : [Consumer clientId=consumer-provider-service-group-1, groupId=provider-service-group] Node -1 disconnected.
2026-05-23T05:10:26.933-05:00  WARN 6649 --- [provider-service] [org.springframework.kafka.KafkaListenerEndpointContainer#0-0-C-1] org.apache.kafka.clients.NetworkClient   : [Consumer clientId=consumer-provider-service-group-1, groupId=provider-service-group] Connection to node -1 (localhost/127.0.0.1:9092) could not be established. Broker may not be available.
2026-05-23T05:10:26.933-05:00  WARN 6649 --- [provider-service] [org.springframework.kafka.KafkaListenerEndpointContainer#0-0-C-1] org.apache.kafka.clients.NetworkClient   : [Consumer clientId=consumer-provider-service-group-1, groupId=provider-service-group] Bootstrap broker localhost:9092 (id: -1 rack: null) disconnected
2026-05-23T05:10:28.105-05:00  INFO 6649 --- [provider-service] [org.springframework.kafka.KafkaListenerEndpointContainer#0-0-C-1] org.apache.kafka.clients.NetworkClient   : [Consumer clientId=consumer-provider-service-group-1, groupId=provider-service-group] Node -1 disconnected.
2026-05-23T05:10:28.105-05:00  WARN 6649 --- [provider-service] [org.springframework.kafka.KafkaListenerEndpointContainer#0-0-C-1] org.apache.kafka.clients.NetworkClient   : [Consumer clientId=consumer-provider-service-group-1, groupId=provider-service-group] Connection to node -1 (localhost/127.0.0.1:9092) could not be established. Broker may not be available.
2026-05-23T05:10:28.105-05:00  WARN 6649 --- [provider-service] [org.springframework.kafka.KafkaListenerEndpointContainer#0-0-C-1] org.apache.kafka.clients.NetworkClient   : [Consumer clientId=consumer-provider-service-group-1, groupId=provider-service-group] Bootstrap broker localhost:9092 (id: -1 rack: null) disconnected
2026-05-23T05:10:29.124-05:00  INFO 6649 --- [provider-service] [org.springframework.kafka.KafkaListenerEndpointContainer#0-0-C-1] org.apache.kafka.clients.NetworkClient   : [Consumer clientId=consumer-provider-service-group-1, groupId=provider-service-group] Node -1 disconnected.
2026-05-23T05:10:29.125-05:00  WARN 6649 --- [provider-service] [org.springframework.kafka.KafkaListenerEndpointContainer#0-0-C-1] org.apache.kafka.clients.NetworkClient   : [Consumer clientId=consumer-provider-service-group-1, groupId=provider-service-group] Connection to node -1 (localhost/127.0.0.1:9092) could not be established. Broker may not be available.
2026-05-23T05:10:29.125-05:00  WARN 6649 --- [provider-service] [org.springframework.kafka.KafkaListenerEndpointContainer#0-0-C-1] org.apache.kafka.clients.NetworkClient   : [Consumer clientId=consumer-provider-service-group-1, groupId=provider-service-group] Bootstrap broker localhost:9092 (id: -1 rack: null) disconnected
2026-05-23T05:10:30.307-05:00  INFO 6649 --- [provider-service] [org.springframework.kafka.KafkaListenerEndpointContainer#0-0-C-1] org.apache.kafka.clients.NetworkClient   : [Consumer clientId=consumer-provider-service-group-1, groupId=provider-service-group] Node -1 disconnected.
2026-05-23T05:10:30.307-05:00  WARN 6649 --- [provider-service] [org.springframework.kafka.KafkaListenerEndpointContainer#0-0-C-1] org.apache.kafka.clients.NetworkClient   : [Consumer clientId=consumer-provider-service-group-1, groupId=provider-service-group] Connection to node -1 (localhost/127.0.0.1:9092) could not be established. Broker may not be available.
2026-05-23T05:10:30.307-05:00  WARN 6649 --- [provider-service] [org.springframework.kafka.KafkaListenerEndpointContainer#0-0-C-1] org.apache.kafka.clients.NetworkClient   : [Consumer clientId=consumer-provider-service-group-1, groupId=provider-service-group] Bootstrap broker localhost:9092 (id: -1 rack: null) disconnected
2026-05-23T05:10:31.379-05:00  INFO 6649 --- [provider-service] [org.springframework.kafka.KafkaListenerEndpointContainer#0-0-C-1] org.apache.kafka.clients.NetworkClient   : [Consumer clientId=consumer-provider-service-group-1, groupId=provider-service-group] Node -1 disconnected.
2026-05-23T05:10:31.379-05:00  WARN 6649 --- [provider-service] [org.springframework.kafka.KafkaListenerEndpointContainer#0-0-C-1] org.apache.kafka.clients.NetworkClient   : [Consumer clientId=consumer-provider-service-group-1, groupId=provider-service-group] Connection to node -1 (localhost/127.0.0.1:9092) could not be established. Broker may not be available.
2026-05-23T05:10:31.379-05:00  WARN 6649 --- [provider-service] [org.springframework.kafka.KafkaListenerEndpointContainer#0-0-C-1] org.apache.kafka.clients.NetworkClient   : [Consumer clientId=consumer-provider-service-group-1, groupId=provider-service-group] Bootstrap broker localhost:9092 (id: -1 rack: null) disconnected
2026-05-23T05:10:32.502-05:00  INFO 6649 --- [provider-service] [org.springframework.kafka.KafkaListenerEndpointContainer#0-0-C-1] org.apache.kafka.clients.NetworkClient   : [Consumer clientId=consumer-provider-service-group-1, groupId=provider-service-group] Node -1 disconnected.
2026-05-23T05:10:32.502-05:00  WARN 6649 --- [provider-service] [org.springframework.kafka.KafkaListenerEndpointContainer#0-0-C-1] org.apache.kafka.clients.NetworkClient   : [Consumer clientId=consumer-provider-service-group-1, groupId=provider-service-group] Connection to node -1 (localhost/127.0.0.1:9092) could not be established. Broker may not be available.
2026-05-23T05:10:32.503-05:00  WARN 6649 --- [provider-service] [org.springframework.kafka.KafkaListenerEndpointContainer#0-0-C-1] org.apache.kafka.clients.NetworkClient   : [Consumer clientId=consumer-provider-service-group-1, groupId=provider-service-group] Bootstrap broker localhost:9092 (id: -1 rack: null) disconnected
2026-05-23T05:10:33.422-05:00  INFO 6649 --- [provider-service] [org.springframework.kafka.KafkaListenerEndpointContainer#0-0-C-1] org.apache.kafka.clients.NetworkClient   : [Consumer clientId=consumer-provider-service-group-1, groupId=provider-service-group] Node -1 disconnected.
2026-05-23T05:10:33.423-05:00  WARN 6649 --- [provider-service] [org.springframework.kafka.KafkaListenerEndpointContainer#0-0-C-1] org.apache.kafka.clients.NetworkClient   : [Consumer clientId=consumer-provider-service-group-1, groupId=provider-service-group] Connection to node -1 (localhost/127.0.0.1:9092) could not be established. Broker may not be available.
2026-05-23T05:10:33.423-05:00  WARN 6649 --- [provider-service] [org.springframework.kafka.KafkaListenerEndpointContainer#0-0-C-1] org.apache.kafka.clients.NetworkClient   : [Consumer clientId=consumer-provider-service-group-1, groupId=provider-service-group] Bootstrap broker localhost:9092 (id: -1 rack: null) disconnected
2026-05-23T05:10:34.646-05:00  INFO 6649 --- [provider-service] [org.springframework.kafka.KafkaListenerEndpointContainer#0-0-C-1] org.apache.kafka.clients.NetworkClient   : [Consumer clientId=consumer-provider-service-group-1, groupId=provider-service-group] Node -1 disconnected.
2026-05-23T05:10:34.647-05:00  WARN 6649 --- [provider-service] [org.springframework.kafka.KafkaListenerEndpointContainer#0-0-C-1] org.apache.kafka.clients.NetworkClient   : [Consumer clientId=consumer-provider-service-group-1, groupId=provider-service-group] Connection to node -1 (localhost/127.0.0.1:9092) could not be established. Broker may not be available.
2026-05-23T05:10:34.647-05:00  WARN 6649 --- [provider-service] [org.springframework.kafka.KafkaListenerEndpointContainer#0-0-C-1] org.apache.kafka.clients.NetworkClient   : [Consumer clientId=consumer-provider-service-group-1, groupId=provider-service-group] Bootstrap broker localhost:9092 (id: -1 rack: null) disconnected
2026-05-23T05:10:35.768-05:00  INFO 6649 --- [provider-service] [org.springframework.kafka.KafkaListenerEndpointContainer#0-0-C-1] org.apache.kafka.clients.NetworkClient   : [Consumer clientId=consumer-provider-service-group-1, groupId=provider-service-group] Node -1 disconnected.
2026-05-23T05:10:35.768-05:00  WARN 6649 --- [provider-service] [org.springframework.kafka.KafkaListenerEndpointContainer#0-0-C-1] org.apache.kafka.clients.NetworkClient   : [Consumer clientId=consumer-provider-service-group-1, groupId=provider-service-group] Connection to node -1 (localhost/127.0.0.1:9092) could not be established. Broker may not be available.
2026-05-23T05:10:35.768-05:00  WARN 6649 --- [provider-service] [org.springframework.kafka.KafkaListenerEndpointContainer#0-0-C-1] org.apache.kafka.clients.NetworkClient   : [Consumer clientId=consumer-provider-service-group-1, groupId=provider-service-group] Bootstrap broker localhost:9092 (id: -1 rack: null) disconnected
2026-05-23T05:10:36.634-05:00  INFO 6649 --- [provider-service] [org.springframework.kafka.KafkaListenerEndpointContainer#0-0-C-1] org.apache.kafka.clients.NetworkClient   : [Consumer clientId=consumer-provider-service-group-1, groupId=provider-service-group] Node -1 disconnected.
2026-05-23T05:10:36.634-05:00  WARN 6649 --- [provider-service] [org.springframework.kafka.KafkaListenerEndpointContainer#0-0-C-1] org.apache.kafka.clients.NetworkClient   : [Consumer clientId=consumer-provider-service-group-1, groupId=provider-service-group] Connection to node -1 (localhost/127.0.0.1:9092) could not be established. Broker may not be available.
2026-05-23T05:10:36.634-05:00  WARN 6649 --- [provider-service] [org.springframework.kafka.KafkaListenerEndpointContainer#0-0-C-1] org.apache.kafka.clients.NetworkClient   : [Consumer clientId=consumer-provider-service-group-1, groupId=provider-service-group] Bootstrap broker localhost:9092 (id: -1 rack: null) disconnected
2026-05-23T05:10:37.552-05:00  INFO 6649 --- [provider-service] [org.springframework.kafka.KafkaListenerEndpointContainer#0-0-C-1] org.apache.kafka.clients.NetworkClient   : [Consumer clientId=consumer-provider-service-group-1, groupId=provider-service-group] Node -1 disconnected.
2026-05-23T05:10:37.552-05:00  WARN 6649 --- [provider-service] [org.springframework.kafka.KafkaListenerEndpointContainer#0-0-C-1] org.apache.kafka.clients.NetworkClient   : [Consumer clientId=consumer-provider-service-group-1, groupId=provider-service-group] Connection to node -1 (localhost/127.0.0.1:9092) could not be established. Broker may not be available.
2026-05-23T05:10:37.552-05:00  WARN 6649 --- [provider-service] [org.springframework.kafka.KafkaListenerEndpointContainer#0-0-C-1] org.apache.kafka.clients.NetworkClient   : [Consumer clientId=consumer-provider-service-group-1, groupId=provider-service-group] Bootstrap broker localhost:9092 (id: -1 rack: null) disconnected
2026-05-23T05:10:38.725-05:00  INFO 6649 --- [provider-service] [org.springframework.kafka.KafkaListenerEndpointContainer#0-0-C-1] org.apache.kafka.clients.NetworkClient   : [Consumer clientId=consumer-provider-service-group-1, groupId=provider-service-group] Node -1 disconnected.
2026-05-23T05:10:38.725-05:00  WARN 6649 --- [provider-service] [org.springframework.kafka.KafkaListenerEndpointContainer#0-0-C-1] org.apache.kafka.clients.NetworkClient   : [Consumer clientId=consumer-provider-service-group-1, groupId=provider-service-group] Connection to node -1 (localhost/127.0.0.1:9092) could not be established. Broker may not be available.
2026-05-23T05:10:38.725-05:00  WARN 6649 --- [provider-service] [org.springframework.kafka.KafkaListenerEndpointContainer#0-0-C-1] org.apache.kafka.clients.NetworkClient   : [Consumer clientId=consumer-provider-service-group-1, groupId=provider-service-group] Bootstrap broker localhost:9092 (id: -1 rack: null) disconnected
2026-05-23T05:10:39.903-05:00  INFO 6649 --- [provider-service] [org.springframework.kafka.KafkaListenerEndpointContainer#0-0-C-1] org.apache.kafka.clients.NetworkClient   : [Consumer clientId=consumer-provider-service-group-1, groupId=provider-service-group] Node -1 disconnected.
2026-05-23T05:10:39.904-05:00  WARN 6649 --- [provider-service] [org.springframework.kafka.KafkaListenerEndpointContainer#0-0-C-1] org.apache.kafka.clients.NetworkClient   : [Consumer clientId=consumer-provider-service-group-1, groupId=provider-service-group] Connection to node -1 (localhost/127.0.0.1:9092) could not be established. Broker may not be available.
2026-05-23T05:10:39.904-05:00  WARN 6649 --- [provider-service] [org.springframework.kafka.KafkaListenerEndpointContainer#0-0-C-1] org.apache.kafka.clients.NetworkClient   : [Consumer clientId=consumer-provider-service-group-1, groupId=provider-service-group] Bootstrap broker localhost:9092 (id: -1 rack: null) disconnected
2026-05-23T05:10:40.873-05:00  INFO 6649 --- [provider-service] [org.springframework.kafka.KafkaListenerEndpointContainer#0-0-C-1] org.apache.kafka.clients.NetworkClient   : [Consumer clientId=consumer-provider-service-group-1, groupId=provider-service-group] Node -1 disconnected.
2026-05-23T05:10:40.873-05:00  WARN 6649 --- [provider-service] [org.springframework.kafka.KafkaListenerEndpointContainer#0-0-C-1] org.apache.kafka.clients.NetworkClient   : [Consumer clientId=consumer-provider-service-group-1, groupId=provider-service-group] Connection to node -1 (localhost/127.0.0.1:9092) could not be established. Broker may not be available.
2026-05-23T05:10:40.873-05:00  WARN 6649 --- [provider-service] [org.springframework.kafka.KafkaListenerEndpointContainer#0-0-C-1] org.apache.kafka.clients.NetworkClient   : [Consumer clientId=consumer-provider-service-group-1, groupId=provider-service-group] Bootstrap broker localhost:9092 (id: -1 rack: null) disconnected
2026-05-23T05:10:41.895-05:00  INFO 6649 --- [provider-service] [org.springframework.kafka.KafkaListenerEndpointContainer#0-0-C-1] org.apache.kafka.clients.NetworkClient   : [Consumer clientId=consumer-provider-service-group-1, groupId=provider-service-group] Node -1 disconnected.
2026-05-23T05:10:41.895-05:00  WARN 6649 --- [provider-service] [org.springframework.kafka.KafkaListenerEndpointContainer#0-0-C-1] org.apache.kafka.clients.NetworkClient   : [Consumer clientId=consumer-provider-service-group-1, groupId=provider-service-group] Connection to node -1 (localhost/127.0.0.1:9092) could not be established. Broker may not be available.
2026-05-23T05:10:41.895-05:00  WARN 6649 --- [provider-service] [org.springframework.kafka.KafkaListenerEndpointContainer#0-0-C-1] org.apache.kafka.clients.NetworkClient   : [Consumer clientId=consumer-provider-service-group-1, groupId=provider-service-group] Bootstrap broker localhost:9092 (id: -1 rack: null) disconnected
2026-05-23T05:10:43.066-05:00  INFO 6649 --- [provider-service] [org.springframework.kafka.KafkaListenerEndpointContainer#0-0-C-1] org.apache.kafka.clients.NetworkClient   : [Consumer clientId=consumer-provider-service-group-1, groupId=provider-service-group] Node -1 disconnected.
2026-05-23T05:10:43.066-05:00  WARN 6649 --- [provider-service] [org.springframework.kafka.KafkaListenerEndpointContainer#0-0-C-1] org.apache.kafka.clients.NetworkClient   : [Consumer clientId=consumer-provider-service-group-1, groupId=provider-service-group] Connection to node -1 (localhost/127.0.0.1:9092) could not be established. Broker may not be available.
2026-05-23T05:10:43.066-05:00  WARN 6649 --- [provider-service] [org.springframework.kafka.KafkaListenerEndpointContainer#0-0-C-1] org.apache.kafka.clients.NetworkClient   : [Consumer clientId=consumer-provider-service-group-1, groupId=provider-service-group] Bootstrap broker localhost:9092 (id: -1 rack: null) disconnected
2026-05-23T05:10:44.187-05:00  INFO 6649 --- [provider-service] [org.springframework.kafka.KafkaListenerEndpointContainer#0-0-C-1] org.apache.kafka.clients.NetworkClient   : [Consumer clientId=consumer-provider-service-group-1, groupId=provider-service-group] Node -1 disconnected.
2026-05-23T05:10:44.187-05:00  WARN 6649 --- [provider-service] [org.springframework.kafka.KafkaListenerEndpointContainer#0-0-C-1] org.apache.kafka.clients.NetworkClient   : [Consumer clientId=consumer-provider-service-group-1, groupId=provider-service-group] Connection to node -1 (localhost/127.0.0.1:9092) could not be established. Broker may not be available.
2026-05-23T05:10:44.187-05:00  WARN 6649 --- [provider-service] [org.springframework.kafka.KafkaListenerEndpointContainer#0-0-C-1] org.apache.kafka.clients.NetworkClient   : [Consumer clientId=consumer-provider-service-group-1, groupId=provider-service-group] Bootstrap broker localhost:9092 (id: -1 rack: null) disconnected
2026-05-23T05:10:45.259-05:00  INFO 6649 --- [provider-service] [org.springframework.kafka.KafkaListenerEndpointContainer#0-0-C-1] org.apache.kafka.clients.NetworkClient   : [Consumer clientId=consumer-provider-service-group-1, groupId=provider-service-group] Node -1 disconnected.
2026-05-23T05:10:45.259-05:00  WARN 6649 --- [provider-service] [org.springframework.kafka.KafkaListenerEndpointContainer#0-0-C-1] org.apache.kafka.clients.NetworkClient   : [Consumer clientId=consumer-provider-service-group-1, groupId=provider-service-group] Connection to node -1 (localhost/127.0.0.1:9092) could not be established. Broker may not be available.
2026-05-23T05:10:45.259-05:00  WARN 6649 --- [provider-service] [org.springframework.kafka.KafkaListenerEndpointContainer#0-0-C-1] org.apache.kafka.clients.NetworkClient   : [Consumer clientId=consumer-provider-service-group-1, groupId=provider-service-group] Bootstrap broker localhost:9092 (id: -1 rack: null) disconnected
2026-05-23T05:10:46.229-05:00  INFO 6649 --- [provider-service] [org.springframework.kafka.KafkaListenerEndpointContainer#0-0-C-1] org.apache.kafka.clients.NetworkClient   : [Consumer clientId=consumer-provider-service-group-1, groupId=provider-service-group] Node -1 disconnected.
2026-05-23T05:10:46.229-05:00  WARN 6649 --- [provider-service] [org.springframework.kafka.KafkaListenerEndpointContainer#0-0-C-1] org.apache.kafka.clients.NetworkClient   : [Consumer clientId=consumer-provider-service-group-1, groupId=provider-service-group] Connection to node -1 (localhost/127.0.0.1:9092) could not be established. Broker may not be available.
2026-05-23T05:10:46.229-05:00  WARN 6649 --- [provider-service] [org.springframework.kafka.KafkaListenerEndpointContainer#0-0-C-1] org.apache.kafka.clients.NetworkClient   : [Consumer clientId=consumer-provider-service-group-1, groupId=provider-service-group] Bootstrap broker localhost:9092 (id: -1 rack: null) disconnected
2026-05-23T05:10:47.198-05:00  INFO 6649 --- [provider-service] [org.springframework.kafka.KafkaListenerEndpointContainer#0-0-C-1] org.apache.kafka.clients.NetworkClient   : [Consumer clientId=consumer-provider-service-group-1, groupId=provider-service-group] Node -1 disconnected.
2026-05-23T05:10:47.199-05:00  WARN 6649 --- [provider-service] [org.springframework.kafka.KafkaListenerEndpointContainer#0-0-C-1] org.apache.kafka.clients.NetworkClient   : [Consumer clientId=consumer-provider-service-group-1, groupId=provider-service-group] Connection to node -1 (localhost/127.0.0.1:9092) could not be established. Broker may not be available.
2026-05-23T05:10:47.199-05:00  WARN 6649 --- [provider-service] [org.springframework.kafka.KafkaListenerEndpointContainer#0-0-C-1] org.apache.kafka.clients.NetworkClient   : [Consumer clientId=consumer-provider-service-group-1, groupId=provider-service-group] Bootstrap broker localhost:9092 (id: -1 rack: null) disconnected
2026-05-23T05:10:48.218-05:00  INFO 6649 --- [provider-service] [org.springframework.kafka.KafkaListenerEndpointContainer#0-0-C-1] org.apache.kafka.clients.NetworkClient   : [Consumer clientId=consumer-provider-service-group-1, groupId=provider-service-group] Node -1 disconnected.
2026-05-23T05:10:48.218-05:00  WARN 6649 --- [provider-service] [org.springframework.kafka.KafkaListenerEndpointContainer#0-0-C-1] org.apache.kafka.clients.NetworkClient   : [Consumer clientId=consumer-provider-service-group-1, groupId=provider-service-group] Connection to node -1 (localhost/127.0.0.1:9092) could not be established. Broker may not be available.
2026-05-23T05:10:48.218-05:00  WARN 6649 --- [provider-service] [org.springframework.kafka.KafkaListenerEndpointContainer#0-0-C-1] org.apache.kafka.clients.NetworkClient   : [Consumer clientId=consumer-provider-service-group-1, groupId=provider-service-group] Bootstrap broker localhost:9092 (id: -1 rack: null) disconnected
2026-05-23T05:10:49.288-05:00  INFO 6649 --- [provider-service] [org.springframework.kafka.KafkaListenerEndpointContainer#0-0-C-1] org.apache.kafka.clients.NetworkClient   : [Consumer clientId=consumer-provider-service-group-1, groupId=provider-service-group] Node -1 disconnected.
2026-05-23T05:10:49.288-05:00  WARN 6649 --- [provider-service] [org.springframework.kafka.KafkaListenerEndpointContainer#0-0-C-1] org.apache.kafka.clients.NetworkClient   : [Consumer clientId=consumer-provider-service-group-1, groupId=provider-service-group] Connection to node -1 (localhost/127.0.0.1:9092) could not be established. Broker may not be available.
2026-05-23T05:10:49.288-05:00  WARN 6649 --- [provider-service] [org.springframework.kafka.KafkaListenerEndpointContainer#0-0-C-1] org.apache.kafka.clients.NetworkClient   : [Consumer clientId=consumer-provider-service-group-1, groupId=provider-service-group] Bootstrap broker localhost:9092 (id: -1 rack: null) disconnected
2026-05-23T05:10:50.414-05:00  INFO 6649 --- [provider-service] [org.springframework.kafka.KafkaListenerEndpointContainer#0-0-C-1] org.apache.kafka.clients.NetworkClient   : [Consumer clientId=consumer-provider-service-group-1, groupId=provider-service-group] Node -1 disconnected.
2026-05-23T05:10:50.414-05:00  WARN 6649 --- [provider-service] [org.springframework.kafka.KafkaListenerEndpointContainer#0-0-C-1] org.apache.kafka.clients.NetworkClient   : [Consumer clientId=consumer-provider-service-group-1, groupId=provider-service-group] Connection to node -1 (localhost/127.0.0.1:9092) could not be established. Broker may not be available.
2026-05-23T05:10:50.414-05:00  WARN 6649 --- [provider-service] [org.springframework.kafka.KafkaListenerEndpointContainer#0-0-C-1] org.apache.kafka.clients.NetworkClient   : [Consumer clientId=consumer-provider-service-group-1, groupId=provider-service-group] Bootstrap broker localhost:9092 (id: -1 rack: null) disconnected
2026-05-23T05:10:51.587-05:00  INFO 6649 --- [provider-service] [org.springframework.kafka.KafkaListenerEndpointContainer#0-0-C-1] org.apache.kafka.clients.NetworkClient   : [Consumer clientId=consumer-provider-service-group-1, groupId=provider-service-group] Node -1 disconnected.
2026-05-23T05:10:51.587-05:00  WARN 6649 --- [provider-service] [org.springframework.kafka.KafkaListenerEndpointContainer#0-0-C-1] org.apache.kafka.clients.NetworkClient   : [Consumer clientId=consumer-provider-service-group-1, groupId=provider-service-group] Connection to node -1 (localhost/127.0.0.1:9092) could not be established. Broker may not be available.
2026-05-23T05:10:51.587-05:00  WARN 6649 --- [provider-service] [org.springframework.kafka.KafkaListenerEndpointContainer#0-0-C-1] org.apache.kafka.clients.NetworkClient   : [Consumer clientId=consumer-provider-service-group-1, groupId=provider-service-group] Bootstrap broker localhost:9092 (id: -1 rack: null) disconnected
2026-05-23T05:10:52.604-05:00  INFO 6649 --- [provider-service] [org.springframework.kafka.KafkaListenerEndpointContainer#0-0-C-1] org.apache.kafka.clients.NetworkClient   : [Consumer clientId=consumer-provider-service-group-1, groupId=provider-service-group] Node -1 disconnected.
2026-05-23T05:10:52.605-05:00  WARN 6649 --- [provider-service] [org.springframework.kafka.KafkaListenerEndpointContainer#0-0-C-1] org.apache.kafka.clients.NetworkClient   : [Consumer clientId=consumer-provider-service-group-1, groupId=provider-service-group] Connection to node -1 (localhost/127.0.0.1:9092) could not be established. Broker may not be available.
2026-05-23T05:10:52.605-05:00  WARN 6649 --- [provider-service] [org.springframework.kafka.KafkaListenerEndpointContainer#0-0-C-1] org.apache.kafka.clients.NetworkClient   : [Consumer clientId=consumer-provider-service-group-1, groupId=provider-service-group] Bootstrap broker localhost:9092 (id: -1 rack: null) disconnected
2026-05-23T05:10:53.572-05:00  INFO 6649 --- [provider-service] [org.springframework.kafka.KafkaListenerEndpointContainer#0-0-C-1] org.apache.kafka.clients.NetworkClient   : [Consumer clientId=consumer-provider-service-group-1, groupId=provider-service-group] Node -1 disconnected.
2026-05-23T05:10:53.572-05:00  WARN 6649 --- [provider-service] [org.springframework.kafka.KafkaListenerEndpointContainer#0-0-C-1] org.apache.kafka.clients.NetworkClient   : [Consumer clientId=consumer-provider-service-group-1, groupId=provider-service-group] Connection to node -1 (localhost/127.0.0.1:9092) could not be established. Broker may not be available.
2026-05-23T05:10:53.573-05:00  WARN 6649 --- [provider-service] [org.springframework.kafka.KafkaListenerEndpointContainer#0-0-C-1] org.apache.kafka.clients.NetworkClient   : [Consumer clientId=consumer-provider-service-group-1, groupId=provider-service-group] Bootstrap broker localhost:9092 (id: -1 rack: null) disconnected
2026-05-23T05:10:54.540-05:00  INFO 6649 --- [provider-service] [org.springframework.kafka.KafkaListenerEndpointContainer#0-0-C-1] org.apache.kafka.clients.NetworkClient   : [Consumer clientId=consumer-provider-service-group-1, groupId=provider-service-group] Node -1 disconnected.
2026-05-23T05:10:54.540-05:00  WARN 6649 --- [provider-service] [org.springframework.kafka.KafkaListenerEndpointContainer#0-0-C-1] org.apache.kafka.clients.NetworkClient   : [Consumer clientId=consumer-provider-service-group-1, groupId=provider-service-group] Connection to node -1 (localhost/127.0.0.1:9092) could not be established. Broker may not be available.
2026-05-23T05:10:54.541-05:00  WARN 6649 --- [provider-service] [org.springframework.kafka.KafkaListenerEndpointContainer#0-0-C-1] org.apache.kafka.clients.NetworkClient   : [Consumer clientId=consumer-provider-service-group-1, groupId=provider-service-group] Bootstrap broker localhost:9092 (id: -1 rack: null) disconnected
2026-05-23T05:10:55.722-05:00  INFO 6649 --- [provider-service] [org.springframework.kafka.KafkaListenerEndpointContainer#0-0-C-1] org.apache.kafka.clients.NetworkClient   : [Consumer clientId=consumer-provider-service-group-1, groupId=provider-service-group] Node -1 disconnected.
2026-05-23T05:10:55.722-05:00  WARN 6649 --- [provider-service] [org.springframework.kafka.KafkaListenerEndpointContainer#0-0-C-1] org.apache.kafka.clients.NetworkClient   : [Consumer clientId=consumer-provider-service-group-1, groupId=provider-service-group] Connection to node -1 (localhost/127.0.0.1:9092) could not be established. Broker may not be available.
2026-05-23T05:10:55.722-05:00  WARN 6649 --- [provider-service] [org.springframework.kafka.KafkaListenerEndpointContainer#0-0-C-1] org.apache.kafka.clients.NetworkClient   : [Consumer clientId=consumer-provider-service-group-1, groupId=provider-service-group] Bootstrap broker localhost:9092 (id: -1 rack: null) disconnected
2026-05-23T05:10:56.640-05:00  INFO 6649 --- [provider-service] [org.springframework.kafka.KafkaListenerEndpointContainer#0-0-C-1] org.apache.kafka.clients.NetworkClient   : [Consumer clientId=consumer-provider-service-group-1, groupId=provider-service-group] Node -1 disconnected.
2026-05-23T05:10:56.640-05:00  WARN 6649 --- [provider-service] [org.springframework.kafka.KafkaListenerEndpointContainer#0-0-C-1] org.apache.kafka.clients.NetworkClient   : [Consumer clientId=consumer-provider-service-group-1, groupId=provider-service-group] Connection to node -1 (localhost/127.0.0.1:9092) could not be established. Broker may not be available.
2026-05-23T05:10:56.640-05:00  WARN 6649 --- [provider-service] [org.springframework.kafka.KafkaListenerEndpointContainer#0-0-C-1] org.apache.kafka.clients.NetworkClient   : [Consumer clientId=consumer-provider-service-group-1, groupId=provider-service-group] Bootstrap broker localhost:9092 (id: -1 rack: null) disconnected
2026-05-23T05:10:57.507-05:00  INFO 6649 --- [provider-service] [org.springframework.kafka.KafkaListenerEndpointContainer#0-0-C-1] org.apache.kafka.clients.NetworkClient   : [Consumer clientId=consumer-provider-service-group-1, groupId=provider-service-group] Node -1 disconnected.
2026-05-23T05:10:57.508-05:00  WARN 6649 --- [provider-service] [org.springframework.kafka.KafkaListenerEndpointContainer#0-0-C-1] org.apache.kafka.clients.NetworkClient   : [Consumer clientId=consumer-provider-service-group-1, groupId=provider-service-group] Connection to node -1 (localhost/127.0.0.1:9092) could not be established. Broker may not be available.
2026-05-23T05:10:57.508-05:00  WARN 6649 --- [provider-service] [org.springframework.kafka.KafkaListenerEndpointContainer#0-0-C-1] org.apache.kafka.clients.NetworkClient   : [Consumer clientId=consumer-provider-service-group-1, groupId=provider-service-group] Bootstrap broker localhost:9092 (id: -1 rack: null) disconnected
2026-05-23T05:10:58.681-05:00  INFO 6649 --- [provider-service] [org.springframework.kafka.KafkaListenerEndpointContainer#0-0-C-1] org.apache.kafka.clients.NetworkClient   : [Consumer clientId=consumer-provider-service-group-1, groupId=provider-service-group] Node -1 disconnected.
2026-05-23T05:10:58.681-05:00  WARN 6649 --- [provider-service] [org.springframework.kafka.KafkaListenerEndpointContainer#0-0-C-1] org.apache.kafka.clients.NetworkClient   : [Consumer clientId=consumer-provider-service-group-1, groupId=provider-service-group] Connection to node -1 (localhost/127.0.0.1:9092) could not be established. Broker may not be available.
2026-05-23T05:10:58.681-05:00  WARN 6649 --- [provider-service] [org.springframework.kafka.KafkaListenerEndpointContainer#0-0-C-1] org.apache.kafka.clients.NetworkClient   : [Consumer clientId=consumer-provider-service-group-1, groupId=provider-service-group] Bootstrap broker localhost:9092 (id: -1 rack: null) disconnected
2026-05-23T05:10:59.651-05:00  INFO 6649 --- [provider-service] [org.springframework.kafka.KafkaListenerEndpointContainer#0-0-C-1] org.apache.kafka.clients.NetworkClient   : [Consumer clientId=consumer-provider-service-group-1, groupId=provider-service-group] Node -1 disconnected.
2026-05-23T05:10:59.651-05:00  WARN 6649 --- [provider-service] [org.springframework.kafka.KafkaListenerEndpointContainer#0-0-C-1] org.apache.kafka.clients.NetworkClient   : [Consumer clientId=consumer-provider-service-group-1, groupId=provider-service-group] Connection to node -1 (localhost/127.0.0.1:9092) could not be established. Broker may not be available.
2026-05-23T05:10:59.651-05:00  WARN 6649 --- [provider-service] [org.springframework.kafka.KafkaListenerEndpointContainer#0-0-C-1] org.apache.kafka.clients.NetworkClient   : [Consumer clientId=consumer-provider-service-group-1, groupId=provider-service-group] Bootstrap broker localhost:9092 (id: -1 rack: null) disconnected
2026-05-23T05:11:00.773-05:00  INFO 6649 --- [provider-service] [org.springframework.kafka.KafkaListenerEndpointContainer#0-0-C-1] org.apache.kafka.clients.NetworkClient   : [Consumer clientId=consumer-provider-service-group-1, groupId=provider-service-group] Node -1 disconnected.
2026-05-23T05:11:00.773-05:00  WARN 6649 --- [provider-service] [org.springframework.kafka.KafkaListenerEndpointContainer#0-0-C-1] org.apache.kafka.clients.NetworkClient   : [Consumer clientId=consumer-provider-service-group-1, groupId=provider-service-group] Connection to node -1 (localhost/127.0.0.1:9092) could not be established. Broker may not be available.
2026-05-23T05:11:00.773-05:00  WARN 6649 --- [provider-service] [org.springframework.kafka.KafkaListenerEndpointContainer#0-0-C-1] org.apache.kafka.clients.NetworkClient   : [Consumer clientId=consumer-provider-service-group-1, groupId=provider-service-group] Bootstrap broker localhost:9092 (id: -1 rack: null) disconnected
2026-05-23T05:11:01.999-05:00  INFO 6649 --- [provider-service] [org.springframework.kafka.KafkaListenerEndpointContainer#0-0-C-1] org.apache.kafka.clients.NetworkClient   : [Consumer clientId=consumer-provider-service-group-1, groupId=provider-service-group] Node -1 disconnected.
2026-05-23T05:11:01.999-05:00  WARN 6649 --- [provider-service] [org.springframework.kafka.KafkaListenerEndpointContainer#0-0-C-1] org.apache.kafka.clients.NetworkClient   : [Consumer clientId=consumer-provider-service-group-1, groupId=provider-service-group] Connection to node -1 (localhost/127.0.0.1:9092) could not be established. Broker may not be available.
2026-05-23T05:11:01.999-05:00  WARN 6649 --- [provider-service] [org.springframework.kafka.KafkaListenerEndpointContainer#0-0-C-1] org.apache.kafka.clients.NetworkClient   : [Consumer clientId=consumer-provider-service-group-1, groupId=provider-service-group] Bootstrap broker localhost:9092 (id: -1 rack: null) disconnected
2026-05-23T05:11:03.072-05:00  INFO 6649 --- [provider-service] [org.springframework.kafka.KafkaListenerEndpointContainer#0-0-C-1] org.apache.kafka.clients.NetworkClient   : [Consumer clientId=consumer-provider-service-group-1, groupId=provider-service-group] Node -1 disconnected.
2026-05-23T05:11:03.073-05:00  WARN 6649 --- [provider-service] [org.springframework.kafka.KafkaListenerEndpointContainer#0-0-C-1] org.apache.kafka.clients.NetworkClient   : [Consumer clientId=consumer-provider-service-group-1, groupId=provider-service-group] Connection to node -1 (localhost/127.0.0.1:9092) could not be established. Broker may not be available.
2026-05-23T05:11:03.073-05:00  WARN 6649 --- [provider-service] [org.springframework.kafka.KafkaListenerEndpointContainer#0-0-C-1] org.apache.kafka.clients.NetworkClient   : [Consumer clientId=consumer-provider-service-group-1, groupId=provider-service-group] Bootstrap broker localhost:9092 (id: -1 rack: null) disconnected
2026-05-23T05:11:04.040-05:00  INFO 6649 --- [provider-service] [org.springframework.kafka.KafkaListenerEndpointContainer#0-0-C-1] org.apache.kafka.clients.NetworkClient   : [Consumer clientId=consumer-provider-service-group-1, groupId=provider-service-group] Node -1 disconnected.
2026-05-23T05:11:04.040-05:00  WARN 6649 --- [provider-service] [org.springframework.kafka.KafkaListenerEndpointContainer#0-0-C-1] org.apache.kafka.clients.NetworkClient   : [Consumer clientId=consumer-provider-service-group-1, groupId=provider-service-group] Connection to node -1 (localhost/127.0.0.1:9092) could not be established. Broker may not be available.
2026-05-23T05:11:04.040-05:00  WARN 6649 --- [provider-service] [org.springframework.kafka.KafkaListenerEndpointContainer#0-0-C-1] org.apache.kafka.clients.NetworkClient   : [Consumer clientId=consumer-provider-service-group-1, groupId=provider-service-group] Bootstrap broker localhost:9092 (id: -1 rack: null) disconnected
2026-05-23T05:11:04.856-05:00  INFO 6649 --- [provider-service] [org.springframework.kafka.KafkaListenerEndpointContainer#0-0-C-1] org.apache.kafka.clients.NetworkClient   : [Consumer clientId=consumer-provider-service-group-1, groupId=provider-service-group] Node -1 disconnected.
2026-05-23T05:11:04.857-05:00  WARN 6649 --- [provider-service] [org.springframework.kafka.KafkaListenerEndpointContainer#0-0-C-1] org.apache.kafka.clients.NetworkClient   : [Consumer clientId=consumer-provider-service-group-1, groupId=provider-service-group] Connection to node -1 (localhost/127.0.0.1:9092) could not be established. Broker may not be available.
2026-05-23T05:11:04.857-05:00  WARN 6649 --- [provider-service] [org.springframework.kafka.KafkaListenerEndpointContainer#0-0-C-1] org.apache.kafka.clients.NetworkClient   : [Consumer clientId=consumer-provider-service-group-1, groupId=provider-service-group] Bootstrap broker localhost:9092 (id: -1 rack: null) disconnected
2026-05-23T05:11:05.978-05:00  INFO 6649 --- [provider-service] [org.springframework.kafka.KafkaListenerEndpointContainer#0-0-C-1] org.apache.kafka.clients.NetworkClient   : [Consumer clientId=consumer-provider-service-group-1, groupId=provider-service-group] Node -1 disconnected.
2026-05-23T05:11:05.979-05:00  WARN 6649 --- [provider-service] [org.springframework.kafka.KafkaListenerEndpointContainer#0-0-C-1] org.apache.kafka.clients.NetworkClient   : [Consumer clientId=consumer-provider-service-group-1, groupId=provider-service-group] Connection to node -1 (localhost/127.0.0.1:9092) could not be established. Broker may not be available.
2026-05-23T05:11:05.979-05:00  WARN 6649 --- [provider-service] [org.springframework.kafka.KafkaListenerEndpointContainer#0-0-C-1] org.apache.kafka.clients.NetworkClient   : [Consumer clientId=consumer-provider-service-group-1, groupId=provider-service-group] Bootstrap broker localhost:9092 (id: -1 rack: null) disconnected
2026-05-23T05:11:07.100-05:00  INFO 6649 --- [provider-service] [org.springframework.kafka.KafkaListenerEndpointContainer#0-0-C-1] org.apache.kafka.clients.NetworkClient   : [Consumer clientId=consumer-provider-service-group-1, groupId=provider-service-group] Node -1 disconnected.
2026-05-23T05:11:07.100-05:00  WARN 6649 --- [provider-service] [org.springframework.kafka.KafkaListenerEndpointContainer#0-0-C-1] org.apache.kafka.clients.NetworkClient   : [Consumer clientId=consumer-provider-service-group-1, groupId=provider-service-group] Connection to node -1 (localhost/127.0.0.1:9092) could not be established. Broker may not be available.
2026-05-23T05:11:07.100-05:00  WARN 6649 --- [provider-service] [org.springframework.kafka.KafkaListenerEndpointContainer#0-0-C-1] org.apache.kafka.clients.NetworkClient   : [Consumer clientId=consumer-provider-service-group-1, groupId=provider-service-group] Bootstrap broker localhost:9092 (id: -1 rack: null) disconnected
2026-05-23T05:11:07.967-05:00  INFO 6649 --- [provider-service] [org.springframework.kafka.KafkaListenerEndpointContainer#0-0-C-1] org.apache.kafka.clients.NetworkClient   : [Consumer clientId=consumer-provider-service-group-1, groupId=provider-service-group] Node -1 disconnected.
2026-05-23T05:11:07.967-05:00  WARN 6649 --- [provider-service] [org.springframework.kafka.KafkaListenerEndpointContainer#0-0-C-1] org.apache.kafka.clients.NetworkClient   : [Consumer clientId=consumer-provider-service-group-1, groupId=provider-service-group] Connection to node -1 (localhost/127.0.0.1:9092) could not be established. Broker may not be available.
2026-05-23T05:11:07.967-05:00  WARN 6649 --- [provider-service] [org.springframework.kafka.KafkaListenerEndpointContainer#0-0-C-1] org.apache.kafka.clients.NetworkClient   : [Consumer clientId=consumer-provider-service-group-1, groupId=provider-service-group] Bootstrap broker localhost:9092 (id: -1 rack: null) disconnected
2026-05-23T05:11:08.936-05:00  INFO 6649 --- [provider-service] [org.springframework.kafka.KafkaListenerEndpointContainer#0-0-C-1] org.apache.kafka.clients.NetworkClient   : [Consumer clientId=consumer-provider-service-group-1, groupId=provider-service-group] Node -1 disconnected.
2026-05-23T05:11:08.936-05:00  WARN 6649 --- [provider-service] [org.springframework.kafka.KafkaListenerEndpointContainer#0-0-C-1] org.apache.kafka.clients.NetworkClient   : [Consumer clientId=consumer-provider-service-group-1, groupId=provider-service-group] Connection to node -1 (localhost/127.0.0.1:9092) could not be established. Broker may not be available.
2026-05-23T05:11:08.936-05:00  WARN 6649 --- [provider-service] [org.springframework.kafka.KafkaListenerEndpointContainer#0-0-C-1] org.apache.kafka.clients.NetworkClient   : [Consumer clientId=consumer-provider-service-group-1, groupId=provider-service-group] Bootstrap broker localhost:9092 (id: -1 rack: null) disconnected
2026-05-23T05:11:09.909-05:00  INFO 6649 --- [provider-service] [org.springframework.kafka.KafkaListenerEndpointContainer#0-0-C-1] org.apache.kafka.clients.NetworkClient   : [Consumer clientId=consumer-provider-service-group-1, groupId=provider-service-group] Node -1 disconnected.
2026-05-23T05:11:09.909-05:00  WARN 6649 --- [provider-service] [org.springframework.kafka.KafkaListenerEndpointContainer#0-0-C-1] org.apache.kafka.clients.NetworkClient   : [Consumer clientId=consumer-provider-service-group-1, groupId=provider-service-group] Connection to node -1 (localhost/127.0.0.1:9092) could not be established. Broker may not be available.
2026-05-23T05:11:09.909-05:00  WARN 6649 --- [provider-service] [org.springframework.kafka.KafkaListenerEndpointContainer#0-0-C-1] org.apache.kafka.clients.NetworkClient   : [Consumer clientId=consumer-provider-service-group-1, groupId=provider-service-group] Bootstrap broker localhost:9092 (id: -1 rack: null) disconnected
2026-05-23T05:11:10.878-05:00  INFO 6649 --- [provider-service] [org.springframework.kafka.KafkaListenerEndpointContainer#0-0-C-1] org.apache.kafka.clients.NetworkClient   : [Consumer clientId=consumer-provider-service-group-1, groupId=provider-service-group] Node -1 disconnected.
2026-05-23T05:11:10.878-05:00  WARN 6649 --- [provider-service] [org.springframework.kafka.KafkaListenerEndpointContainer#0-0-C-1] org.apache.kafka.clients.NetworkClient   : [Consumer clientId=consumer-provider-service-group-1, groupId=provider-service-group] Connection to node -1 (localhost/127.0.0.1:9092) could not be established. Broker may not be available.
2026-05-23T05:11:10.878-05:00  WARN 6649 --- [provider-service] [org.springframework.kafka.KafkaListenerEndpointContainer#0-0-C-1] org.apache.kafka.clients.NetworkClient   : [Consumer clientId=consumer-provider-service-group-1, groupId=provider-service-group] Bootstrap broker localhost:9092 (id: -1 rack: null) disconnected
2026-05-23T05:11:11.949-05:00  INFO 6649 --- [provider-service] [org.springframework.kafka.KafkaListenerEndpointContainer#0-0-C-1] org.apache.kafka.clients.NetworkClient   : [Consumer clientId=consumer-provider-service-group-1, groupId=provider-service-group] Node -1 disconnected.
2026-05-23T05:11:11.949-05:00  WARN 6649 --- [provider-service] [org.springframework.kafka.KafkaListenerEndpointContainer#0-0-C-1] org.apache.kafka.clients.NetworkClient   : [Consumer clientId=consumer-provider-service-group-1, groupId=provider-service-group] Connection to node -1 (localhost/127.0.0.1:9092) could not be established. Broker may not be available.
2026-05-23T05:11:11.949-05:00  WARN 6649 --- [provider-service] [org.springframework.kafka.KafkaListenerEndpointContainer#0-0-C-1] org.apache.kafka.clients.NetworkClient   : [Consumer clientId=consumer-provider-service-group-1, groupId=provider-service-group] Bootstrap broker localhost:9092 (id: -1 rack: null) disconnected
2026-05-23T05:11:13.122-05:00  INFO 6649 --- [provider-service] [org.springframework.kafka.KafkaListenerEndpointContainer#0-0-C-1] org.apache.kafka.clients.NetworkClient   : [Consumer clientId=consumer-provider-service-group-1, groupId=provider-service-group] Node -1 disconnected.
2026-05-23T05:11:13.122-05:00  WARN 6649 --- [provider-service] [org.springframework.kafka.KafkaListenerEndpointContainer#0-0-C-1] org.apache.kafka.clients.NetworkClient   : [Consumer clientId=consumer-provider-service-group-1, groupId=provider-service-group] Connection to node -1 (localhost/127.0.0.1:9092) could not be established. Broker may not be available.
2026-05-23T05:11:13.122-05:00  WARN 6649 --- [provider-service] [org.springframework.kafka.KafkaListenerEndpointContainer#0-0-C-1] org.apache.kafka.clients.NetworkClient   : [Consumer clientId=consumer-provider-service-group-1, groupId=provider-service-group] Bootstrap broker localhost:9092 (id: -1 rack: null) disconnected
2026-05-23T05:11:14.142-05:00  INFO 6649 --- [provider-service] [org.springframework.kafka.KafkaListenerEndpointContainer#0-0-C-1] org.apache.kafka.clients.NetworkClient   : [Consumer clientId=consumer-provider-service-group-1, groupId=provider-service-group] Node -1 disconnected.
2026-05-23T05:11:14.142-05:00  WARN 6649 --- [provider-service] [org.springframework.kafka.KafkaListenerEndpointContainer#0-0-C-1] org.apache.kafka.clients.NetworkClient   : [Consumer clientId=consumer-provider-service-group-1, groupId=provider-service-group] Connection to node -1 (localhost/127.0.0.1:9092) could not be established. Broker may not be available.
2026-05-23T05:11:14.142-05:00  WARN 6649 --- [provider-service] [org.springframework.kafka.KafkaListenerEndpointContainer#0-0-C-1] org.apache.kafka.clients.NetworkClient   : [Consumer clientId=consumer-provider-service-group-1, groupId=provider-service-group] Bootstrap broker localhost:9092 (id: -1 rack: null) disconnected
2026-05-23T05:11:15.215-05:00  INFO 6649 --- [provider-service] [org.springframework.kafka.KafkaListenerEndpointContainer#0-0-C-1] org.apache.kafka.clients.NetworkClient   : [Consumer clientId=consumer-provider-service-group-1, groupId=provider-service-group] Node -1 disconnected.
2026-05-23T05:11:15.215-05:00  WARN 6649 --- [provider-service] [org.springframework.kafka.KafkaListenerEndpointContainer#0-0-C-1] org.apache.kafka.clients.NetworkClient   : [Consumer clientId=consumer-provider-service-group-1, groupId=provider-service-group] Connection to node -1 (localhost/127.0.0.1:9092) could not be established. Broker may not be available.
2026-05-23T05:11:15.215-05:00  WARN 6649 --- [provider-service] [org.springframework.kafka.KafkaListenerEndpointContainer#0-0-C-1] org.apache.kafka.clients.NetworkClient   : [Consumer clientId=consumer-provider-service-group-1, groupId=provider-service-group] Bootstrap broker localhost:9092 (id: -1 rack: null) disconnected
2026-05-23T05:11:16.387-05:00  INFO 6649 --- [provider-service] [org.springframework.kafka.KafkaListenerEndpointContainer#0-0-C-1] org.apache.kafka.clients.NetworkClient   : [Consumer clientId=consumer-provider-service-group-1, groupId=provider-service-group] Node -1 disconnected.
2026-05-23T05:11:16.387-05:00  WARN 6649 --- [provider-service] [org.springframework.kafka.KafkaListenerEndpointContainer#0-0-C-1] org.apache.kafka.clients.NetworkClient   : [Consumer clientId=consumer-provider-service-group-1, groupId=provider-service-group] Connection to node -1 (localhost/127.0.0.1:9092) could not be established. Broker may not be available.
2026-05-23T05:11:16.387-05:00  WARN 6649 --- [provider-service] [org.springframework.kafka.KafkaListenerEndpointContainer#0-0-C-1] org.apache.kafka.clients.NetworkClient   : [Consumer clientId=consumer-provider-service-group-1, groupId=provider-service-group] Bootstrap broker localhost:9092 (id: -1 rack: null) disconnected
2026-05-23T05:11:17.407-05:00  INFO 6649 --- [provider-service] [org.springframework.kafka.KafkaListenerEndpointContainer#0-0-C-1] org.apache.kafka.clients.NetworkClient   : [Consumer clientId=consumer-provider-service-group-1, groupId=provider-service-group] Node -1 disconnected.
2026-05-23T05:11:17.408-05:00  WARN 6649 --- [provider-service] [org.springframework.kafka.KafkaListenerEndpointContainer#0-0-C-1] org.apache.kafka.clients.NetworkClient   : [Consumer clientId=consumer-provider-service-group-1, groupId=provider-service-group] Connection to node -1 (localhost/127.0.0.1:9092) could not be established. Broker may not be available.
2026-05-23T05:11:17.408-05:00  WARN 6649 --- [provider-service] [org.springframework.kafka.KafkaListenerEndpointContainer#0-0-C-1] org.apache.kafka.clients.NetworkClient   : [Consumer clientId=consumer-provider-service-group-1, groupId=provider-service-group] Bootstrap broker localhost:9092 (id: -1 rack: null) disconnected
2026-05-23T05:11:18.475-05:00  INFO 6649 --- [provider-service] [org.springframework.kafka.KafkaListenerEndpointContainer#0-0-C-1] org.apache.kafka.clients.NetworkClient   : [Consumer clientId=consumer-provider-service-group-1, groupId=provider-service-group] Node -1 disconnected.
2026-05-23T05:11:18.476-05:00  WARN 6649 --- [provider-service] [org.springframework.kafka.KafkaListenerEndpointContainer#0-0-C-1] org.apache.kafka.clients.NetworkClient   : [Consumer clientId=consumer-provider-service-group-1, groupId=provider-service-group] Connection to node -1 (localhost/127.0.0.1:9092) could not be established. Broker may not be available.
2026-05-23T05:11:18.476-05:00  WARN 6649 --- [provider-service] [org.springframework.kafka.KafkaListenerEndpointContainer#0-0-C-1] org.apache.kafka.clients.NetworkClient   : [Consumer clientId=consumer-provider-service-group-1, groupId=provider-service-group] Bootstrap broker localhost:9092 (id: -1 rack: null) disconnected
2026-05-23T05:11:19.494-05:00  INFO 6649 --- [provider-service] [org.springframework.kafka.KafkaListenerEndpointContainer#0-0-C-1] org.apache.kafka.clients.NetworkClient   : [Consumer clientId=consumer-provider-service-group-1, groupId=provider-service-group] Node -1 disconnected.
2026-05-23T05:11:19.494-05:00  WARN 6649 --- [provider-service] [org.springframework.kafka.KafkaListenerEndpointContainer#0-0-C-1] org.apache.kafka.clients.NetworkClient   : [Consumer clientId=consumer-provider-service-group-1, groupId=provider-service-group] Connection to node -1 (localhost/127.0.0.1:9092) could not be established. Broker may not be available.
2026-05-23T05:11:19.494-05:00  WARN 6649 --- [provider-service] [org.springframework.kafka.KafkaListenerEndpointContainer#0-0-C-1] org.apache.kafka.clients.NetworkClient   : [Consumer clientId=consumer-provider-service-group-1, groupId=provider-service-group] Bootstrap broker localhost:9092 (id: -1 rack: null) disconnected
2026-05-23T05:11:20.623-05:00  INFO 6649 --- [provider-service] [org.springframework.kafka.KafkaListenerEndpointContainer#0-0-C-1] org.apache.kafka.clients.NetworkClient   : [Consumer clientId=consumer-provider-service-group-1, groupId=provider-service-group] Node -1 disconnected.
2026-05-23T05:11:20.623-05:00  WARN 6649 --- [provider-service] [org.springframework.kafka.KafkaListenerEndpointContainer#0-0-C-1] org.apache.kafka.clients.NetworkClient   : [Consumer clientId=consumer-provider-service-group-1, groupId=provider-service-group] Connection to node -1 (localhost/127.0.0.1:9092) could not be established. Broker may not be available.
2026-05-23T05:11:20.623-05:00  WARN 6649 --- [provider-service] [org.springframework.kafka.KafkaListenerEndpointContainer#0-0-C-1] org.apache.kafka.clients.NetworkClient   : [Consumer clientId=consumer-provider-service-group-1, groupId=provider-service-group] Bootstrap broker localhost:9092 (id: -1 rack: null) disconnected
2026-05-23T05:11:21.643-05:00  INFO 6649 --- [provider-service] [org.springframework.kafka.KafkaListenerEndpointContainer#0-0-C-1] org.apache.kafka.clients.NetworkClient   : [Consumer clientId=consumer-provider-service-group-1, groupId=provider-service-group] Node -1 disconnected.
2026-05-23T05:11:21.643-05:00  WARN 6649 --- [provider-service] [org.springframework.kafka.KafkaListenerEndpointContainer#0-0-C-1] org.apache.kafka.clients.NetworkClient   : [Consumer clientId=consumer-provider-service-group-1, groupId=provider-service-group] Connection to node -1 (localhost/127.0.0.1:9092) could not be established. Broker may not be available.
2026-05-23T05:11:21.643-05:00  WARN 6649 --- [provider-service] [org.springframework.kafka.KafkaListenerEndpointContainer#0-0-C-1] org.apache.kafka.clients.NetworkClient   : [Consumer clientId=consumer-provider-service-group-1, groupId=provider-service-group] Bootstrap broker localhost:9092 (id: -1 rack: null) disconnected
2026-05-23T05:11:22.714-05:00  INFO 6649 --- [provider-service] [org.springframework.kafka.KafkaListenerEndpointContainer#0-0-C-1] org.apache.kafka.clients.NetworkClient   : [Consumer clientId=consumer-provider-service-group-1, groupId=provider-service-group] Node -1 disconnected.
2026-05-23T05:11:22.714-05:00  WARN 6649 --- [provider-service] [org.springframework.kafka.KafkaListenerEndpointContainer#0-0-C-1] org.apache.kafka.clients.NetworkClient   : [Consumer clientId=consumer-provider-service-group-1, groupId=provider-service-group] Connection to node -1 (localhost/127.0.0.1:9092) could not be established. Broker may not be available.
2026-05-23T05:11:22.714-05:00  WARN 6649 --- [provider-service] [org.springframework.kafka.KafkaListenerEndpointContainer#0-0-C-1] org.apache.kafka.clients.NetworkClient   : [Consumer clientId=consumer-provider-service-group-1, groupId=provider-service-group] Bootstrap broker localhost:9092 (id: -1 rack: null) disconnected
2026-05-23T05:11:23.736-05:00  INFO 6649 --- [provider-service] [org.springframework.kafka.KafkaListenerEndpointContainer#0-0-C-1] org.apache.kafka.clients.NetworkClient   : [Consumer clientId=consumer-provider-service-group-1, groupId=provider-service-group] Node -1 disconnected.
2026-05-23T05:11:23.736-05:00  WARN 6649 --- [provider-service] [org.springframework.kafka.KafkaListenerEndpointContainer#0-0-C-1] org.apache.kafka.clients.NetworkClient   : [Consumer clientId=consumer-provider-service-group-1, groupId=provider-service-group] Connection to node -1 (localhost/127.0.0.1:9092) could not be established. Broker may not be available.
2026-05-23T05:11:23.737-05:00  WARN 6649 --- [provider-service] [org.springframework.kafka.KafkaListenerEndpointContainer#0-0-C-1] org.apache.kafka.clients.NetworkClient   : [Consumer clientId=consumer-provider-service-group-1, groupId=provider-service-group] Bootstrap broker localhost:9092 (id: -1 rack: null) disconnected
2026-05-23T05:11:24.603-05:00  INFO 6649 --- [provider-service] [org.springframework.kafka.KafkaListenerEndpointContainer#0-0-C-1] org.apache.kafka.clients.NetworkClient   : [Consumer clientId=consumer-provider-service-group-1, groupId=provider-service-group] Node -1 disconnected.
2026-05-23T05:11:24.604-05:00  WARN 6649 --- [provider-service] [org.springframework.kafka.KafkaListenerEndpointContainer#0-0-C-1] org.apache.kafka.clients.NetworkClient   : [Consumer clientId=consumer-provider-service-group-1, groupId=provider-service-group] Connection to node -1 (localhost/127.0.0.1:9092) could not be established. Broker may not be available.
2026-05-23T05:11:24.604-05:00  WARN 6649 --- [provider-service] [org.springframework.kafka.KafkaListenerEndpointContainer#0-0-C-1] org.apache.kafka.clients.NetworkClient   : [Consumer clientId=consumer-provider-service-group-1, groupId=provider-service-group] Bootstrap broker localhost:9092 (id: -1 rack: null) disconnected
2026-05-23T05:11:25.524-05:00  INFO 6649 --- [provider-service] [org.springframework.kafka.KafkaListenerEndpointContainer#0-0-C-1] org.apache.kafka.clients.NetworkClient   : [Consumer clientId=consumer-provider-service-group-1, groupId=provider-service-group] Node -1 disconnected.
2026-05-23T05:11:25.524-05:00  WARN 6649 --- [provider-service] [org.springframework.kafka.KafkaListenerEndpointContainer#0-0-C-1] org.apache.kafka.clients.NetworkClient   : [Consumer clientId=consumer-provider-service-group-1, groupId=provider-service-group] Connection to node -1 (localhost/127.0.0.1:9092) could not be established. Broker may not be available.
2026-05-23T05:11:25.524-05:00  WARN 6649 --- [provider-service] [org.springframework.kafka.KafkaListenerEndpointContainer#0-0-C-1] org.apache.kafka.clients.NetworkClient   : [Consumer clientId=consumer-provider-service-group-1, groupId=provider-service-group] Bootstrap broker localhost:9092 (id: -1 rack: null) disconnected
2026-05-23T05:11:26.391-05:00  INFO 6649 --- [provider-service] [org.springframework.kafka.KafkaListenerEndpointContainer#0-0-C-1] org.apache.kafka.clients.NetworkClient   : [Consumer clientId=consumer-provider-service-group-1, groupId=provider-service-group] Node -1 disconnected.
2026-05-23T05:11:26.391-05:00  WARN 6649 --- [provider-service] [org.springframework.kafka.KafkaListenerEndpointContainer#0-0-C-1] org.apache.kafka.clients.NetworkClient   : [Consumer clientId=consumer-provider-service-group-1, groupId=provider-service-group] Connection to node -1 (localhost/127.0.0.1:9092) could not be established. Broker may not be available.
2026-05-23T05:11:26.391-05:00  WARN 6649 --- [provider-service] [org.springframework.kafka.KafkaListenerEndpointContainer#0-0-C-1] org.apache.kafka.clients.NetworkClient   : [Consumer clientId=consumer-provider-service-group-1, groupId=provider-service-group] Bootstrap broker localhost:9092 (id: -1 rack: null) disconnected
2026-05-23T05:11:27.461-05:00  INFO 6649 --- [provider-service] [org.springframework.kafka.KafkaListenerEndpointContainer#0-0-C-1] org.apache.kafka.clients.NetworkClient   : [Consumer clientId=consumer-provider-service-group-1, groupId=provider-service-group] Node -1 disconnected.
2026-05-23T05:11:27.462-05:00  WARN 6649 --- [provider-service] [org.springframework.kafka.KafkaListenerEndpointContainer#0-0-C-1] org.apache.kafka.clients.NetworkClient   : [Consumer clientId=consumer-provider-service-group-1, groupId=provider-service-group] Connection to node -1 (localhost/127.0.0.1:9092) could not be established. Broker may not be available.
2026-05-23T05:11:27.462-05:00  WARN 6649 --- [provider-service] [org.springframework.kafka.KafkaListenerEndpointContainer#0-0-C-1] org.apache.kafka.clients.NetworkClient   : [Consumer clientId=consumer-provider-service-group-1, groupId=provider-service-group] Bootstrap broker localhost:9092 (id: -1 rack: null) disconnected
2026-05-23T05:11:28.430-05:00  INFO 6649 --- [provider-service] [org.springframework.kafka.KafkaListenerEndpointContainer#0-0-C-1] org.apache.kafka.clients.NetworkClient   : [Consumer clientId=consumer-provider-service-group-1, groupId=provider-service-group] Node -1 disconnected.
2026-05-23T05:11:28.430-05:00  WARN 6649 --- [provider-service] [org.springframework.kafka.KafkaListenerEndpointContainer#0-0-C-1] org.apache.kafka.clients.NetworkClient   : [Consumer clientId=consumer-provider-service-group-1, groupId=provider-service-group] Connection to node -1 (localhost/127.0.0.1:9092) could not be established. Broker may not be available.
2026-05-23T05:11:28.430-05:00  WARN 6649 --- [provider-service] [org.springframework.kafka.KafkaListenerEndpointContainer#0-0-C-1] org.apache.kafka.clients.NetworkClient   : [Consumer clientId=consumer-provider-service-group-1, groupId=provider-service-group] Bootstrap broker localhost:9092 (id: -1 rack: null) disconnected
2026-05-23T05:11:29.654-05:00  INFO 6649 --- [provider-service] [org.springframework.kafka.KafkaListenerEndpointContainer#0-0-C-1] org.apache.kafka.clients.NetworkClient   : [Consumer clientId=consumer-provider-service-group-1, groupId=provider-service-group] Node -1 disconnected.
2026-05-23T05:11:29.655-05:00  WARN 6649 --- [provider-service] [org.springframework.kafka.KafkaListenerEndpointContainer#0-0-C-1] org.apache.kafka.clients.NetworkClient   : [Consumer clientId=consumer-provider-service-group-1, groupId=provider-service-group] Connection to node -1 (localhost/127.0.0.1:9092) could not be established. Broker may not be available.
2026-05-23T05:11:29.655-05:00  WARN 6649 --- [provider-service] [org.springframework.kafka.KafkaListenerEndpointContainer#0-0-C-1] org.apache.kafka.clients.NetworkClient   : [Consumer clientId=consumer-provider-service-group-1, groupId=provider-service-group] Bootstrap broker localhost:9092 (id: -1 rack: null) disconnected
2026-05-23T05:11:30.674-05:00  INFO 6649 --- [provider-service] [org.springframework.kafka.KafkaListenerEndpointContainer#0-0-C-1] org.apache.kafka.clients.NetworkClient   : [Consumer clientId=consumer-provider-service-group-1, groupId=provider-service-group] Node -1 disconnected.
2026-05-23T05:11:30.674-05:00  WARN 6649 --- [provider-service] [org.springframework.kafka.KafkaListenerEndpointContainer#0-0-C-1] org.apache.kafka.clients.NetworkClient   : [Consumer clientId=consumer-provider-service-group-1, groupId=provider-service-group] Connection to node -1 (localhost/127.0.0.1:9092) could not be established. Broker may not be available.
2026-05-23T05:11:30.674-05:00  WARN 6649 --- [provider-service] [org.springframework.kafka.KafkaListenerEndpointContainer#0-0-C-1] org.apache.kafka.clients.NetworkClient   : [Consumer clientId=consumer-provider-service-group-1, groupId=provider-service-group] Bootstrap broker localhost:9092 (id: -1 rack: null) disconnected
2026-05-23T05:11:31.744-05:00  INFO 6649 --- [provider-service] [org.springframework.kafka.KafkaListenerEndpointContainer#0-0-C-1] org.apache.kafka.clients.NetworkClient   : [Consumer clientId=consumer-provider-service-group-1, groupId=provider-service-group] Node -1 disconnected.
2026-05-23T05:11:31.744-05:00  WARN 6649 --- [provider-service] [org.springframework.kafka.KafkaListenerEndpointContainer#0-0-C-1] org.apache.kafka.clients.NetworkClient   : [Consumer clientId=consumer-provider-service-group-1, groupId=provider-service-group] Connection to node -1 (localhost/127.0.0.1:9092) could not be established. Broker may not be available.
2026-05-23T05:11:31.744-05:00  WARN 6649 --- [provider-service] [org.springframework.kafka.KafkaListenerEndpointContainer#0-0-C-1] org.apache.kafka.clients.NetworkClient   : [Consumer clientId=consumer-provider-service-group-1, groupId=provider-service-group] Bootstrap broker localhost:9092 (id: -1 rack: null) disconnected
2026-05-23T05:11:32.968-05:00  INFO 6649 --- [provider-service] [org.springframework.kafka.KafkaListenerEndpointContainer#0-0-C-1] org.apache.kafka.clients.NetworkClient   : [Consumer clientId=consumer-provider-service-group-1, groupId=provider-service-group] Node -1 disconnected.
2026-05-23T05:11:32.968-05:00  WARN 6649 --- [provider-service] [org.springframework.kafka.KafkaListenerEndpointContainer#0-0-C-1] org.apache.kafka.clients.NetworkClient   : [Consumer clientId=consumer-provider-service-group-1, groupId=provider-service-group] Connection to node -1 (localhost/127.0.0.1:9092) could not be established. Broker may not be available.
2026-05-23T05:11:32.968-05:00  WARN 6649 --- [provider-service] [org.springframework.kafka.KafkaListenerEndpointContainer#0-0-C-1] org.apache.kafka.clients.NetworkClient   : [Consumer clientId=consumer-provider-service-group-1, groupId=provider-service-group] Bootstrap broker localhost:9092 (id: -1 rack: null) disconnected
2026-05-23T05:11:33.784-05:00  INFO 6649 --- [provider-service] [org.springframework.kafka.KafkaListenerEndpointContainer#0-0-C-1] org.apache.kafka.clients.NetworkClient   : [Consumer clientId=consumer-provider-service-group-1, groupId=provider-service-group] Node -1 disconnected.
2026-05-23T05:11:33.784-05:00  WARN 6649 --- [provider-service] [org.springframework.kafka.KafkaListenerEndpointContainer#0-0-C-1] org.apache.kafka.clients.NetworkClient   : [Consumer clientId=consumer-provider-service-group-1, groupId=provider-service-group] Connection to node -1 (localhost/127.0.0.1:9092) could not be established. Broker may not be available.
2026-05-23T05:11:33.784-05:00  WARN 6649 --- [provider-service] [org.springframework.kafka.KafkaListenerEndpointContainer#0-0-C-1] org.apache.kafka.clients.NetworkClient   : [Consumer clientId=consumer-provider-service-group-1, groupId=provider-service-group] Bootstrap broker localhost:9092 (id: -1 rack: null) disconnected
2026-05-23T05:11:35.015-05:00  INFO 6649 --- [provider-service] [org.springframework.kafka.KafkaListenerEndpointContainer#0-0-C-1] org.apache.kafka.clients.NetworkClient   : [Consumer clientId=consumer-provider-service-group-1, groupId=provider-service-group] Node -1 disconnected.
2026-05-23T05:11:35.015-05:00  WARN 6649 --- [provider-service] [org.springframework.kafka.KafkaListenerEndpointContainer#0-0-C-1] org.apache.kafka.clients.NetworkClient   : [Consumer clientId=consumer-provider-service-group-1, groupId=provider-service-group] Connection to node -1 (localhost/127.0.0.1:9092) could not be established. Broker may not be available.
2026-05-23T05:11:35.015-05:00  WARN 6649 --- [provider-service] [org.springframework.kafka.KafkaListenerEndpointContainer#0-0-C-1] org.apache.kafka.clients.NetworkClient   : [Consumer clientId=consumer-provider-service-group-1, groupId=provider-service-group] Bootstrap broker localhost:9092 (id: -1 rack: null) disconnected
2026-05-23T05:11:36.188-05:00  INFO 6649 --- [provider-service] [org.springframework.kafka.KafkaListenerEndpointContainer#0-0-C-1] org.apache.kafka.clients.NetworkClient   : [Consumer clientId=consumer-provider-service-group-1, groupId=provider-service-group] Node -1 disconnected.
2026-05-23T05:11:36.188-05:00  WARN 6649 --- [provider-service] [org.springframework.kafka.KafkaListenerEndpointContainer#0-0-C-1] org.apache.kafka.clients.NetworkClient   : [Consumer clientId=consumer-provider-service-group-1, groupId=provider-service-group] Connection to node -1 (localhost/127.0.0.1:9092) could not be established. Broker may not be available.
2026-05-23T05:11:36.188-05:00  WARN 6649 --- [provider-service] [org.springframework.kafka.KafkaListenerEndpointContainer#0-0-C-1] org.apache.kafka.clients.NetworkClient   : [Consumer clientId=consumer-provider-service-group-1, groupId=provider-service-group] Bootstrap broker localhost:9092 (id: -1 rack: null) disconnected
2026-05-23T05:11:37.361-05:00  INFO 6649 --- [provider-service] [org.springframework.kafka.KafkaListenerEndpointContainer#0-0-C-1] org.apache.kafka.clients.NetworkClient   : [Consumer clientId=consumer-provider-service-group-1, groupId=provider-service-group] Node -1 disconnected.
2026-05-23T05:11:37.361-05:00  WARN 6649 --- [provider-service] [org.springframework.kafka.KafkaListenerEndpointContainer#0-0-C-1] org.apache.kafka.clients.NetworkClient   : [Consumer clientId=consumer-provider-service-group-1, groupId=provider-service-group] Connection to node -1 (localhost/127.0.0.1:9092) could not be established. Broker may not be available.
2026-05-23T05:11:37.361-05:00  WARN 6649 --- [provider-service] [org.springframework.kafka.KafkaListenerEndpointContainer#0-0-C-1] org.apache.kafka.clients.NetworkClient   : [Consumer clientId=consumer-provider-service-group-1, groupId=provider-service-group] Bootstrap broker localhost:9092 (id: -1 rack: null) disconnected
2026-05-23T05:11:38.278-05:00  INFO 6649 --- [provider-service] [org.springframework.kafka.KafkaListenerEndpointContainer#0-0-C-1] org.apache.kafka.clients.NetworkClient   : [Consumer clientId=consumer-provider-service-group-1, groupId=provider-service-group] Node -1 disconnected.
2026-05-23T05:11:38.279-05:00  WARN 6649 --- [provider-service] [org.springframework.kafka.KafkaListenerEndpointContainer#0-0-C-1] org.apache.kafka.clients.NetworkClient   : [Consumer clientId=consumer-provider-service-group-1, groupId=provider-service-group] Connection to node -1 (localhost/127.0.0.1:9092) could not be established. Broker may not be available.
2026-05-23T05:11:38.279-05:00  WARN 6649 --- [provider-service] [org.springframework.kafka.KafkaListenerEndpointContainer#0-0-C-1] org.apache.kafka.clients.NetworkClient   : [Consumer clientId=consumer-provider-service-group-1, groupId=provider-service-group] Bootstrap broker localhost:9092 (id: -1 rack: null) disconnected
2026-05-23T05:11:39.297-05:00  INFO 6649 --- [provider-service] [org.springframework.kafka.KafkaListenerEndpointContainer#0-0-C-1] org.apache.kafka.clients.NetworkClient   : [Consumer clientId=consumer-provider-service-group-1, groupId=provider-service-group] Node -1 disconnected.
2026-05-23T05:11:39.297-05:00  WARN 6649 --- [provider-service] [org.springframework.kafka.KafkaListenerEndpointContainer#0-0-C-1] org.apache.kafka.clients.NetworkClient   : [Consumer clientId=consumer-provider-service-group-1, groupId=provider-service-group] Connection to node -1 (localhost/127.0.0.1:9092) could not be established. Broker may not be available.
2026-05-23T05:11:39.297-05:00  WARN 6649 --- [provider-service] [org.springframework.kafka.KafkaListenerEndpointContainer#0-0-C-1] org.apache.kafka.clients.NetworkClient   : [Consumer clientId=consumer-provider-service-group-1, groupId=provider-service-group] Bootstrap broker localhost:9092 (id: -1 rack: null) disconnected
2026-05-23T05:11:40.219-05:00  INFO 6649 --- [provider-service] [org.springframework.kafka.KafkaListenerEndpointContainer#0-0-C-1] org.apache.kafka.clients.NetworkClient   : [Consumer clientId=consumer-provider-service-group-1, groupId=provider-service-group] Node -1 disconnected.
2026-05-23T05:11:40.219-05:00  WARN 6649 --- [provider-service] [org.springframework.kafka.KafkaListenerEndpointContainer#0-0-C-1] org.apache.kafka.clients.NetworkClient   : [Consumer clientId=consumer-provider-service-group-1, groupId=provider-service-group] Connection to node -1 (localhost/127.0.0.1:9092) could not be established. Broker may not be available.
2026-05-23T05:11:40.219-05:00  WARN 6649 --- [provider-service] [org.springframework.kafka.KafkaListenerEndpointContainer#0-0-C-1] org.apache.kafka.clients.NetworkClient   : [Consumer clientId=consumer-provider-service-group-1, groupId=provider-service-group] Bootstrap broker localhost:9092 (id: -1 rack: null) disconnected
2026-05-23T05:11:41.084-05:00  INFO 6649 --- [provider-service] [org.springframework.kafka.KafkaListenerEndpointContainer#0-0-C-1] org.apache.kafka.clients.NetworkClient   : [Consumer clientId=consumer-provider-service-group-1, groupId=provider-service-group] Node -1 disconnected.
2026-05-23T05:11:41.085-05:00  WARN 6649 --- [provider-service] [org.springframework.kafka.KafkaListenerEndpointContainer#0-0-C-1] org.apache.kafka.clients.NetworkClient   : [Consumer clientId=consumer-provider-service-group-1, groupId=provider-service-group] Connection to node -1 (localhost/127.0.0.1:9092) could not be established. Broker may not be available.
2026-05-23T05:11:41.085-05:00  WARN 6649 --- [provider-service] [org.springframework.kafka.KafkaListenerEndpointContainer#0-0-C-1] org.apache.kafka.clients.NetworkClient   : [Consumer clientId=consumer-provider-service-group-1, groupId=provider-service-group] Bootstrap broker localhost:9092 (id: -1 rack: null) disconnected
2026-05-23T05:11:42.001-05:00  INFO 6649 --- [provider-service] [org.springframework.kafka.KafkaListenerEndpointContainer#0-0-C-1] org.apache.kafka.clients.NetworkClient   : [Consumer clientId=consumer-provider-service-group-1, groupId=provider-service-group] Node -1 disconnected.
2026-05-23T05:11:42.002-05:00  WARN 6649 --- [provider-service] [org.springframework.kafka.KafkaListenerEndpointContainer#0-0-C-1] org.apache.kafka.clients.NetworkClient   : [Consumer clientId=consumer-provider-service-group-1, groupId=provider-service-group] Connection to node -1 (localhost/127.0.0.1:9092) could not be established. Broker may not be available.
2026-05-23T05:11:42.002-05:00  WARN 6649 --- [provider-service] [org.springframework.kafka.KafkaListenerEndpointContainer#0-0-C-1] org.apache.kafka.clients.NetworkClient   : [Consumer clientId=consumer-provider-service-group-1, groupId=provider-service-group] Bootstrap broker localhost:9092 (id: -1 rack: null) disconnected
2026-05-23T05:11:42.867-05:00  INFO 6649 --- [provider-service] [org.springframework.kafka.KafkaListenerEndpointContainer#0-0-C-1] org.apache.kafka.clients.NetworkClient   : [Consumer clientId=consumer-provider-service-group-1, groupId=provider-service-group] Node -1 disconnected.
2026-05-23T05:11:42.868-05:00  WARN 6649 --- [provider-service] [org.springframework.kafka.KafkaListenerEndpointContainer#0-0-C-1] org.apache.kafka.clients.NetworkClient   : [Consumer clientId=consumer-provider-service-group-1, groupId=provider-service-group] Connection to node -1 (localhost/127.0.0.1:9092) could not be established. Broker may not be available.
2026-05-23T05:11:42.868-05:00  WARN 6649 --- [provider-service] [org.springframework.kafka.KafkaListenerEndpointContainer#0-0-C-1] org.apache.kafka.clients.NetworkClient   : [Consumer clientId=consumer-provider-service-group-1, groupId=provider-service-group] Bootstrap broker localhost:9092 (id: -1 rack: null) disconnected
2026-05-23T05:11:43.733-05:00  INFO 6649 --- [provider-service] [org.springframework.kafka.KafkaListenerEndpointContainer#0-0-C-1] org.apache.kafka.clients.NetworkClient   : [Consumer clientId=consumer-provider-service-group-1, groupId=provider-service-group] Node -1 disconnected.
2026-05-23T05:11:43.733-05:00  WARN 6649 --- [provider-service] [org.springframework.kafka.KafkaListenerEndpointContainer#0-0-C-1] org.apache.kafka.clients.NetworkClient   : [Consumer clientId=consumer-provider-service-group-1, groupId=provider-service-group] Connection to node -1 (localhost/127.0.0.1:9092) could not be established. Broker may not be available.
2026-05-23T05:11:43.733-05:00  WARN 6649 --- [provider-service] [org.springframework.kafka.KafkaListenerEndpointContainer#0-0-C-1] org.apache.kafka.clients.NetworkClient   : [Consumer clientId=consumer-provider-service-group-1, groupId=provider-service-group] Bootstrap broker localhost:9092 (id: -1 rack: null) disconnected
2026-05-23T05:11:44.811-05:00  INFO 6649 --- [provider-service] [org.springframework.kafka.KafkaListenerEndpointContainer#0-0-C-1] org.apache.kafka.clients.NetworkClient   : [Consumer clientId=consumer-provider-service-group-1, groupId=provider-service-group] Node -1 disconnected.
2026-05-23T05:11:44.811-05:00  WARN 6649 --- [provider-service] [org.springframework.kafka.KafkaListenerEndpointContainer#0-0-C-1] org.apache.kafka.clients.NetworkClient   : [Consumer clientId=consumer-provider-service-group-1, groupId=provider-service-group] Connection to node -1 (localhost/127.0.0.1:9092) could not be established. Broker may not be available.
2026-05-23T05:11:44.811-05:00  WARN 6649 --- [provider-service] [org.springframework.kafka.KafkaListenerEndpointContainer#0-0-C-1] org.apache.kafka.clients.NetworkClient   : [Consumer clientId=consumer-provider-service-group-1, groupId=provider-service-group] Bootstrap broker localhost:9092 (id: -1 rack: null) disconnected
2026-05-23T05:11:45.831-05:00  INFO 6649 --- [provider-service] [org.springframework.kafka.KafkaListenerEndpointContainer#0-0-C-1] org.apache.kafka.clients.NetworkClient   : [Consumer clientId=consumer-provider-service-group-1, groupId=provider-service-group] Node -1 disconnected.
2026-05-23T05:11:45.832-05:00  WARN 6649 --- [provider-service] [org.springframework.kafka.KafkaListenerEndpointContainer#0-0-C-1] org.apache.kafka.clients.NetworkClient   : [Consumer clientId=consumer-provider-service-group-1, groupId=provider-service-group] Connection to node -1 (localhost/127.0.0.1:9092) could not be established. Broker may not be available.
2026-05-23T05:11:45.832-05:00  WARN 6649 --- [provider-service] [org.springframework.kafka.KafkaListenerEndpointContainer#0-0-C-1] org.apache.kafka.clients.NetworkClient   : [Consumer clientId=consumer-provider-service-group-1, groupId=provider-service-group] Bootstrap broker localhost:9092 (id: -1 rack: null) disconnected
2026-05-23T05:11:46.902-05:00  INFO 6649 --- [provider-service] [org.springframework.kafka.KafkaListenerEndpointContainer#0-0-C-1] org.apache.kafka.clients.NetworkClient   : [Consumer clientId=consumer-provider-service-group-1, groupId=provider-service-group] Node -1 disconnected.
2026-05-23T05:11:46.902-05:00  WARN 6649 --- [provider-service] [org.springframework.kafka.KafkaListenerEndpointContainer#0-0-C-1] org.apache.kafka.clients.NetworkClient   : [Consumer clientId=consumer-provider-service-group-1, groupId=provider-service-group] Connection to node -1 (localhost/127.0.0.1:9092) could not be established. Broker may not be available.
2026-05-23T05:11:46.902-05:00  WARN 6649 --- [provider-service] [org.springframework.kafka.KafkaListenerEndpointContainer#0-0-C-1] org.apache.kafka.clients.NetworkClient   : [Consumer clientId=consumer-provider-service-group-1, groupId=provider-service-group] Bootstrap broker localhost:9092 (id: -1 rack: null) disconnected
2026-05-23T05:11:47.871-05:00  INFO 6649 --- [provider-service] [org.springframework.kafka.KafkaListenerEndpointContainer#0-0-C-1] org.apache.kafka.clients.NetworkClient   : [Consumer clientId=consumer-provider-service-group-1, groupId=provider-service-group] Node -1 disconnected.
2026-05-23T05:11:47.871-05:00  WARN 6649 --- [provider-service] [org.springframework.kafka.KafkaListenerEndpointContainer#0-0-C-1] org.apache.kafka.clients.NetworkClient   : [Consumer clientId=consumer-provider-service-group-1, groupId=provider-service-group] Connection to node -1 (localhost/127.0.0.1:9092) could not be established. Broker may not be available.
2026-05-23T05:11:47.871-05:00  WARN 6649 --- [provider-service] [org.springframework.kafka.KafkaListenerEndpointContainer#0-0-C-1] org.apache.kafka.clients.NetworkClient   : [Consumer clientId=consumer-provider-service-group-1, groupId=provider-service-group] Bootstrap broker localhost:9092 (id: -1 rack: null) disconnected
2026-05-23T05:11:48.891-05:00  INFO 6649 --- [provider-service] [org.springframework.kafka.KafkaListenerEndpointContainer#0-0-C-1] org.apache.kafka.clients.NetworkClient   : [Consumer clientId=consumer-provider-service-group-1, groupId=provider-service-group] Node -1 disconnected.
2026-05-23T05:11:48.891-05:00  WARN 6649 --- [provider-service] [org.springframework.kafka.KafkaListenerEndpointContainer#0-0-C-1] org.apache.kafka.clients.NetworkClient   : [Consumer clientId=consumer-provider-service-group-1, groupId=provider-service-group] Connection to node -1 (localhost/127.0.0.1:9092) could not be established. Broker may not be available.
2026-05-23T05:11:48.891-05:00  WARN 6649 --- [provider-service] [org.springframework.kafka.KafkaListenerEndpointContainer#0-0-C-1] org.apache.kafka.clients.NetworkClient   : [Consumer clientId=consumer-provider-service-group-1, groupId=provider-service-group] Bootstrap broker localhost:9092 (id: -1 rack: null) disconnected
2026-05-23T05:11:49.965-05:00  INFO 6649 --- [provider-service] [org.springframework.kafka.KafkaListenerEndpointContainer#0-0-C-1] org.apache.kafka.clients.NetworkClient   : [Consumer clientId=consumer-provider-service-group-1, groupId=provider-service-group] Node -1 disconnected.
2026-05-23T05:11:49.965-05:00  WARN 6649 --- [provider-service] [org.springframework.kafka.KafkaListenerEndpointContainer#0-0-C-1] org.apache.kafka.clients.NetworkClient   : [Consumer clientId=consumer-provider-service-group-1, groupId=provider-service-group] Connection to node -1 (localhost/127.0.0.1:9092) could not be established. Broker may not be available.
2026-05-23T05:11:49.966-05:00  WARN 6649 --- [provider-service] [org.springframework.kafka.KafkaListenerEndpointContainer#0-0-C-1] org.apache.kafka.clients.NetworkClient   : [Consumer clientId=consumer-provider-service-group-1, groupId=provider-service-group] Bootstrap broker localhost:9092 (id: -1 rack: null) disconnected
2026-05-23T05:11:50.883-05:00  INFO 6649 --- [provider-service] [org.springframework.kafka.KafkaListenerEndpointContainer#0-0-C-1] org.apache.kafka.clients.NetworkClient   : [Consumer clientId=consumer-provider-service-group-1, groupId=provider-service-group] Node -1 disconnected.
2026-05-23T05:11:50.883-05:00  WARN 6649 --- [provider-service] [org.springframework.kafka.KafkaListenerEndpointContainer#0-0-C-1] org.apache.kafka.clients.NetworkClient   : [Consumer clientId=consumer-provider-service-group-1, groupId=provider-service-group] Connection to node -1 (localhost/127.0.0.1:9092) could not be established. Broker may not be available.
2026-05-23T05:11:50.883-05:00  WARN 6649 --- [provider-service] [org.springframework.kafka.KafkaListenerEndpointContainer#0-0-C-1] org.apache.kafka.clients.NetworkClient   : [Consumer clientId=consumer-provider-service-group-1, groupId=provider-service-group] Bootstrap broker localhost:9092 (id: -1 rack: null) disconnected
2026-05-23T05:11:51.801-05:00  INFO 6649 --- [provider-service] [org.springframework.kafka.KafkaListenerEndpointContainer#0-0-C-1] org.apache.kafka.clients.NetworkClient   : [Consumer clientId=consumer-provider-service-group-1, groupId=provider-service-group] Node -1 disconnected.
2026-05-23T05:11:51.801-05:00  WARN 6649 --- [provider-service] [org.springframework.kafka.KafkaListenerEndpointContainer#0-0-C-1] org.apache.kafka.clients.NetworkClient   : [Consumer clientId=consumer-provider-service-group-1, groupId=provider-service-group] Connection to node -1 (localhost/127.0.0.1:9092) could not be established. Broker may not be available.
2026-05-23T05:11:51.801-05:00  WARN 6649 --- [provider-service] [org.springframework.kafka.KafkaListenerEndpointContainer#0-0-C-1] org.apache.kafka.clients.NetworkClient   : [Consumer clientId=consumer-provider-service-group-1, groupId=provider-service-group] Bootstrap broker localhost:9092 (id: -1 rack: null) disconnected
2026-05-23T05:11:52.975-05:00  INFO 6649 --- [provider-service] [org.springframework.kafka.KafkaListenerEndpointContainer#0-0-C-1] org.apache.kafka.clients.NetworkClient   : [Consumer clientId=consumer-provider-service-group-1, groupId=provider-service-group] Node -1 disconnected.
2026-05-23T05:11:52.975-05:00  WARN 6649 --- [provider-service] [org.springframework.kafka.KafkaListenerEndpointContainer#0-0-C-1] org.apache.kafka.clients.NetworkClient   : [Consumer clientId=consumer-provider-service-group-1, groupId=provider-service-group] Connection to node -1 (localhost/127.0.0.1:9092) could not be established. Broker may not be available.
2026-05-23T05:11:52.975-05:00  WARN 6649 --- [provider-service] [org.springframework.kafka.KafkaListenerEndpointContainer#0-0-C-1] org.apache.kafka.clients.NetworkClient   : [Consumer clientId=consumer-provider-service-group-1, groupId=provider-service-group] Bootstrap broker localhost:9092 (id: -1 rack: null) disconnected
2026-05-23T05:11:53.944-05:00  INFO 6649 --- [provider-service] [org.springframework.kafka.KafkaListenerEndpointContainer#0-0-C-1] org.apache.kafka.clients.NetworkClient   : [Consumer clientId=consumer-provider-service-group-1, groupId=provider-service-group] Node -1 disconnected.
2026-05-23T05:11:53.944-05:00  WARN 6649 --- [provider-service] [org.springframework.kafka.KafkaListenerEndpointContainer#0-0-C-1] org.apache.kafka.clients.NetworkClient   : [Consumer clientId=consumer-provider-service-group-1, groupId=provider-service-group] Connection to node -1 (localhost/127.0.0.1:9092) could not be established. Broker may not be available.
2026-05-23T05:11:53.944-05:00  WARN 6649 --- [provider-service] [org.springframework.kafka.KafkaListenerEndpointContainer#0-0-C-1] org.apache.kafka.clients.NetworkClient   : [Consumer clientId=consumer-provider-service-group-1, groupId=provider-service-group] Bootstrap broker localhost:9092 (id: -1 rack: null) disconnected
2026-05-23T05:11:55.067-05:00  INFO 6649 --- [provider-service] [org.springframework.kafka.KafkaListenerEndpointContainer#0-0-C-1] org.apache.kafka.clients.NetworkClient   : [Consumer clientId=consumer-provider-service-group-1, groupId=provider-service-group] Node -1 disconnected.
2026-05-23T05:11:55.067-05:00  WARN 6649 --- [provider-service] [org.springframework.kafka.KafkaListenerEndpointContainer#0-0-C-1] org.apache.kafka.clients.NetworkClient   : [Consumer clientId=consumer-provider-service-group-1, groupId=provider-service-group] Connection to node -1 (localhost/127.0.0.1:9092) could not be established. Broker may not be available.
2026-05-23T05:11:55.067-05:00  WARN 6649 --- [provider-service] [org.springframework.kafka.KafkaListenerEndpointContainer#0-0-C-1] org.apache.kafka.clients.NetworkClient   : [Consumer clientId=consumer-provider-service-group-1, groupId=provider-service-group] Bootstrap broker localhost:9092 (id: -1 rack: null) disconnected
2026-05-23T05:11:56.189-05:00  INFO 6649 --- [provider-service] [org.springframework.kafka.KafkaListenerEndpointContainer#0-0-C-1] org.apache.kafka.clients.NetworkClient   : [Consumer clientId=consumer-provider-service-group-1, groupId=provider-service-group] Node -1 disconnected.
2026-05-23T05:11:56.189-05:00  WARN 6649 --- [provider-service] [org.springframework.kafka.KafkaListenerEndpointContainer#0-0-C-1] org.apache.kafka.clients.NetworkClient   : [Consumer clientId=consumer-provider-service-group-1, groupId=provider-service-group] Connection to node -1 (localhost/127.0.0.1:9092) could not be established. Broker may not be available.
2026-05-23T05:11:56.189-05:00  WARN 6649 --- [provider-service] [org.springframework.kafka.KafkaListenerEndpointContainer#0-0-C-1] org.apache.kafka.clients.NetworkClient   : [Consumer clientId=consumer-provider-service-group-1, groupId=provider-service-group] Bootstrap broker localhost:9092 (id: -1 rack: null) disconnected
2026-05-23T05:11:57.260-05:00  INFO 6649 --- [provider-service] [org.springframework.kafka.KafkaListenerEndpointContainer#0-0-C-1] org.apache.kafka.clients.NetworkClient   : [Consumer clientId=consumer-provider-service-group-1, groupId=provider-service-group] Node -1 disconnected.
2026-05-23T05:11:57.261-05:00  WARN 6649 --- [provider-service] [org.springframework.kafka.KafkaListenerEndpointContainer#0-0-C-1] org.apache.kafka.clients.NetworkClient   : [Consumer clientId=consumer-provider-service-group-1, groupId=provider-service-group] Connection to node -1 (localhost/127.0.0.1:9092) could not be established. Broker may not be available.
2026-05-23T05:11:57.261-05:00  WARN 6649 --- [provider-service] [org.springframework.kafka.KafkaListenerEndpointContainer#0-0-C-1] org.apache.kafka.clients.NetworkClient   : [Consumer clientId=consumer-provider-service-group-1, groupId=provider-service-group] Bootstrap broker localhost:9092 (id: -1 rack: null) disconnected
2026-05-23T05:11:58.178-05:00  INFO 6649 --- [provider-service] [org.springframework.kafka.KafkaListenerEndpointContainer#0-0-C-1] org.apache.kafka.clients.NetworkClient   : [Consumer clientId=consumer-provider-service-group-1, groupId=provider-service-group] Node -1 disconnected.
2026-05-23T05:11:58.178-05:00  WARN 6649 --- [provider-service] [org.springframework.kafka.KafkaListenerEndpointContainer#0-0-C-1] org.apache.kafka.clients.NetworkClient   : [Consumer clientId=consumer-provider-service-group-1, groupId=provider-service-group] Connection to node -1 (localhost/127.0.0.1:9092) could not be established. Broker may not be available.
2026-05-23T05:11:58.178-05:00  WARN 6649 --- [provider-service] [org.springframework.kafka.KafkaListenerEndpointContainer#0-0-C-1] org.apache.kafka.clients.NetworkClient   : [Consumer clientId=consumer-provider-service-group-1, groupId=provider-service-group] Bootstrap broker localhost:9092 (id: -1 rack: null) disconnected
2026-05-23T05:11:59.147-05:00  INFO 6649 --- [provider-service] [org.springframework.kafka.KafkaListenerEndpointContainer#0-0-C-1] org.apache.kafka.clients.NetworkClient   : [Consumer clientId=consumer-provider-service-group-1, groupId=provider-service-group] Node -1 disconnected.
2026-05-23T05:11:59.147-05:00  WARN 6649 --- [provider-service] [org.springframework.kafka.KafkaListenerEndpointContainer#0-0-C-1] org.apache.kafka.clients.NetworkClient   : [Consumer clientId=consumer-provider-service-group-1, groupId=provider-service-group] Connection to node -1 (localhost/127.0.0.1:9092) could not be established. Broker may not be available.
2026-05-23T05:11:59.147-05:00  WARN 6649 --- [provider-service] [org.springframework.kafka.KafkaListenerEndpointContainer#0-0-C-1] org.apache.kafka.clients.NetworkClient   : [Consumer clientId=consumer-provider-service-group-1, groupId=provider-service-group] Bootstrap broker localhost:9092 (id: -1 rack: null) disconnected
2026-05-23T05:12:00.170-05:00  INFO 6649 --- [provider-service] [org.springframework.kafka.KafkaListenerEndpointContainer#0-0-C-1] org.apache.kafka.clients.NetworkClient   : [Consumer clientId=consumer-provider-service-group-1, groupId=provider-service-group] Node -1 disconnected.
2026-05-23T05:12:00.170-05:00  WARN 6649 --- [provider-service] [org.springframework.kafka.KafkaListenerEndpointContainer#0-0-C-1] org.apache.kafka.clients.NetworkClient   : [Consumer clientId=consumer-provider-service-group-1, groupId=provider-service-group] Connection to node -1 (localhost/127.0.0.1:9092) could not be established. Broker may not be available.
2026-05-23T05:12:00.170-05:00  WARN 6649 --- [provider-service] [org.springframework.kafka.KafkaListenerEndpointContainer#0-0-C-1] org.apache.kafka.clients.NetworkClient   : [Consumer clientId=consumer-provider-service-group-1, groupId=provider-service-group] Bootstrap broker localhost:9092 (id: -1 rack: null) disconnected
2026-05-23T05:12:01.242-05:00  INFO 6649 --- [provider-service] [org.springframework.kafka.KafkaListenerEndpointContainer#0-0-C-1] org.apache.kafka.clients.NetworkClient   : [Consumer clientId=consumer-provider-service-group-1, groupId=provider-service-group] Node -1 disconnected.
2026-05-23T05:12:01.242-05:00  WARN 6649 --- [provider-service] [org.springframework.kafka.KafkaListenerEndpointContainer#0-0-C-1] org.apache.kafka.clients.NetworkClient   : [Consumer clientId=consumer-provider-service-group-1, groupId=provider-service-group] Connection to node -1 (localhost/127.0.0.1:9092) could not be established. Broker may not be available.
2026-05-23T05:12:01.242-05:00  WARN 6649 --- [provider-service] [org.springframework.kafka.KafkaListenerEndpointContainer#0-0-C-1] org.apache.kafka.clients.NetworkClient   : [Consumer clientId=consumer-provider-service-group-1, groupId=provider-service-group] Bootstrap broker localhost:9092 (id: -1 rack: null) disconnected
2026-05-23T05:12:02.160-05:00  INFO 6649 --- [provider-service] [org.springframework.kafka.KafkaListenerEndpointContainer#0-0-C-1] org.apache.kafka.clients.NetworkClient   : [Consumer clientId=consumer-provider-service-group-1, groupId=provider-service-group] Node -1 disconnected.
2026-05-23T05:12:02.160-05:00  WARN 6649 --- [provider-service] [org.springframework.kafka.KafkaListenerEndpointContainer#0-0-C-1] org.apache.kafka.clients.NetworkClient   : [Consumer clientId=consumer-provider-service-group-1, groupId=provider-service-group] Connection to node -1 (localhost/127.0.0.1:9092) could not be established. Broker may not be available.
2026-05-23T05:12:02.160-05:00  WARN 6649 --- [provider-service] [org.springframework.kafka.KafkaListenerEndpointContainer#0-0-C-1] org.apache.kafka.clients.NetworkClient   : [Consumer clientId=consumer-provider-service-group-1, groupId=provider-service-group] Bootstrap broker localhost:9092 (id: -1 rack: null) disconnected
2026-05-23T05:12:03.385-05:00  INFO 6649 --- [provider-service] [org.springframework.kafka.KafkaListenerEndpointContainer#0-0-C-1] org.apache.kafka.clients.NetworkClient   : [Consumer clientId=consumer-provider-service-group-1, groupId=provider-service-group] Node -1 disconnected.
2026-05-23T05:12:03.385-05:00  WARN 6649 --- [provider-service] [org.springframework.kafka.KafkaListenerEndpointContainer#0-0-C-1] org.apache.kafka.clients.NetworkClient   : [Consumer clientId=consumer-provider-service-group-1, groupId=provider-service-group] Connection to node -1 (localhost/127.0.0.1:9092) could not be established. Broker may not be available.
2026-05-23T05:12:03.385-05:00  WARN 6649 --- [provider-service] [org.springframework.kafka.KafkaListenerEndpointContainer#0-0-C-1] org.apache.kafka.clients.NetworkClient   : [Consumer clientId=consumer-provider-service-group-1, groupId=provider-service-group] Bootstrap broker localhost:9092 (id: -1 rack: null) disconnected
2026-05-23T05:12:04.609-05:00  INFO 6649 --- [provider-service] [org.springframework.kafka.KafkaListenerEndpointContainer#0-0-C-1] org.apache.kafka.clients.NetworkClient   : [Consumer clientId=consumer-provider-service-group-1, groupId=provider-service-group] Node -1 disconnected.
2026-05-23T05:12:04.609-05:00  WARN 6649 --- [provider-service] [org.springframework.kafka.KafkaListenerEndpointContainer#0-0-C-1] org.apache.kafka.clients.NetworkClient   : [Consumer clientId=consumer-provider-service-group-1, groupId=provider-service-group] Connection to node -1 (localhost/127.0.0.1:9092) could not be established. Broker may not be available.
2026-05-23T05:12:04.609-05:00  WARN 6649 --- [provider-service] [org.springframework.kafka.KafkaListenerEndpointContainer#0-0-C-1] org.apache.kafka.clients.NetworkClient   : [Consumer clientId=consumer-provider-service-group-1, groupId=provider-service-group] Bootstrap broker localhost:9092 (id: -1 rack: null) disconnected
2026-05-23T05:12:05.580-05:00  INFO 6649 --- [provider-service] [org.springframework.kafka.KafkaListenerEndpointContainer#0-0-C-1] org.apache.kafka.clients.NetworkClient   : [Consumer clientId=consumer-provider-service-group-1, groupId=provider-service-group] Node -1 disconnected.
2026-05-23T05:12:05.580-05:00  WARN 6649 --- [provider-service] [org.springframework.kafka.KafkaListenerEndpointContainer#0-0-C-1] org.apache.kafka.clients.NetworkClient   : [Consumer clientId=consumer-provider-service-group-1, groupId=provider-service-group] Connection to node -1 (localhost/127.0.0.1:9092) could not be established. Broker may not be available.
2026-05-23T05:12:05.580-05:00  WARN 6649 --- [provider-service] [org.springframework.kafka.KafkaListenerEndpointContainer#0-0-C-1] org.apache.kafka.clients.NetworkClient   : [Consumer clientId=consumer-provider-service-group-1, groupId=provider-service-group] Bootstrap broker localhost:9092 (id: -1 rack: null) disconnected
2026-05-23T05:12:06.549-05:00  INFO 6649 --- [provider-service] [org.springframework.kafka.KafkaListenerEndpointContainer#0-0-C-1] org.apache.kafka.clients.NetworkClient   : [Consumer clientId=consumer-provider-service-group-1, groupId=provider-service-group] Node -1 disconnected.
2026-05-23T05:12:06.549-05:00  WARN 6649 --- [provider-service] [org.springframework.kafka.KafkaListenerEndpointContainer#0-0-C-1] org.apache.kafka.clients.NetworkClient   : [Consumer clientId=consumer-provider-service-group-1, groupId=provider-service-group] Connection to node -1 (localhost/127.0.0.1:9092) could not be established. Broker may not be available.
2026-05-23T05:12:06.549-05:00  WARN 6649 --- [provider-service] [org.springframework.kafka.KafkaListenerEndpointContainer#0-0-C-1] org.apache.kafka.clients.NetworkClient   : [Consumer clientId=consumer-provider-service-group-1, groupId=provider-service-group] Bootstrap broker localhost:9092 (id: -1 rack: null) disconnected
2026-05-23T05:12:07.417-05:00  INFO 6649 --- [provider-service] [org.springframework.kafka.KafkaListenerEndpointContainer#0-0-C-1] org.apache.kafka.clients.NetworkClient   : [Consumer clientId=consumer-provider-service-group-1, groupId=provider-service-group] Node -1 disconnected.
2026-05-23T05:12:07.417-05:00  WARN 6649 --- [provider-service] [org.springframework.kafka.KafkaListenerEndpointContainer#0-0-C-1] org.apache.kafka.clients.NetworkClient   : [Consumer clientId=consumer-provider-service-group-1, groupId=provider-service-group] Connection to node -1 (localhost/127.0.0.1:9092) could not be established. Broker may not be available.
2026-05-23T05:12:07.417-05:00  WARN 6649 --- [provider-service] [org.springframework.kafka.KafkaListenerEndpointContainer#0-0-C-1] org.apache.kafka.clients.NetworkClient   : [Consumer clientId=consumer-provider-service-group-1, groupId=provider-service-group] Bootstrap broker localhost:9092 (id: -1 rack: null) disconnected
2026-05-23T05:12:08.488-05:00  INFO 6649 --- [provider-service] [org.springframework.kafka.KafkaListenerEndpointContainer#0-0-C-1] org.apache.kafka.clients.NetworkClient   : [Consumer clientId=consumer-provider-service-group-1, groupId=provider-service-group] Node -1 disconnected.
2026-05-23T05:12:08.488-05:00  WARN 6649 --- [provider-service] [org.springframework.kafka.KafkaListenerEndpointContainer#0-0-C-1] org.apache.kafka.clients.NetworkClient   : [Consumer clientId=consumer-provider-service-group-1, groupId=provider-service-group] Connection to node -1 (localhost/127.0.0.1:9092) could not be established. Broker may not be available.
2026-05-23T05:12:08.488-05:00  WARN 6649 --- [provider-service] [org.springframework.kafka.KafkaListenerEndpointContainer#0-0-C-1] org.apache.kafka.clients.NetworkClient   : [Consumer clientId=consumer-provider-service-group-1, groupId=provider-service-group] Bootstrap broker localhost:9092 (id: -1 rack: null) disconnected
2026-05-23T05:12:09.560-05:00  INFO 6649 --- [provider-service] [org.springframework.kafka.KafkaListenerEndpointContainer#0-0-C-1] org.apache.kafka.clients.NetworkClient   : [Consumer clientId=consumer-provider-service-group-1, groupId=provider-service-group] Node -1 disconnected.
2026-05-23T05:12:09.560-05:00  WARN 6649 --- [provider-service] [org.springframework.kafka.KafkaListenerEndpointContainer#0-0-C-1] org.apache.kafka.clients.NetworkClient   : [Consumer clientId=consumer-provider-service-group-1, groupId=provider-service-group] Connection to node -1 (localhost/127.0.0.1:9092) could not be established. Broker may not be available.
2026-05-23T05:12:09.560-05:00  WARN 6649 --- [provider-service] [org.springframework.kafka.KafkaListenerEndpointContainer#0-0-C-1] org.apache.kafka.clients.NetworkClient   : [Consumer clientId=consumer-provider-service-group-1, groupId=provider-service-group] Bootstrap broker localhost:9092 (id: -1 rack: null) disconnected
2026-05-23T05:12:10.631-05:00  INFO 6649 --- [provider-service] [org.springframework.kafka.KafkaListenerEndpointContainer#0-0-C-1] org.apache.kafka.clients.NetworkClient   : [Consumer clientId=consumer-provider-service-group-1, groupId=provider-service-group] Node -1 disconnected.
2026-05-23T05:12:10.631-05:00  WARN 6649 --- [provider-service] [org.springframework.kafka.KafkaListenerEndpointContainer#0-0-C-1] org.apache.kafka.clients.NetworkClient   : [Consumer clientId=consumer-provider-service-group-1, groupId=provider-service-group] Connection to node -1 (localhost/127.0.0.1:9092) could not be established. Broker may not be available.
2026-05-23T05:12:10.631-05:00  WARN 6649 --- [provider-service] [org.springframework.kafka.KafkaListenerEndpointContainer#0-0-C-1] org.apache.kafka.clients.NetworkClient   : [Consumer clientId=consumer-provider-service-group-1, groupId=provider-service-group] Bootstrap broker localhost:9092 (id: -1 rack: null) disconnected
2026-05-23T05:12:11.754-05:00  INFO 6649 --- [provider-service] [org.springframework.kafka.KafkaListenerEndpointContainer#0-0-C-1] org.apache.kafka.clients.NetworkClient   : [Consumer clientId=consumer-provider-service-group-1, groupId=provider-service-group] Node -1 disconnected.
2026-05-23T05:12:11.754-05:00  WARN 6649 --- [provider-service] [org.springframework.kafka.KafkaListenerEndpointContainer#0-0-C-1] org.apache.kafka.clients.NetworkClient   : [Consumer clientId=consumer-provider-service-group-1, groupId=provider-service-group] Connection to node -1 (localhost/127.0.0.1:9092) could not be established. Broker may not be available.
2026-05-23T05:12:11.754-05:00  WARN 6649 --- [provider-service] [org.springframework.kafka.KafkaListenerEndpointContainer#0-0-C-1] org.apache.kafka.clients.NetworkClient   : [Consumer clientId=consumer-provider-service-group-1, groupId=provider-service-group] Bootstrap broker localhost:9092 (id: -1 rack: null) disconnected
2026-05-23T05:12:12.928-05:00  INFO 6649 --- [provider-service] [org.springframework.kafka.KafkaListenerEndpointContainer#0-0-C-1] org.apache.kafka.clients.NetworkClient   : [Consumer clientId=consumer-provider-service-group-1, groupId=provider-service-group] Node -1 disconnected.
2026-05-23T05:12:12.928-05:00  WARN 6649 --- [provider-service] [org.springframework.kafka.KafkaListenerEndpointContainer#0-0-C-1] org.apache.kafka.clients.NetworkClient   : [Consumer clientId=consumer-provider-service-group-1, groupId=provider-service-group] Connection to node -1 (localhost/127.0.0.1:9092) could not be established. Broker may not be available.
2026-05-23T05:12:12.928-05:00  WARN 6649 --- [provider-service] [org.springframework.kafka.KafkaListenerEndpointContainer#0-0-C-1] org.apache.kafka.clients.NetworkClient   : [Consumer clientId=consumer-provider-service-group-1, groupId=provider-service-group] Bootstrap broker localhost:9092 (id: -1 rack: null) disconnected
2026-05-23T05:12:13.846-05:00  INFO 6649 --- [provider-service] [org.springframework.kafka.KafkaListenerEndpointContainer#0-0-C-1] org.apache.kafka.clients.NetworkClient   : [Consumer clientId=consumer-provider-service-group-1, groupId=provider-service-group] Node -1 disconnected.
2026-05-23T05:12:13.846-05:00  WARN 6649 --- [provider-service] [org.springframework.kafka.KafkaListenerEndpointContainer#0-0-C-1] org.apache.kafka.clients.NetworkClient   : [Consumer clientId=consumer-provider-service-group-1, groupId=provider-service-group] Connection to node -1 (localhost/127.0.0.1:9092) could not be established. Broker may not be available.
2026-05-23T05:12:13.846-05:00  WARN 6649 --- [provider-service] [org.springframework.kafka.KafkaListenerEndpointContainer#0-0-C-1] org.apache.kafka.clients.NetworkClient   : [Consumer clientId=consumer-provider-service-group-1, groupId=provider-service-group] Bootstrap broker localhost:9092 (id: -1 rack: null) disconnected
2026-05-23T05:12:14.713-05:00  INFO 6649 --- [provider-service] [org.springframework.kafka.KafkaListenerEndpointContainer#0-0-C-1] org.apache.kafka.clients.NetworkClient   : [Consumer clientId=consumer-provider-service-group-1, groupId=provider-service-group] Node -1 disconnected.
2026-05-23T05:12:14.713-05:00  WARN 6649 --- [provider-service] [org.springframework.kafka.KafkaListenerEndpointContainer#0-0-C-1] org.apache.kafka.clients.NetworkClient   : [Consumer clientId=consumer-provider-service-group-1, groupId=provider-service-group] Connection to node -1 (localhost/127.0.0.1:9092) could not be established. Broker may not be available.
2026-05-23T05:12:14.713-05:00  WARN 6649 --- [provider-service] [org.springframework.kafka.KafkaListenerEndpointContainer#0-0-C-1] org.apache.kafka.clients.NetworkClient   : [Consumer clientId=consumer-provider-service-group-1, groupId=provider-service-group] Bootstrap broker localhost:9092 (id: -1 rack: null) disconnected
2026-05-23T05:12:15.887-05:00  INFO 6649 --- [provider-service] [org.springframework.kafka.KafkaListenerEndpointContainer#0-0-C-1] org.apache.kafka.clients.NetworkClient   : [Consumer clientId=consumer-provider-service-group-1, groupId=provider-service-group] Node -1 disconnected.
2026-05-23T05:12:15.887-05:00  WARN 6649 --- [provider-service] [org.springframework.kafka.KafkaListenerEndpointContainer#0-0-C-1] org.apache.kafka.clients.NetworkClient   : [Consumer clientId=consumer-provider-service-group-1, groupId=provider-service-group] Connection to node -1 (localhost/127.0.0.1:9092) could not be established. Broker may not be available.
2026-05-23T05:12:15.887-05:00  WARN 6649 --- [provider-service] [org.springframework.kafka.KafkaListenerEndpointContainer#0-0-C-1] org.apache.kafka.clients.NetworkClient   : [Consumer clientId=consumer-provider-service-group-1, groupId=provider-service-group] Bootstrap broker localhost:9092 (id: -1 rack: null) disconnected
2026-05-23T05:12:16.959-05:00  INFO 6649 --- [provider-service] [org.springframework.kafka.KafkaListenerEndpointContainer#0-0-C-1] org.apache.kafka.clients.NetworkClient   : [Consumer clientId=consumer-provider-service-group-1, groupId=provider-service-group] Node -1 disconnected.
2026-05-23T05:12:16.959-05:00  WARN 6649 --- [provider-service] [org.springframework.kafka.KafkaListenerEndpointContainer#0-0-C-1] org.apache.kafka.clients.NetworkClient   : [Consumer clientId=consumer-provider-service-group-1, groupId=provider-service-group] Connection to node -1 (localhost/127.0.0.1:9092) could not be established. Broker may not be available.
2026-05-23T05:12:16.959-05:00  WARN 6649 --- [provider-service] [org.springframework.kafka.KafkaListenerEndpointContainer#0-0-C-1] org.apache.kafka.clients.NetworkClient   : [Consumer clientId=consumer-provider-service-group-1, groupId=provider-service-group] Bootstrap broker localhost:9092 (id: -1 rack: null) disconnected
2026-05-23T05:12:17.826-05:00  INFO 6649 --- [provider-service] [org.springframework.kafka.KafkaListenerEndpointContainer#0-0-C-1] org.apache.kafka.clients.NetworkClient   : [Consumer clientId=consumer-provider-service-group-1, groupId=provider-service-group] Node -1 disconnected.
2026-05-23T05:12:17.826-05:00  WARN 6649 --- [provider-service] [org.springframework.kafka.KafkaListenerEndpointContainer#0-0-C-1] org.apache.kafka.clients.NetworkClient   : [Consumer clientId=consumer-provider-service-group-1, groupId=provider-service-group] Connection to node -1 (localhost/127.0.0.1:9092) could not be established. Broker may not be available.
2026-05-23T05:12:17.826-05:00  WARN 6649 --- [provider-service] [org.springframework.kafka.KafkaListenerEndpointContainer#0-0-C-1] org.apache.kafka.clients.NetworkClient   : [Consumer clientId=consumer-provider-service-group-1, groupId=provider-service-group] Bootstrap broker localhost:9092 (id: -1 rack: null) disconnected
2026-05-23T05:12:19.000-05:00  INFO 6649 --- [provider-service] [org.springframework.kafka.KafkaListenerEndpointContainer#0-0-C-1] org.apache.kafka.clients.NetworkClient   : [Consumer clientId=consumer-provider-service-group-1, groupId=provider-service-group] Node -1 disconnected.
2026-05-23T05:12:19.000-05:00  WARN 6649 --- [provider-service] [org.springframework.kafka.KafkaListenerEndpointContainer#0-0-C-1] org.apache.kafka.clients.NetworkClient   : [Consumer clientId=consumer-provider-service-group-1, groupId=provider-service-group] Connection to node -1 (localhost/127.0.0.1:9092) could not be established. Broker may not be available.
2026-05-23T05:12:19.000-05:00  WARN 6649 --- [provider-service] [org.springframework.kafka.KafkaListenerEndpointContainer#0-0-C-1] org.apache.kafka.clients.NetworkClient   : [Consumer clientId=consumer-provider-service-group-1, groupId=provider-service-group] Bootstrap broker localhost:9092 (id: -1 rack: null) disconnected
2026-05-23T05:12:20.071-05:00  INFO 6649 --- [provider-service] [org.springframework.kafka.KafkaListenerEndpointContainer#0-0-C-1] org.apache.kafka.clients.NetworkClient   : [Consumer clientId=consumer-provider-service-group-1, groupId=provider-service-group] Node -1 disconnected.
2026-05-23T05:12:20.071-05:00  WARN 6649 --- [provider-service] [org.springframework.kafka.KafkaListenerEndpointContainer#0-0-C-1] org.apache.kafka.clients.NetworkClient   : [Consumer clientId=consumer-provider-service-group-1, groupId=provider-service-group] Connection to node -1 (localhost/127.0.0.1:9092) could not be established. Broker may not be available.
2026-05-23T05:12:20.071-05:00  WARN 6649 --- [provider-service] [org.springframework.kafka.KafkaListenerEndpointContainer#0-0-C-1] org.apache.kafka.clients.NetworkClient   : [Consumer clientId=consumer-provider-service-group-1, groupId=provider-service-group] Bootstrap broker localhost:9092 (id: -1 rack: null) disconnected
2026-05-23T05:12:21.194-05:00  INFO 6649 --- [provider-service] [org.springframework.kafka.KafkaListenerEndpointContainer#0-0-C-1] org.apache.kafka.clients.NetworkClient   : [Consumer clientId=consumer-provider-service-group-1, groupId=provider-service-group] Node -1 disconnected.
2026-05-23T05:12:21.195-05:00  WARN 6649 --- [provider-service] [org.springframework.kafka.KafkaListenerEndpointContainer#0-0-C-1] org.apache.kafka.clients.NetworkClient   : [Consumer clientId=consumer-provider-service-group-1, groupId=provider-service-group] Connection to node -1 (localhost/127.0.0.1:9092) could not be established. Broker may not be available.
2026-05-23T05:12:21.195-05:00  WARN 6649 --- [provider-service] [org.springframework.kafka.KafkaListenerEndpointContainer#0-0-C-1] org.apache.kafka.clients.NetworkClient   : [Consumer clientId=consumer-provider-service-group-1, groupId=provider-service-group] Bootstrap broker localhost:9092 (id: -1 rack: null) disconnected
2026-05-23T05:12:22.061-05:00  INFO 6649 --- [provider-service] [org.springframework.kafka.KafkaListenerEndpointContainer#0-0-C-1] org.apache.kafka.clients.NetworkClient   : [Consumer clientId=consumer-provider-service-group-1, groupId=provider-service-group] Node -1 disconnected.
2026-05-23T05:12:22.061-05:00  WARN 6649 --- [provider-service] [org.springframework.kafka.KafkaListenerEndpointContainer#0-0-C-1] org.apache.kafka.clients.NetworkClient   : [Consumer clientId=consumer-provider-service-group-1, groupId=provider-service-group] Connection to node -1 (localhost/127.0.0.1:9092) could not be established. Broker may not be available.
2026-05-23T05:12:22.061-05:00  WARN 6649 --- [provider-service] [org.springframework.kafka.KafkaListenerEndpointContainer#0-0-C-1] org.apache.kafka.clients.NetworkClient   : [Consumer clientId=consumer-provider-service-group-1, groupId=provider-service-group] Bootstrap broker localhost:9092 (id: -1 rack: null) disconnected
2026-05-23T05:12:23.080-05:00  INFO 6649 --- [provider-service] [org.springframework.kafka.KafkaListenerEndpointContainer#0-0-C-1] org.apache.kafka.clients.NetworkClient   : [Consumer clientId=consumer-provider-service-group-1, groupId=provider-service-group] Node -1 disconnected.
2026-05-23T05:12:23.080-05:00  WARN 6649 --- [provider-service] [org.springframework.kafka.KafkaListenerEndpointContainer#0-0-C-1] org.apache.kafka.clients.NetworkClient   : [Consumer clientId=consumer-provider-service-group-1, groupId=provider-service-group] Connection to node -1 (localhost/127.0.0.1:9092) could not be established. Broker may not be available.
2026-05-23T05:12:23.080-05:00  WARN 6649 --- [provider-service] [org.springframework.kafka.KafkaListenerEndpointContainer#0-0-C-1] org.apache.kafka.clients.NetworkClient   : [Consumer clientId=consumer-provider-service-group-1, groupId=provider-service-group] Bootstrap broker localhost:9092 (id: -1 rack: null) disconnected
2026-05-23T05:12:23.947-05:00  INFO 6649 --- [provider-service] [org.springframework.kafka.KafkaListenerEndpointContainer#0-0-C-1] org.apache.kafka.clients.NetworkClient   : [Consumer clientId=consumer-provider-service-group-1, groupId=provider-service-group] Node -1 disconnected.
2026-05-23T05:12:23.947-05:00  WARN 6649 --- [provider-service] [org.springframework.kafka.KafkaListenerEndpointContainer#0-0-C-1] org.apache.kafka.clients.NetworkClient   : [Consumer clientId=consumer-provider-service-group-1, groupId=provider-service-group] Connection to node -1 (localhost/127.0.0.1:9092) could not be established. Broker may not be available.
2026-05-23T05:12:23.947-05:00  WARN 6649 --- [provider-service] [org.springframework.kafka.KafkaListenerEndpointContainer#0-0-C-1] org.apache.kafka.clients.NetworkClient   : [Consumer clientId=consumer-provider-service-group-1, groupId=provider-service-group] Bootstrap broker localhost:9092 (id: -1 rack: null) disconnected
2026-05-23T05:12:25.020-05:00  INFO 6649 --- [provider-service] [org.springframework.kafka.KafkaListenerEndpointContainer#0-0-C-1] org.apache.kafka.clients.NetworkClient   : [Consumer clientId=consumer-provider-service-group-1, groupId=provider-service-group] Node -1 disconnected.
2026-05-23T05:12:25.020-05:00  WARN 6649 --- [provider-service] [org.springframework.kafka.KafkaListenerEndpointContainer#0-0-C-1] org.apache.kafka.clients.NetworkClient   : [Consumer clientId=consumer-provider-service-group-1, groupId=provider-service-group] Connection to node -1 (localhost/127.0.0.1:9092) could not be established. Broker may not be available.
2026-05-23T05:12:25.020-05:00  WARN 6649 --- [provider-service] [org.springframework.kafka.KafkaListenerEndpointContainer#0-0-C-1] org.apache.kafka.clients.NetworkClient   : [Consumer clientId=consumer-provider-service-group-1, groupId=provider-service-group] Bootstrap broker localhost:9092 (id: -1 rack: null) disconnected
2026-05-23T05:12:25.887-05:00  INFO 6649 --- [provider-service] [org.springframework.kafka.KafkaListenerEndpointContainer#0-0-C-1] org.apache.kafka.clients.NetworkClient   : [Consumer clientId=consumer-provider-service-group-1, groupId=provider-service-group] Node -1 disconnected.
2026-05-23T05:12:25.887-05:00  WARN 6649 --- [provider-service] [org.springframework.kafka.KafkaListenerEndpointContainer#0-0-C-1] org.apache.kafka.clients.NetworkClient   : [Consumer clientId=consumer-provider-service-group-1, groupId=provider-service-group] Connection to node -1 (localhost/127.0.0.1:9092) could not be established. Broker may not be available.
2026-05-23T05:12:25.887-05:00  WARN 6649 --- [provider-service] [org.springframework.kafka.KafkaListenerEndpointContainer#0-0-C-1] org.apache.kafka.clients.NetworkClient   : [Consumer clientId=consumer-provider-service-group-1, groupId=provider-service-group] Bootstrap broker localhost:9092 (id: -1 rack: null) disconnected
2026-05-23T05:12:26.703-05:00  INFO 6649 --- [provider-service] [org.springframework.kafka.KafkaListenerEndpointContainer#0-0-C-1] org.apache.kafka.clients.NetworkClient   : [Consumer clientId=consumer-provider-service-group-1, groupId=provider-service-group] Node -1 disconnected.
2026-05-23T05:12:26.703-05:00  WARN 6649 --- [provider-service] [org.springframework.kafka.KafkaListenerEndpointContainer#0-0-C-1] org.apache.kafka.clients.NetworkClient   : [Consumer clientId=consumer-provider-service-group-1, groupId=provider-service-group] Connection to node -1 (localhost/127.0.0.1:9092) could not be established. Broker may not be available.
2026-05-23T05:12:26.703-05:00  WARN 6649 --- [provider-service] [org.springframework.kafka.KafkaListenerEndpointContainer#0-0-C-1] org.apache.kafka.clients.NetworkClient   : [Consumer clientId=consumer-provider-service-group-1, groupId=provider-service-group] Bootstrap broker localhost:9092 (id: -1 rack: null) disconnected
2026-05-23T05:12:27.622-05:00  INFO 6649 --- [provider-service] [org.springframework.kafka.KafkaListenerEndpointContainer#0-0-C-1] org.apache.kafka.clients.NetworkClient   : [Consumer clientId=consumer-provider-service-group-1, groupId=provider-service-group] Node -1 disconnected.
2026-05-23T05:12:27.622-05:00  WARN 6649 --- [provider-service] [org.springframework.kafka.KafkaListenerEndpointContainer#0-0-C-1] org.apache.kafka.clients.NetworkClient   : [Consumer clientId=consumer-provider-service-group-1, groupId=provider-service-group] Connection to node -1 (localhost/127.0.0.1:9092) could not be established. Broker may not be available.
2026-05-23T05:12:27.622-05:00  WARN 6649 --- [provider-service] [org.springframework.kafka.KafkaListenerEndpointContainer#0-0-C-1] org.apache.kafka.clients.NetworkClient   : [Consumer clientId=consumer-provider-service-group-1, groupId=provider-service-group] Bootstrap broker localhost:9092 (id: -1 rack: null) disconnected
2026-05-23T05:12:28.642-05:00  INFO 6649 --- [provider-service] [org.springframework.kafka.KafkaListenerEndpointContainer#0-0-C-1] org.apache.kafka.clients.NetworkClient   : [Consumer clientId=consumer-provider-service-group-1, groupId=provider-service-group] Node -1 disconnected.
2026-05-23T05:12:28.643-05:00  WARN 6649 --- [provider-service] [org.springframework.kafka.KafkaListenerEndpointContainer#0-0-C-1] org.apache.kafka.clients.NetworkClient   : [Consumer clientId=consumer-provider-service-group-1, groupId=provider-service-group] Connection to node -1 (localhost/127.0.0.1:9092) could not be established. Broker may not be available.
2026-05-23T05:12:28.643-05:00  WARN 6649 --- [provider-service] [org.springframework.kafka.KafkaListenerEndpointContainer#0-0-C-1] org.apache.kafka.clients.NetworkClient   : [Consumer clientId=consumer-provider-service-group-1, groupId=provider-service-group] Bootstrap broker localhost:9092 (id: -1 rack: null) disconnected
2026-05-23T05:12:29.509-05:00  INFO 6649 --- [provider-service] [org.springframework.kafka.KafkaListenerEndpointContainer#0-0-C-1] org.apache.kafka.clients.NetworkClient   : [Consumer clientId=consumer-provider-service-group-1, groupId=provider-service-group] Node -1 disconnected.
2026-05-23T05:12:29.509-05:00  WARN 6649 --- [provider-service] [org.springframework.kafka.KafkaListenerEndpointContainer#0-0-C-1] org.apache.kafka.clients.NetworkClient   : [Consumer clientId=consumer-provider-service-group-1, groupId=provider-service-group] Connection to node -1 (localhost/127.0.0.1:9092) could not be established. Broker may not be available.
2026-05-23T05:12:29.509-05:00  WARN 6649 --- [provider-service] [org.springframework.kafka.KafkaListenerEndpointContainer#0-0-C-1] org.apache.kafka.clients.NetworkClient   : [Consumer clientId=consumer-provider-service-group-1, groupId=provider-service-group] Bootstrap broker localhost:9092 (id: -1 rack: null) disconnected
2026-05-23T05:12:30.684-05:00  INFO 6649 --- [provider-service] [org.springframework.kafka.KafkaListenerEndpointContainer#0-0-C-1] org.apache.kafka.clients.NetworkClient   : [Consumer clientId=consumer-provider-service-group-1, groupId=provider-service-group] Node -1 disconnected.
2026-05-23T05:12:30.685-05:00  WARN 6649 --- [provider-service] [org.springframework.kafka.KafkaListenerEndpointContainer#0-0-C-1] org.apache.kafka.clients.NetworkClient   : [Consumer clientId=consumer-provider-service-group-1, groupId=provider-service-group] Connection to node -1 (localhost/127.0.0.1:9092) could not be established. Broker may not be available.
2026-05-23T05:12:30.685-05:00  WARN 6649 --- [provider-service] [org.springframework.kafka.KafkaListenerEndpointContainer#0-0-C-1] org.apache.kafka.clients.NetworkClient   : [Consumer clientId=consumer-provider-service-group-1, groupId=provider-service-group] Bootstrap broker localhost:9092 (id: -1 rack: null) disconnected
2026-05-23T05:12:31.755-05:00  INFO 6649 --- [provider-service] [org.springframework.kafka.KafkaListenerEndpointContainer#0-0-C-1] org.apache.kafka.clients.NetworkClient   : [Consumer clientId=consumer-provider-service-group-1, groupId=provider-service-group] Node -1 disconnected.
2026-05-23T05:12:31.756-05:00  WARN 6649 --- [provider-service] [org.springframework.kafka.KafkaListenerEndpointContainer#0-0-C-1] org.apache.kafka.clients.NetworkClient   : [Consumer clientId=consumer-provider-service-group-1, groupId=provider-service-group] Connection to node -1 (localhost/127.0.0.1:9092) could not be established. Broker may not be available.
2026-05-23T05:12:31.756-05:00  WARN 6649 --- [provider-service] [org.springframework.kafka.KafkaListenerEndpointContainer#0-0-C-1] org.apache.kafka.clients.NetworkClient   : [Consumer clientId=consumer-provider-service-group-1, groupId=provider-service-group] Bootstrap broker localhost:9092 (id: -1 rack: null) disconnected
2026-05-23T05:12:32.777-05:00  INFO 6649 --- [provider-service] [org.springframework.kafka.KafkaListenerEndpointContainer#0-0-C-1] org.apache.kafka.clients.NetworkClient   : [Consumer clientId=consumer-provider-service-group-1, groupId=provider-service-group] Node -1 disconnected.
2026-05-23T05:12:32.778-05:00  WARN 6649 --- [provider-service] [org.springframework.kafka.KafkaListenerEndpointContainer#0-0-C-1] org.apache.kafka.clients.NetworkClient   : [Consumer clientId=consumer-provider-service-group-1, groupId=provider-service-group] Connection to node -1 (localhost/127.0.0.1:9092) could not be established. Broker may not be available.
2026-05-23T05:12:32.778-05:00  WARN 6649 --- [provider-service] [org.springframework.kafka.KafkaListenerEndpointContainer#0-0-C-1] org.apache.kafka.clients.NetworkClient   : [Consumer clientId=consumer-provider-service-group-1, groupId=provider-service-group] Bootstrap broker localhost:9092 (id: -1 rack: null) disconnected
2026-05-23T05:12:33.647-05:00  INFO 6649 --- [provider-service] [org.springframework.kafka.KafkaListenerEndpointContainer#0-0-C-1] org.apache.kafka.clients.NetworkClient   : [Consumer clientId=consumer-provider-service-group-1, groupId=provider-service-group] Node -1 disconnected.
2026-05-23T05:12:33.647-05:00  WARN 6649 --- [provider-service] [org.springframework.kafka.KafkaListenerEndpointContainer#0-0-C-1] org.apache.kafka.clients.NetworkClient   : [Consumer clientId=consumer-provider-service-group-1, groupId=provider-service-group] Connection to node -1 (localhost/127.0.0.1:9092) could not be established. Broker may not be available.
2026-05-23T05:12:33.647-05:00  WARN 6649 --- [provider-service] [org.springframework.kafka.KafkaListenerEndpointContainer#0-0-C-1] org.apache.kafka.clients.NetworkClient   : [Consumer clientId=consumer-provider-service-group-1, groupId=provider-service-group] Bootstrap broker localhost:9092 (id: -1 rack: null) disconnected
2026-05-23T05:12:34.516-05:00  INFO 6649 --- [provider-service] [org.springframework.kafka.KafkaListenerEndpointContainer#0-0-C-1] org.apache.kafka.clients.NetworkClient   : [Consumer clientId=consumer-provider-service-group-1, groupId=provider-service-group] Node -1 disconnected.
2026-05-23T05:12:34.517-05:00  WARN 6649 --- [provider-service] [org.springframework.kafka.KafkaListenerEndpointContainer#0-0-C-1] org.apache.kafka.clients.NetworkClient   : [Consumer clientId=consumer-provider-service-group-1, groupId=provider-service-group] Connection to node -1 (localhost/127.0.0.1:9092) could not be established. Broker may not be available.
2026-05-23T05:12:34.517-05:00  WARN 6649 --- [provider-service] [org.springframework.kafka.KafkaListenerEndpointContainer#0-0-C-1] org.apache.kafka.clients.NetworkClient   : [Consumer clientId=consumer-provider-service-group-1, groupId=provider-service-group] Bootstrap broker localhost:9092 (id: -1 rack: null) disconnected
2026-05-23T05:12:35.739-05:00  INFO 6649 --- [provider-service] [org.springframework.kafka.KafkaListenerEndpointContainer#0-0-C-1] org.apache.kafka.clients.NetworkClient   : [Consumer clientId=consumer-provider-service-group-1, groupId=provider-service-group] Node -1 disconnected.
2026-05-23T05:12:35.740-05:00  WARN 6649 --- [provider-service] [org.springframework.kafka.KafkaListenerEndpointContainer#0-0-C-1] org.apache.kafka.clients.NetworkClient   : [Consumer clientId=consumer-provider-service-group-1, groupId=provider-service-group] Connection to node -1 (localhost/127.0.0.1:9092) could not be established. Broker may not be available.
2026-05-23T05:12:35.740-05:00  WARN 6649 --- [provider-service] [org.springframework.kafka.KafkaListenerEndpointContainer#0-0-C-1] org.apache.kafka.clients.NetworkClient   : [Consumer clientId=consumer-provider-service-group-1, groupId=provider-service-group] Bootstrap broker localhost:9092 (id: -1 rack: null) disconnected
2026-05-23T05:12:36.863-05:00  INFO 6649 --- [provider-service] [org.springframework.kafka.KafkaListenerEndpointContainer#0-0-C-1] org.apache.kafka.clients.NetworkClient   : [Consumer clientId=consumer-provider-service-group-1, groupId=provider-service-group] Node -1 disconnected.
2026-05-23T05:12:36.863-05:00  WARN 6649 --- [provider-service] [org.springframework.kafka.KafkaListenerEndpointContainer#0-0-C-1] org.apache.kafka.clients.NetworkClient   : [Consumer clientId=consumer-provider-service-group-1, groupId=provider-service-group] Connection to node -1 (localhost/127.0.0.1:9092) could not be established. Broker may not be available.
2026-05-23T05:12:36.863-05:00  WARN 6649 --- [provider-service] [org.springframework.kafka.KafkaListenerEndpointContainer#0-0-C-1] org.apache.kafka.clients.NetworkClient   : [Consumer clientId=consumer-provider-service-group-1, groupId=provider-service-group] Bootstrap broker localhost:9092 (id: -1 rack: null) disconnected
2026-05-23T05:12:37.986-05:00  INFO 6649 --- [provider-service] [org.springframework.kafka.KafkaListenerEndpointContainer#0-0-C-1] org.apache.kafka.clients.NetworkClient   : [Consumer clientId=consumer-provider-service-group-1, groupId=provider-service-group] Node -1 disconnected.
2026-05-23T05:12:37.986-05:00  WARN 6649 --- [provider-service] [org.springframework.kafka.KafkaListenerEndpointContainer#0-0-C-1] org.apache.kafka.clients.NetworkClient   : [Consumer clientId=consumer-provider-service-group-1, groupId=provider-service-group] Connection to node -1 (localhost/127.0.0.1:9092) could not be established. Broker may not be available.
2026-05-23T05:12:37.986-05:00  WARN 6649 --- [provider-service] [org.springframework.kafka.KafkaListenerEndpointContainer#0-0-C-1] org.apache.kafka.clients.NetworkClient   : [Consumer clientId=consumer-provider-service-group-1, groupId=provider-service-group] Bootstrap broker localhost:9092 (id: -1 rack: null) disconnected
2026-05-23T05:12:39.212-05:00  INFO 6649 --- [provider-service] [org.springframework.kafka.KafkaListenerEndpointContainer#0-0-C-1] org.apache.kafka.clients.NetworkClient   : [Consumer clientId=consumer-provider-service-group-1, groupId=provider-service-group] Node -1 disconnected.
2026-05-23T05:12:39.213-05:00  WARN 6649 --- [provider-service] [org.springframework.kafka.KafkaListenerEndpointContainer#0-0-C-1] org.apache.kafka.clients.NetworkClient   : [Consumer clientId=consumer-provider-service-group-1, groupId=provider-service-group] Connection to node -1 (localhost/127.0.0.1:9092) could not be established. Broker may not be available.
2026-05-23T05:12:39.213-05:00  WARN 6649 --- [provider-service] [org.springframework.kafka.KafkaListenerEndpointContainer#0-0-C-1] org.apache.kafka.clients.NetworkClient   : [Consumer clientId=consumer-provider-service-group-1, groupId=provider-service-group] Bootstrap broker localhost:9092 (id: -1 rack: null) disconnected
2026-05-23T05:12:40.281-05:00  INFO 6649 --- [provider-service] [org.springframework.kafka.KafkaListenerEndpointContainer#0-0-C-1] org.apache.kafka.clients.NetworkClient   : [Consumer clientId=consumer-provider-service-group-1, groupId=provider-service-group] Node -1 disconnected.
2026-05-23T05:12:40.281-05:00  WARN 6649 --- [provider-service] [org.springframework.kafka.KafkaListenerEndpointContainer#0-0-C-1] org.apache.kafka.clients.NetworkClient   : [Consumer clientId=consumer-provider-service-group-1, groupId=provider-service-group] Connection to node -1 (localhost/127.0.0.1:9092) could not be established. Broker may not be available.
2026-05-23T05:12:40.282-05:00  WARN 6649 --- [provider-service] [org.springframework.kafka.KafkaListenerEndpointContainer#0-0-C-1] org.apache.kafka.clients.NetworkClient   : [Consumer clientId=consumer-provider-service-group-1, groupId=provider-service-group] Bootstrap broker localhost:9092 (id: -1 rack: null) disconnected
2026-05-23T05:12:41.352-05:00  INFO 6649 --- [provider-service] [org.springframework.kafka.KafkaListenerEndpointContainer#0-0-C-1] org.apache.kafka.clients.NetworkClient   : [Consumer clientId=consumer-provider-service-group-1, groupId=provider-service-group] Node -1 disconnected.
2026-05-23T05:12:41.352-05:00  WARN 6649 --- [provider-service] [org.springframework.kafka.KafkaListenerEndpointContainer#0-0-C-1] org.apache.kafka.clients.NetworkClient   : [Consumer clientId=consumer-provider-service-group-1, groupId=provider-service-group] Connection to node -1 (localhost/127.0.0.1:9092) could not be established. Broker may not be available.
2026-05-23T05:12:41.353-05:00  WARN 6649 --- [provider-service] [org.springframework.kafka.KafkaListenerEndpointContainer#0-0-C-1] org.apache.kafka.clients.NetworkClient   : [Consumer clientId=consumer-provider-service-group-1, groupId=provider-service-group] Bootstrap broker localhost:9092 (id: -1 rack: null) disconnected
2026-05-23T05:12:42.578-05:00  INFO 6649 --- [provider-service] [org.springframework.kafka.KafkaListenerEndpointContainer#0-0-C-1] org.apache.kafka.clients.NetworkClient   : [Consumer clientId=consumer-provider-service-group-1, groupId=provider-service-group] Node -1 disconnected.
2026-05-23T05:12:42.579-05:00  WARN 6649 --- [provider-service] [org.springframework.kafka.KafkaListenerEndpointContainer#0-0-C-1] org.apache.kafka.clients.NetworkClient   : [Consumer clientId=consumer-provider-service-group-1, groupId=provider-service-group] Connection to node -1 (localhost/127.0.0.1:9092) could not be established. Broker may not be available.
2026-05-23T05:12:42.579-05:00  WARN 6649 --- [provider-service] [org.springframework.kafka.KafkaListenerEndpointContainer#0-0-C-1] org.apache.kafka.clients.NetworkClient   : [Consumer clientId=consumer-provider-service-group-1, groupId=provider-service-group] Bootstrap broker localhost:9092 (id: -1 rack: null) disconnected
2026-05-23T05:12:43.599-05:00  INFO 6649 --- [provider-service] [org.springframework.kafka.KafkaListenerEndpointContainer#0-0-C-1] org.apache.kafka.clients.NetworkClient   : [Consumer clientId=consumer-provider-service-group-1, groupId=provider-service-group] Node -1 disconnected.
2026-05-23T05:12:43.600-05:00  WARN 6649 --- [provider-service] [org.springframework.kafka.KafkaListenerEndpointContainer#0-0-C-1] org.apache.kafka.clients.NetworkClient   : [Consumer clientId=consumer-provider-service-group-1, groupId=provider-service-group] Connection to node -1 (localhost/127.0.0.1:9092) could not be established. Broker may not be available.
2026-05-23T05:12:43.600-05:00  WARN 6649 --- [provider-service] [org.springframework.kafka.KafkaListenerEndpointContainer#0-0-C-1] org.apache.kafka.clients.NetworkClient   : [Consumer clientId=consumer-provider-service-group-1, groupId=provider-service-group] Bootstrap broker localhost:9092 (id: -1 rack: null) disconnected
2026-05-23T05:12:44.581-05:00  INFO 6649 --- [provider-service] [org.springframework.kafka.KafkaListenerEndpointContainer#0-0-C-1] org.apache.kafka.clients.NetworkClient   : [Consumer clientId=consumer-provider-service-group-1, groupId=provider-service-group] Node -1 disconnected.
2026-05-23T05:12:44.581-05:00  WARN 6649 --- [provider-service] [org.springframework.kafka.KafkaListenerEndpointContainer#0-0-C-1] org.apache.kafka.clients.NetworkClient   : [Consumer clientId=consumer-provider-service-group-1, groupId=provider-service-group] Connection to node -1 (localhost/127.0.0.1:9092) could not be established. Broker may not be available.
2026-05-23T05:12:44.581-05:00  WARN 6649 --- [provider-service] [org.springframework.kafka.KafkaListenerEndpointContainer#0-0-C-1] org.apache.kafka.clients.NetworkClient   : [Consumer clientId=consumer-provider-service-group-1, groupId=provider-service-group] Bootstrap broker localhost:9092 (id: -1 rack: null) disconnected
2026-05-23T05:12:45.441-05:00  INFO 6649 --- [provider-service] [org.springframework.kafka.KafkaListenerEndpointContainer#0-0-C-1] org.apache.kafka.clients.NetworkClient   : [Consumer clientId=consumer-provider-service-group-1, groupId=provider-service-group] Node -1 disconnected.
2026-05-23T05:12:45.441-05:00  WARN 6649 --- [provider-service] [org.springframework.kafka.KafkaListenerEndpointContainer#0-0-C-1] org.apache.kafka.clients.NetworkClient   : [Consumer clientId=consumer-provider-service-group-1, groupId=provider-service-group] Connection to node -1 (localhost/127.0.0.1:9092) could not be established. Broker may not be available.
2026-05-23T05:12:45.441-05:00  WARN 6649 --- [provider-service] [org.springframework.kafka.KafkaListenerEndpointContainer#0-0-C-1] org.apache.kafka.clients.NetworkClient   : [Consumer clientId=consumer-provider-service-group-1, groupId=provider-service-group] Bootstrap broker localhost:9092 (id: -1 rack: null) disconnected
2026-05-23T05:12:46.566-05:00  INFO 6649 --- [provider-service] [org.springframework.kafka.KafkaListenerEndpointContainer#0-0-C-1] org.apache.kafka.clients.NetworkClient   : [Consumer clientId=consumer-provider-service-group-1, groupId=provider-service-group] Node -1 disconnected.
2026-05-23T05:12:46.567-05:00  WARN 6649 --- [provider-service] [org.springframework.kafka.KafkaListenerEndpointContainer#0-0-C-1] org.apache.kafka.clients.NetworkClient   : [Consumer clientId=consumer-provider-service-group-1, groupId=provider-service-group] Connection to node -1 (localhost/127.0.0.1:9092) could not be established. Broker may not be available.
2026-05-23T05:12:46.567-05:00  WARN 6649 --- [provider-service] [org.springframework.kafka.KafkaListenerEndpointContainer#0-0-C-1] org.apache.kafka.clients.NetworkClient   : [Consumer clientId=consumer-provider-service-group-1, groupId=provider-service-group] Bootstrap broker localhost:9092 (id: -1 rack: null) disconnected
2026-05-23T05:12:47.536-05:00  INFO 6649 --- [provider-service] [org.springframework.kafka.KafkaListenerEndpointContainer#0-0-C-1] org.apache.kafka.clients.NetworkClient   : [Consumer clientId=consumer-provider-service-group-1, groupId=provider-service-group] Node -1 disconnected.
2026-05-23T05:12:47.536-05:00  WARN 6649 --- [provider-service] [org.springframework.kafka.KafkaListenerEndpointContainer#0-0-C-1] org.apache.kafka.clients.NetworkClient   : [Consumer clientId=consumer-provider-service-group-1, groupId=provider-service-group] Connection to node -1 (localhost/127.0.0.1:9092) could not be established. Broker may not be available.
2026-05-23T05:12:47.536-05:00  WARN 6649 --- [provider-service] [org.springframework.kafka.KafkaListenerEndpointContainer#0-0-C-1] org.apache.kafka.clients.NetworkClient   : [Consumer clientId=consumer-provider-service-group-1, groupId=provider-service-group] Bootstrap broker localhost:9092 (id: -1 rack: null) disconnected
2026-05-23T05:12:48.710-05:00  INFO 6649 --- [provider-service] [org.springframework.kafka.KafkaListenerEndpointContainer#0-0-C-1] org.apache.kafka.clients.NetworkClient   : [Consumer clientId=consumer-provider-service-group-1, groupId=provider-service-group] Node -1 disconnected.
2026-05-23T05:12:48.710-05:00  WARN 6649 --- [provider-service] [org.springframework.kafka.KafkaListenerEndpointContainer#0-0-C-1] org.apache.kafka.clients.NetworkClient   : [Consumer clientId=consumer-provider-service-group-1, groupId=provider-service-group] Connection to node -1 (localhost/127.0.0.1:9092) could not be established. Broker may not be available.
2026-05-23T05:12:48.710-05:00  WARN 6649 --- [provider-service] [org.springframework.kafka.KafkaListenerEndpointContainer#0-0-C-1] org.apache.kafka.clients.NetworkClient   : [Consumer clientId=consumer-provider-service-group-1, groupId=provider-service-group] Bootstrap broker localhost:9092 (id: -1 rack: null) disconnected
2026-05-23T05:12:49.721-05:00  INFO 6649 --- [provider-service] [org.springframework.kafka.KafkaListenerEndpointContainer#0-0-C-1] org.apache.kafka.clients.NetworkClient   : [Consumer clientId=consumer-provider-service-group-1, groupId=provider-service-group] Node -1 disconnected.
2026-05-23T05:12:49.721-05:00  WARN 6649 --- [provider-service] [org.springframework.kafka.KafkaListenerEndpointContainer#0-0-C-1] org.apache.kafka.clients.NetworkClient   : [Consumer clientId=consumer-provider-service-group-1, groupId=provider-service-group] Connection to node -1 (localhost/127.0.0.1:9092) could not be established. Broker may not be available.
2026-05-23T05:12:49.721-05:00  WARN 6649 --- [provider-service] [org.springframework.kafka.KafkaListenerEndpointContainer#0-0-C-1] org.apache.kafka.clients.NetworkClient   : [Consumer clientId=consumer-provider-service-group-1, groupId=provider-service-group] Bootstrap broker localhost:9092 (id: -1 rack: null) disconnected
2026-05-23T05:12:50.844-05:00  INFO 6649 --- [provider-service] [org.springframework.kafka.KafkaListenerEndpointContainer#0-0-C-1] org.apache.kafka.clients.NetworkClient   : [Consumer clientId=consumer-provider-service-group-1, groupId=provider-service-group] Node -1 disconnected.
2026-05-23T05:12:50.844-05:00  WARN 6649 --- [provider-service] [org.springframework.kafka.KafkaListenerEndpointContainer#0-0-C-1] org.apache.kafka.clients.NetworkClient   : [Consumer clientId=consumer-provider-service-group-1, groupId=provider-service-group] Connection to node -1 (localhost/127.0.0.1:9092) could not be established. Broker may not be available.
2026-05-23T05:12:50.845-05:00  WARN 6649 --- [provider-service] [org.springframework.kafka.KafkaListenerEndpointContainer#0-0-C-1] org.apache.kafka.clients.NetworkClient   : [Consumer clientId=consumer-provider-service-group-1, groupId=provider-service-group] Bootstrap broker localhost:9092 (id: -1 rack: null) disconnected
2026-05-23T05:12:51.914-05:00  INFO 6649 --- [provider-service] [org.springframework.kafka.KafkaListenerEndpointContainer#0-0-C-1] org.apache.kafka.clients.NetworkClient   : [Consumer clientId=consumer-provider-service-group-1, groupId=provider-service-group] Node -1 disconnected.
2026-05-23T05:12:51.914-05:00  WARN 6649 --- [provider-service] [org.springframework.kafka.KafkaListenerEndpointContainer#0-0-C-1] org.apache.kafka.clients.NetworkClient   : [Consumer clientId=consumer-provider-service-group-1, groupId=provider-service-group] Connection to node -1 (localhost/127.0.0.1:9092) could not be established. Broker may not be available.
2026-05-23T05:12:51.914-05:00  WARN 6649 --- [provider-service] [org.springframework.kafka.KafkaListenerEndpointContainer#0-0-C-1] org.apache.kafka.clients.NetworkClient   : [Consumer clientId=consumer-provider-service-group-1, groupId=provider-service-group] Bootstrap broker localhost:9092 (id: -1 rack: null) disconnected
2026-05-23T05:12:52.883-05:00  INFO 6649 --- [provider-service] [org.springframework.kafka.KafkaListenerEndpointContainer#0-0-C-1] org.apache.kafka.clients.NetworkClient   : [Consumer clientId=consumer-provider-service-group-1, groupId=provider-service-group] Node -1 disconnected.
2026-05-23T05:12:52.883-05:00  WARN 6649 --- [provider-service] [org.springframework.kafka.KafkaListenerEndpointContainer#0-0-C-1] org.apache.kafka.clients.NetworkClient   : [Consumer clientId=consumer-provider-service-group-1, groupId=provider-service-group] Connection to node -1 (localhost/127.0.0.1:9092) could not be established. Broker may not be available.
2026-05-23T05:12:52.883-05:00  WARN 6649 --- [provider-service] [org.springframework.kafka.KafkaListenerEndpointContainer#0-0-C-1] org.apache.kafka.clients.NetworkClient   : [Consumer clientId=consumer-provider-service-group-1, groupId=provider-service-group] Bootstrap broker localhost:9092 (id: -1 rack: null) disconnected
2026-05-23T05:12:53.854-05:00  INFO 6649 --- [provider-service] [org.springframework.kafka.KafkaListenerEndpointContainer#0-0-C-1] org.apache.kafka.clients.NetworkClient   : [Consumer clientId=consumer-provider-service-group-1, groupId=provider-service-group] Node -1 disconnected.
2026-05-23T05:12:53.855-05:00  WARN 6649 --- [provider-service] [org.springframework.kafka.KafkaListenerEndpointContainer#0-0-C-1] org.apache.kafka.clients.NetworkClient   : [Consumer clientId=consumer-provider-service-group-1, groupId=provider-service-group] Connection to node -1 (localhost/127.0.0.1:9092) could not be established. Broker may not be available.
2026-05-23T05:12:53.855-05:00  WARN 6649 --- [provider-service] [org.springframework.kafka.KafkaListenerEndpointContainer#0-0-C-1] org.apache.kafka.clients.NetworkClient   : [Consumer clientId=consumer-provider-service-group-1, groupId=provider-service-group] Bootstrap broker localhost:9092 (id: -1 rack: null) disconnected
2026-05-23T05:12:54.722-05:00  INFO 6649 --- [provider-service] [org.springframework.kafka.KafkaListenerEndpointContainer#0-0-C-1] org.apache.kafka.clients.NetworkClient   : [Consumer clientId=consumer-provider-service-group-1, groupId=provider-service-group] Node -1 disconnected.
2026-05-23T05:12:54.722-05:00  WARN 6649 --- [provider-service] [org.springframework.kafka.KafkaListenerEndpointContainer#0-0-C-1] org.apache.kafka.clients.NetworkClient   : [Consumer clientId=consumer-provider-service-group-1, groupId=provider-service-group] Connection to node -1 (localhost/127.0.0.1:9092) could not be established. Broker may not be available.
2026-05-23T05:12:54.722-05:00  WARN 6649 --- [provider-service] [org.springframework.kafka.KafkaListenerEndpointContainer#0-0-C-1] org.apache.kafka.clients.NetworkClient   : [Consumer clientId=consumer-provider-service-group-1, groupId=provider-service-group] Bootstrap broker localhost:9092 (id: -1 rack: null) disconnected
2026-05-23T05:12:55.898-05:00  INFO 6649 --- [provider-service] [org.springframework.kafka.KafkaListenerEndpointContainer#0-0-C-1] org.apache.kafka.clients.NetworkClient   : [Consumer clientId=consumer-provider-service-group-1, groupId=provider-service-group] Node -1 disconnected.
2026-05-23T05:12:55.898-05:00  WARN 6649 --- [provider-service] [org.springframework.kafka.KafkaListenerEndpointContainer#0-0-C-1] org.apache.kafka.clients.NetworkClient   : [Consumer clientId=consumer-provider-service-group-1, groupId=provider-service-group] Connection to node -1 (localhost/127.0.0.1:9092) could not be established. Broker may not be available.
2026-05-23T05:12:55.898-05:00  WARN 6649 --- [provider-service] [org.springframework.kafka.KafkaListenerEndpointContainer#0-0-C-1] org.apache.kafka.clients.NetworkClient   : [Consumer clientId=consumer-provider-service-group-1, groupId=provider-service-group] Bootstrap broker localhost:9092 (id: -1 rack: null) disconnected
2026-05-23T05:12:56.919-05:00  INFO 6649 --- [provider-service] [org.springframework.kafka.KafkaListenerEndpointContainer#0-0-C-1] org.apache.kafka.clients.NetworkClient   : [Consumer clientId=consumer-provider-service-group-1, groupId=provider-service-group] Node -1 disconnected.
2026-05-23T05:12:56.919-05:00  WARN 6649 --- [provider-service] [org.springframework.kafka.KafkaListenerEndpointContainer#0-0-C-1] org.apache.kafka.clients.NetworkClient   : [Consumer clientId=consumer-provider-service-group-1, groupId=provider-service-group] Connection to node -1 (localhost/127.0.0.1:9092) could not be established. Broker may not be available.
2026-05-23T05:12:56.920-05:00  WARN 6649 --- [provider-service] [org.springframework.kafka.KafkaListenerEndpointContainer#0-0-C-1] org.apache.kafka.clients.NetworkClient   : [Consumer clientId=consumer-provider-service-group-1, groupId=provider-service-group] Bootstrap broker localhost:9092 (id: -1 rack: null) disconnected
2026-05-23T05:12:58.149-05:00  INFO 6649 --- [provider-service] [org.springframework.kafka.KafkaListenerEndpointContainer#0-0-C-1] org.apache.kafka.clients.NetworkClient   : [Consumer clientId=consumer-provider-service-group-1, groupId=provider-service-group] Node -1 disconnected.
2026-05-23T05:12:58.150-05:00  WARN 6649 --- [provider-service] [org.springframework.kafka.KafkaListenerEndpointContainer#0-0-C-1] org.apache.kafka.clients.NetworkClient   : [Consumer clientId=consumer-provider-service-group-1, groupId=provider-service-group] Connection to node -1 (localhost/127.0.0.1:9092) could not be established. Broker may not be available.
2026-05-23T05:12:58.150-05:00  WARN 6649 --- [provider-service] [org.springframework.kafka.KafkaListenerEndpointContainer#0-0-C-1] org.apache.kafka.clients.NetworkClient   : [Consumer clientId=consumer-provider-service-group-1, groupId=provider-service-group] Bootstrap broker localhost:9092 (id: -1 rack: null) disconnected
2026-05-23T05:12:59.275-05:00  INFO 6649 --- [provider-service] [org.springframework.kafka.KafkaListenerEndpointContainer#0-0-C-1] org.apache.kafka.clients.NetworkClient   : [Consumer clientId=consumer-provider-service-group-1, groupId=provider-service-group] Node -1 disconnected.
2026-05-23T05:12:59.275-05:00  WARN 6649 --- [provider-service] [org.springframework.kafka.KafkaListenerEndpointContainer#0-0-C-1] org.apache.kafka.clients.NetworkClient   : [Consumer clientId=consumer-provider-service-group-1, groupId=provider-service-group] Connection to node -1 (localhost/127.0.0.1:9092) could not be established. Broker may not be available.
2026-05-23T05:12:59.275-05:00  WARN 6649 --- [provider-service] [org.springframework.kafka.KafkaListenerEndpointContainer#0-0-C-1] org.apache.kafka.clients.NetworkClient   : [Consumer clientId=consumer-provider-service-group-1, groupId=provider-service-group] Bootstrap broker localhost:9092 (id: -1 rack: null) disconnected
2026-05-23T05:13:00.136-05:00  INFO 6649 --- [provider-service] [org.springframework.kafka.KafkaListenerEndpointContainer#0-0-C-1] org.apache.kafka.clients.NetworkClient   : [Consumer clientId=consumer-provider-service-group-1, groupId=provider-service-group] Node -1 disconnected.
2026-05-23T05:13:00.136-05:00  WARN 6649 --- [provider-service] [org.springframework.kafka.KafkaListenerEndpointContainer#0-0-C-1] org.apache.kafka.clients.NetworkClient   : [Consumer clientId=consumer-provider-service-group-1, groupId=provider-service-group] Connection to node -1 (localhost/127.0.0.1:9092) could not be established. Broker may not be available.
2026-05-23T05:13:00.136-05:00  WARN 6649 --- [provider-service] [org.springframework.kafka.KafkaListenerEndpointContainer#0-0-C-1] org.apache.kafka.clients.NetworkClient   : [Consumer clientId=consumer-provider-service-group-1, groupId=provider-service-group] Bootstrap broker localhost:9092 (id: -1 rack: null) disconnected
2026-05-23T05:13:01.005-05:00  INFO 6649 --- [provider-service] [org.springframework.kafka.KafkaListenerEndpointContainer#0-0-C-1] org.apache.kafka.clients.NetworkClient   : [Consumer clientId=consumer-provider-service-group-1, groupId=provider-service-group] Node -1 disconnected.
2026-05-23T05:13:01.005-05:00  WARN 6649 --- [provider-service] [org.springframework.kafka.KafkaListenerEndpointContainer#0-0-C-1] org.apache.kafka.clients.NetworkClient   : [Consumer clientId=consumer-provider-service-group-1, groupId=provider-service-group] Connection to node -1 (localhost/127.0.0.1:9092) could not be established. Broker may not be available.
2026-05-23T05:13:01.005-05:00  WARN 6649 --- [provider-service] [org.springframework.kafka.KafkaListenerEndpointContainer#0-0-C-1] org.apache.kafka.clients.NetworkClient   : [Consumer clientId=consumer-provider-service-group-1, groupId=provider-service-group] Bootstrap broker localhost:9092 (id: -1 rack: null) disconnected
2026-05-23T05:13:01.924-05:00  INFO 6649 --- [provider-service] [org.springframework.kafka.KafkaListenerEndpointContainer#0-0-C-1] org.apache.kafka.clients.NetworkClient   : [Consumer clientId=consumer-provider-service-group-1, groupId=provider-service-group] Node -1 disconnected.
2026-05-23T05:13:01.925-05:00  WARN 6649 --- [provider-service] [org.springframework.kafka.KafkaListenerEndpointContainer#0-0-C-1] org.apache.kafka.clients.NetworkClient   : [Consumer clientId=consumer-provider-service-group-1, groupId=provider-service-group] Connection to node -1 (localhost/127.0.0.1:9092) could not be established. Broker may not be available.
2026-05-23T05:13:01.925-05:00  WARN 6649 --- [provider-service] [org.springframework.kafka.KafkaListenerEndpointContainer#0-0-C-1] org.apache.kafka.clients.NetworkClient   : [Consumer clientId=consumer-provider-service-group-1, groupId=provider-service-group] Bootstrap broker localhost:9092 (id: -1 rack: null) disconnected
2026-05-23T05:13:02.842-05:00  INFO 6649 --- [provider-service] [org.springframework.kafka.KafkaListenerEndpointContainer#0-0-C-1] org.apache.kafka.clients.NetworkClient   : [Consumer clientId=consumer-provider-service-group-1, groupId=provider-service-group] Node -1 disconnected.
2026-05-23T05:13:02.843-05:00  WARN 6649 --- [provider-service] [org.springframework.kafka.KafkaListenerEndpointContainer#0-0-C-1] org.apache.kafka.clients.NetworkClient   : [Consumer clientId=consumer-provider-service-group-1, groupId=provider-service-group] Connection to node -1 (localhost/127.0.0.1:9092) could not be established. Broker may not be available.
2026-05-23T05:13:02.843-05:00  WARN 6649 --- [provider-service] [org.springframework.kafka.KafkaListenerEndpointContainer#0-0-C-1] org.apache.kafka.clients.NetworkClient   : [Consumer clientId=consumer-provider-service-group-1, groupId=provider-service-group] Bootstrap broker localhost:9092 (id: -1 rack: null) disconnected
2026-05-23T05:13:03.709-05:00  INFO 6649 --- [provider-service] [org.springframework.kafka.KafkaListenerEndpointContainer#0-0-C-1] org.apache.kafka.clients.NetworkClient   : [Consumer clientId=consumer-provider-service-group-1, groupId=provider-service-group] Node -1 disconnected.
2026-05-23T05:13:03.710-05:00  WARN 6649 --- [provider-service] [org.springframework.kafka.KafkaListenerEndpointContainer#0-0-C-1] org.apache.kafka.clients.NetworkClient   : [Consumer clientId=consumer-provider-service-group-1, groupId=provider-service-group] Connection to node -1 (localhost/127.0.0.1:9092) could not be established. Broker may not be available.
2026-05-23T05:13:03.710-05:00  WARN 6649 --- [provider-service] [org.springframework.kafka.KafkaListenerEndpointContainer#0-0-C-1] org.apache.kafka.clients.NetworkClient   : [Consumer clientId=consumer-provider-service-group-1, groupId=provider-service-group] Bootstrap broker localhost:9092 (id: -1 rack: null) disconnected
2026-05-23T05:13:04.830-05:00  INFO 6649 --- [provider-service] [org.springframework.kafka.KafkaListenerEndpointContainer#0-0-C-1] org.apache.kafka.clients.NetworkClient   : [Consumer clientId=consumer-provider-service-group-1, groupId=provider-service-group] Node -1 disconnected.
2026-05-23T05:13:04.830-05:00  WARN 6649 --- [provider-service] [org.springframework.kafka.KafkaListenerEndpointContainer#0-0-C-1] org.apache.kafka.clients.NetworkClient   : [Consumer clientId=consumer-provider-service-group-1, groupId=provider-service-group] Connection to node -1 (localhost/127.0.0.1:9092) could not be established. Broker may not be available.
2026-05-23T05:13:04.831-05:00  WARN 6649 --- [provider-service] [org.springframework.kafka.KafkaListenerEndpointContainer#0-0-C-1] org.apache.kafka.clients.NetworkClient   : [Consumer clientId=consumer-provider-service-group-1, groupId=provider-service-group] Bootstrap broker localhost:9092 (id: -1 rack: null) disconnected
2026-05-23T05:13:05.954-05:00  INFO 6649 --- [provider-service] [org.springframework.kafka.KafkaListenerEndpointContainer#0-0-C-1] org.apache.kafka.clients.NetworkClient   : [Consumer clientId=consumer-provider-service-group-1, groupId=provider-service-group] Node -1 disconnected.
2026-05-23T05:13:05.954-05:00  WARN 6649 --- [provider-service] [org.springframework.kafka.KafkaListenerEndpointContainer#0-0-C-1] org.apache.kafka.clients.NetworkClient   : [Consumer clientId=consumer-provider-service-group-1, groupId=provider-service-group] Connection to node -1 (localhost/127.0.0.1:9092) could not be established. Broker may not be available.
2026-05-23T05:13:05.954-05:00  WARN 6649 --- [provider-service] [org.springframework.kafka.KafkaListenerEndpointContainer#0-0-C-1] org.apache.kafka.clients.NetworkClient   : [Consumer clientId=consumer-provider-service-group-1, groupId=provider-service-group] Bootstrap broker localhost:9092 (id: -1 rack: null) disconnected
2026-05-23T05:13:06.824-05:00  INFO 6649 --- [provider-service] [org.springframework.kafka.KafkaListenerEndpointContainer#0-0-C-1] org.apache.kafka.clients.NetworkClient   : [Consumer clientId=consumer-provider-service-group-1, groupId=provider-service-group] Node -1 disconnected.
2026-05-23T05:13:06.824-05:00  WARN 6649 --- [provider-service] [org.springframework.kafka.KafkaListenerEndpointContainer#0-0-C-1] org.apache.kafka.clients.NetworkClient   : [Consumer clientId=consumer-provider-service-group-1, groupId=provider-service-group] Connection to node -1 (localhost/127.0.0.1:9092) could not be established. Broker may not be available.
2026-05-23T05:13:06.825-05:00  WARN 6649 --- [provider-service] [org.springframework.kafka.KafkaListenerEndpointContainer#0-0-C-1] org.apache.kafka.clients.NetworkClient   : [Consumer clientId=consumer-provider-service-group-1, groupId=provider-service-group] Bootstrap broker localhost:9092 (id: -1 rack: null) disconnected
2026-05-23T05:13:07.795-05:00  INFO 6649 --- [provider-service] [org.springframework.kafka.KafkaListenerEndpointContainer#0-0-C-1] org.apache.kafka.clients.NetworkClient   : [Consumer clientId=consumer-provider-service-group-1, groupId=provider-service-group] Node -1 disconnected.
2026-05-23T05:13:07.796-05:00  WARN 6649 --- [provider-service] [org.springframework.kafka.KafkaListenerEndpointContainer#0-0-C-1] org.apache.kafka.clients.NetworkClient   : [Consumer clientId=consumer-provider-service-group-1, groupId=provider-service-group] Connection to node -1 (localhost/127.0.0.1:9092) could not be established. Broker may not be available.
2026-05-23T05:13:07.796-05:00  WARN 6649 --- [provider-service] [org.springframework.kafka.KafkaListenerEndpointContainer#0-0-C-1] org.apache.kafka.clients.NetworkClient   : [Consumer clientId=consumer-provider-service-group-1, groupId=provider-service-group] Bootstrap broker localhost:9092 (id: -1 rack: null) disconnected
2026-05-23T05:13:08.868-05:00  INFO 6649 --- [provider-service] [org.springframework.kafka.KafkaListenerEndpointContainer#0-0-C-1] org.apache.kafka.clients.NetworkClient   : [Consumer clientId=consumer-provider-service-group-1, groupId=provider-service-group] Node -1 disconnected.
2026-05-23T05:13:08.868-05:00  WARN 6649 --- [provider-service] [org.springframework.kafka.KafkaListenerEndpointContainer#0-0-C-1] org.apache.kafka.clients.NetworkClient   : [Consumer clientId=consumer-provider-service-group-1, groupId=provider-service-group] Connection to node -1 (localhost/127.0.0.1:9092) could not be established. Broker may not be available.
2026-05-23T05:13:08.869-05:00  WARN 6649 --- [provider-service] [org.springframework.kafka.KafkaListenerEndpointContainer#0-0-C-1] org.apache.kafka.clients.NetworkClient   : [Consumer clientId=consumer-provider-service-group-1, groupId=provider-service-group] Bootstrap broker localhost:9092 (id: -1 rack: null) disconnected
2026-05-23T05:13:09.832-05:00  INFO 6649 --- [provider-service] [org.springframework.kafka.KafkaListenerEndpointContainer#0-0-C-1] org.apache.kafka.clients.NetworkClient   : [Consumer clientId=consumer-provider-service-group-1, groupId=provider-service-group] Node -1 disconnected.
2026-05-23T05:13:09.832-05:00  WARN 6649 --- [provider-service] [org.springframework.kafka.KafkaListenerEndpointContainer#0-0-C-1] org.apache.kafka.clients.NetworkClient   : [Consumer clientId=consumer-provider-service-group-1, groupId=provider-service-group] Connection to node -1 (localhost/127.0.0.1:9092) could not be established. Broker may not be available.
2026-05-23T05:13:09.833-05:00  WARN 6649 --- [provider-service] [org.springframework.kafka.KafkaListenerEndpointContainer#0-0-C-1] org.apache.kafka.clients.NetworkClient   : [Consumer clientId=consumer-provider-service-group-1, groupId=provider-service-group] Bootstrap broker localhost:9092 (id: -1 rack: null) disconnected
2026-05-23T05:13:10.697-05:00  INFO 6649 --- [provider-service] [org.springframework.kafka.KafkaListenerEndpointContainer#0-0-C-1] org.apache.kafka.clients.NetworkClient   : [Consumer clientId=consumer-provider-service-group-1, groupId=provider-service-group] Node -1 disconnected.
2026-05-23T05:13:10.697-05:00  WARN 6649 --- [provider-service] [org.springframework.kafka.KafkaListenerEndpointContainer#0-0-C-1] org.apache.kafka.clients.NetworkClient   : [Consumer clientId=consumer-provider-service-group-1, groupId=provider-service-group] Connection to node -1 (localhost/127.0.0.1:9092) could not be established. Broker may not be available.
2026-05-23T05:13:10.697-05:00  WARN 6649 --- [provider-service] [org.springframework.kafka.KafkaListenerEndpointContainer#0-0-C-1] org.apache.kafka.clients.NetworkClient   : [Consumer clientId=consumer-provider-service-group-1, groupId=provider-service-group] Bootstrap broker localhost:9092 (id: -1 rack: null) disconnected
2026-05-23T05:13:11.566-05:00  INFO 6649 --- [provider-service] [org.springframework.kafka.KafkaListenerEndpointContainer#0-0-C-1] org.apache.kafka.clients.NetworkClient   : [Consumer clientId=consumer-provider-service-group-1, groupId=provider-service-group] Node -1 disconnected.
2026-05-23T05:13:11.567-05:00  WARN 6649 --- [provider-service] [org.springframework.kafka.KafkaListenerEndpointContainer#0-0-C-1] org.apache.kafka.clients.NetworkClient   : [Consumer clientId=consumer-provider-service-group-1, groupId=provider-service-group] Connection to node -1 (localhost/127.0.0.1:9092) could not be established. Broker may not be available.
2026-05-23T05:13:11.567-05:00  WARN 6649 --- [provider-service] [org.springframework.kafka.KafkaListenerEndpointContainer#0-0-C-1] org.apache.kafka.clients.NetworkClient   : [Consumer clientId=consumer-provider-service-group-1, groupId=provider-service-group] Bootstrap broker localhost:9092 (id: -1 rack: null) disconnected
2026-05-23T05:13:12.485-05:00  INFO 6649 --- [provider-service] [org.springframework.kafka.KafkaListenerEndpointContainer#0-0-C-1] org.apache.kafka.clients.NetworkClient   : [Consumer clientId=consumer-provider-service-group-1, groupId=provider-service-group] Node -1 disconnected.
2026-05-23T05:13:12.486-05:00  WARN 6649 --- [provider-service] [org.springframework.kafka.KafkaListenerEndpointContainer#0-0-C-1] org.apache.kafka.clients.NetworkClient   : [Consumer clientId=consumer-provider-service-group-1, groupId=provider-service-group] Connection to node -1 (localhost/127.0.0.1:9092) could not be established. Broker may not be available.
2026-05-23T05:13:12.486-05:00  WARN 6649 --- [provider-service] [org.springframework.kafka.KafkaListenerEndpointContainer#0-0-C-1] org.apache.kafka.clients.NetworkClient   : [Consumer clientId=consumer-provider-service-group-1, groupId=provider-service-group] Bootstrap broker localhost:9092 (id: -1 rack: null) disconnected
2026-05-23T05:13:13.708-05:00  INFO 6649 --- [provider-service] [org.springframework.kafka.KafkaListenerEndpointContainer#0-0-C-1] org.apache.kafka.clients.NetworkClient   : [Consumer clientId=consumer-provider-service-group-1, groupId=provider-service-group] Node -1 disconnected.
2026-05-23T05:13:13.708-05:00  WARN 6649 --- [provider-service] [org.springframework.kafka.KafkaListenerEndpointContainer#0-0-C-1] org.apache.kafka.clients.NetworkClient   : [Consumer clientId=consumer-provider-service-group-1, groupId=provider-service-group] Connection to node -1 (localhost/127.0.0.1:9092) could not be established. Broker may not be available.
2026-05-23T05:13:13.709-05:00  WARN 6649 --- [provider-service] [org.springframework.kafka.KafkaListenerEndpointContainer#0-0-C-1] org.apache.kafka.clients.NetworkClient   : [Consumer clientId=consumer-provider-service-group-1, groupId=provider-service-group] Bootstrap broker localhost:9092 (id: -1 rack: null) disconnected
2026-05-23T05:13:14.525-05:00  INFO 6649 --- [provider-service] [org.springframework.kafka.KafkaListenerEndpointContainer#0-0-C-1] org.apache.kafka.clients.NetworkClient   : [Consumer clientId=consumer-provider-service-group-1, groupId=provider-service-group] Node -1 disconnected.
2026-05-23T05:13:14.525-05:00  WARN 6649 --- [provider-service] [org.springframework.kafka.KafkaListenerEndpointContainer#0-0-C-1] org.apache.kafka.clients.NetworkClient   : [Consumer clientId=consumer-provider-service-group-1, groupId=provider-service-group] Connection to node -1 (localhost/127.0.0.1:9092) could not be established. Broker may not be available.
2026-05-23T05:13:14.526-05:00  WARN 6649 --- [provider-service] [org.springframework.kafka.KafkaListenerEndpointContainer#0-0-C-1] org.apache.kafka.clients.NetworkClient   : [Consumer clientId=consumer-provider-service-group-1, groupId=provider-service-group] Bootstrap broker localhost:9092 (id: -1 rack: null) disconnected
2026-05-23T05:13:15.650-05:00  INFO 6649 --- [provider-service] [org.springframework.kafka.KafkaListenerEndpointContainer#0-0-C-1] org.apache.kafka.clients.NetworkClient   : [Consumer clientId=consumer-provider-service-group-1, groupId=provider-service-group] Node -1 disconnected.
2026-05-23T05:13:15.650-05:00  WARN 6649 --- [provider-service] [org.springframework.kafka.KafkaListenerEndpointContainer#0-0-C-1] org.apache.kafka.clients.NetworkClient   : [Consumer clientId=consumer-provider-service-group-1, groupId=provider-service-group] Connection to node -1 (localhost/127.0.0.1:9092) could not be established. Broker may not be available.
2026-05-23T05:13:15.651-05:00  WARN 6649 --- [provider-service] [org.springframework.kafka.KafkaListenerEndpointContainer#0-0-C-1] org.apache.kafka.clients.NetworkClient   : [Consumer clientId=consumer-provider-service-group-1, groupId=provider-service-group] Bootstrap broker localhost:9092 (id: -1 rack: null) disconnected
2026-05-23T05:13:16.570-05:00  INFO 6649 --- [provider-service] [org.springframework.kafka.KafkaListenerEndpointContainer#0-0-C-1] org.apache.kafka.clients.NetworkClient   : [Consumer clientId=consumer-provider-service-group-1, groupId=provider-service-group] Node -1 disconnected.
2026-05-23T05:13:16.570-05:00  WARN 6649 --- [provider-service] [org.springframework.kafka.KafkaListenerEndpointContainer#0-0-C-1] org.apache.kafka.clients.NetworkClient   : [Consumer clientId=consumer-provider-service-group-1, groupId=provider-service-group] Connection to node -1 (localhost/127.0.0.1:9092) could not be established. Broker may not be available.
2026-05-23T05:13:16.570-05:00  WARN 6649 --- [provider-service] [org.springframework.kafka.KafkaListenerEndpointContainer#0-0-C-1] org.apache.kafka.clients.NetworkClient   : [Consumer clientId=consumer-provider-service-group-1, groupId=provider-service-group] Bootstrap broker localhost:9092 (id: -1 rack: null) disconnected
2026-05-23T05:13:17.492-05:00  INFO 6649 --- [provider-service] [org.springframework.kafka.KafkaListenerEndpointContainer#0-0-C-1] org.apache.kafka.clients.NetworkClient   : [Consumer clientId=consumer-provider-service-group-1, groupId=provider-service-group] Node -1 disconnected.
2026-05-23T05:13:17.492-05:00  WARN 6649 --- [provider-service] [org.springframework.kafka.KafkaListenerEndpointContainer#0-0-C-1] org.apache.kafka.clients.NetworkClient   : [Consumer clientId=consumer-provider-service-group-1, groupId=provider-service-group] Connection to node -1 (localhost/127.0.0.1:9092) could not be established. Broker may not be available.
2026-05-23T05:13:17.492-05:00  WARN 6649 --- [provider-service] [org.springframework.kafka.KafkaListenerEndpointContainer#0-0-C-1] org.apache.kafka.clients.NetworkClient   : [Consumer clientId=consumer-provider-service-group-1, groupId=provider-service-group] Bootstrap broker localhost:9092 (id: -1 rack: null) disconnected
2026-05-23T05:13:18.617-05:00  INFO 6649 --- [provider-service] [org.springframework.kafka.KafkaListenerEndpointContainer#0-0-C-1] org.apache.kafka.clients.NetworkClient   : [Consumer clientId=consumer-provider-service-group-1, groupId=provider-service-group] Node -1 disconnected.
2026-05-23T05:13:18.617-05:00  WARN 6649 --- [provider-service] [org.springframework.kafka.KafkaListenerEndpointContainer#0-0-C-1] org.apache.kafka.clients.NetworkClient   : [Consumer clientId=consumer-provider-service-group-1, groupId=provider-service-group] Connection to node -1 (localhost/127.0.0.1:9092) could not be established. Broker may not be available.
2026-05-23T05:13:18.617-05:00  WARN 6649 --- [provider-service] [org.springframework.kafka.KafkaListenerEndpointContainer#0-0-C-1] org.apache.kafka.clients.NetworkClient   : [Consumer clientId=consumer-provider-service-group-1, groupId=provider-service-group] Bootstrap broker localhost:9092 (id: -1 rack: null) disconnected
2026-05-23T05:13:19.732-05:00  INFO 6649 --- [provider-service] [org.springframework.kafka.KafkaListenerEndpointContainer#0-0-C-1] org.apache.kafka.clients.NetworkClient   : [Consumer clientId=consumer-provider-service-group-1, groupId=provider-service-group] Node -1 disconnected.
2026-05-23T05:13:19.732-05:00  WARN 6649 --- [provider-service] [org.springframework.kafka.KafkaListenerEndpointContainer#0-0-C-1] org.apache.kafka.clients.NetworkClient   : [Consumer clientId=consumer-provider-service-group-1, groupId=provider-service-group] Connection to node -1 (localhost/127.0.0.1:9092) could not be established. Broker may not be available.
2026-05-23T05:13:19.732-05:00  WARN 6649 --- [provider-service] [org.springframework.kafka.KafkaListenerEndpointContainer#0-0-C-1] org.apache.kafka.clients.NetworkClient   : [Consumer clientId=consumer-provider-service-group-1, groupId=provider-service-group] Bootstrap broker localhost:9092 (id: -1 rack: null) disconnected
2026-05-23T05:13:20.703-05:00  INFO 6649 --- [provider-service] [org.springframework.kafka.KafkaListenerEndpointContainer#0-0-C-1] org.apache.kafka.clients.NetworkClient   : [Consumer clientId=consumer-provider-service-group-1, groupId=provider-service-group] Node -1 disconnected.
2026-05-23T05:13:20.703-05:00  WARN 6649 --- [provider-service] [org.springframework.kafka.KafkaListenerEndpointContainer#0-0-C-1] org.apache.kafka.clients.NetworkClient   : [Consumer clientId=consumer-provider-service-group-1, groupId=provider-service-group] Connection to node -1 (localhost/127.0.0.1:9092) could not be established. Broker may not be available.
2026-05-23T05:13:20.703-05:00  WARN 6649 --- [provider-service] [org.springframework.kafka.KafkaListenerEndpointContainer#0-0-C-1] org.apache.kafka.clients.NetworkClient   : [Consumer clientId=consumer-provider-service-group-1, groupId=provider-service-group] Bootstrap broker localhost:9092 (id: -1 rack: null) disconnected
2026-05-23T05:13:21.673-05:00  INFO 6649 --- [provider-service] [org.springframework.kafka.KafkaListenerEndpointContainer#0-0-C-1] org.apache.kafka.clients.NetworkClient   : [Consumer clientId=consumer-provider-service-group-1, groupId=provider-service-group] Node -1 disconnected.
2026-05-23T05:13:21.673-05:00  WARN 6649 --- [provider-service] [org.springframework.kafka.KafkaListenerEndpointContainer#0-0-C-1] org.apache.kafka.clients.NetworkClient   : [Consumer clientId=consumer-provider-service-group-1, groupId=provider-service-group] Connection to node -1 (localhost/127.0.0.1:9092) could not be established. Broker may not be available.
2026-05-23T05:13:21.673-05:00  WARN 6649 --- [provider-service] [org.springframework.kafka.KafkaListenerEndpointContainer#0-0-C-1] org.apache.kafka.clients.NetworkClient   : [Consumer clientId=consumer-provider-service-group-1, groupId=provider-service-group] Bootstrap broker localhost:9092 (id: -1 rack: null) disconnected
2026-05-23T05:13:22.592-05:00  INFO 6649 --- [provider-service] [org.springframework.kafka.KafkaListenerEndpointContainer#0-0-C-1] org.apache.kafka.clients.NetworkClient   : [Consumer clientId=consumer-provider-service-group-1, groupId=provider-service-group] Node -1 disconnected.
2026-05-23T05:13:22.592-05:00  WARN 6649 --- [provider-service] [org.springframework.kafka.KafkaListenerEndpointContainer#0-0-C-1] org.apache.kafka.clients.NetworkClient   : [Consumer clientId=consumer-provider-service-group-1, groupId=provider-service-group] Connection to node -1 (localhost/127.0.0.1:9092) could not be established. Broker may not be available.
2026-05-23T05:13:22.592-05:00  WARN 6649 --- [provider-service] [org.springframework.kafka.KafkaListenerEndpointContainer#0-0-C-1] org.apache.kafka.clients.NetworkClient   : [Consumer clientId=consumer-provider-service-group-1, groupId=provider-service-group] Bootstrap broker localhost:9092 (id: -1 rack: null) disconnected
2026-05-23T05:13:23.507-05:00  INFO 6649 --- [provider-service] [org.springframework.kafka.KafkaListenerEndpointContainer#0-0-C-1] org.apache.kafka.clients.NetworkClient   : [Consumer clientId=consumer-provider-service-group-1, groupId=provider-service-group] Node -1 disconnected.
2026-05-23T05:13:23.507-05:00  WARN 6649 --- [provider-service] [org.springframework.kafka.KafkaListenerEndpointContainer#0-0-C-1] org.apache.kafka.clients.NetworkClient   : [Consumer clientId=consumer-provider-service-group-1, groupId=provider-service-group] Connection to node -1 (localhost/127.0.0.1:9092) could not be established. Broker may not be available.
2026-05-23T05:13:23.507-05:00  WARN 6649 --- [provider-service] [org.springframework.kafka.KafkaListenerEndpointContainer#0-0-C-1] org.apache.kafka.clients.NetworkClient   : [Consumer clientId=consumer-provider-service-group-1, groupId=provider-service-group] Bootstrap broker localhost:9092 (id: -1 rack: null) disconnected
2026-05-23T05:13:24.630-05:00  INFO 6649 --- [provider-service] [org.springframework.kafka.KafkaListenerEndpointContainer#0-0-C-1] org.apache.kafka.clients.NetworkClient   : [Consumer clientId=consumer-provider-service-group-1, groupId=provider-service-group] Node -1 disconnected.
2026-05-23T05:13:24.630-05:00  WARN 6649 --- [provider-service] [org.springframework.kafka.KafkaListenerEndpointContainer#0-0-C-1] org.apache.kafka.clients.NetworkClient   : [Consumer clientId=consumer-provider-service-group-1, groupId=provider-service-group] Connection to node -1 (localhost/127.0.0.1:9092) could not be established. Broker may not be available.
2026-05-23T05:13:24.630-05:00  WARN 6649 --- [provider-service] [org.springframework.kafka.KafkaListenerEndpointContainer#0-0-C-1] org.apache.kafka.clients.NetworkClient   : [Consumer clientId=consumer-provider-service-group-1, groupId=provider-service-group] Bootstrap broker localhost:9092 (id: -1 rack: null) disconnected
2026-05-23T05:13:25.873-05:00  WARN 6649 --- [provider-service] [org.springframework.kafka.KafkaListenerEndpointContainer#0-0-C-1] org.apache.kafka.clients.NetworkClient   : [Consumer clientId=consumer-provider-service-group-1, groupId=provider-service-group] Error while fetching metadata with correlation id 3 : {payment.initiated=UNKNOWN_TOPIC_OR_PARTITION}
2026-05-23T05:13:25.875-05:00  INFO 6649 --- [provider-service] [org.springframework.kafka.KafkaListenerEndpointContainer#0-0-C-1] org.apache.kafka.clients.Metadata        : [Consumer clientId=consumer-provider-service-group-1, groupId=provider-service-group] Cluster ID: xeNfxm0hQ12gdLZ17cfE6w
2026-05-23T05:13:25.972-05:00  WARN 6649 --- [provider-service] [org.springframework.kafka.KafkaListenerEndpointContainer#0-0-C-1] org.apache.kafka.clients.NetworkClient   : [Consumer clientId=consumer-provider-service-group-1, groupId=provider-service-group] Error while fetching metadata with correlation id 6 : {payment.initiated=UNKNOWN_TOPIC_OR_PARTITION}
2026-05-23T05:13:26.201-05:00  INFO 6649 --- [provider-service] [org.springframework.kafka.KafkaListenerEndpointContainer#0-0-C-1] o.a.k.c.c.internals.ConsumerCoordinator  : [Consumer clientId=consumer-provider-service-group-1, groupId=provider-service-group] Discovered group coordinator localhost:9092 (id: 2147483646 rack: null)
2026-05-23T05:13:26.203-05:00  INFO 6649 --- [provider-service] [org.springframework.kafka.KafkaListenerEndpointContainer#0-0-C-1] o.a.k.c.c.internals.ConsumerCoordinator  : [Consumer clientId=consumer-provider-service-group-1, groupId=provider-service-group] (Re-)joining group
2026-05-23T05:13:26.235-05:00  INFO 6649 --- [provider-service] [org.springframework.kafka.KafkaListenerEndpointContainer#0-0-C-1] o.a.k.c.c.internals.ConsumerCoordinator  : [Consumer clientId=consumer-provider-service-group-1, groupId=provider-service-group] Group coordinator localhost:9092 (id: 2147483646 rack: null) is unavailable or invalid due to cause: error response NOT_COORDINATOR. isDisconnected: false. Rediscovery will be attempted.
2026-05-23T05:13:26.236-05:00  INFO 6649 --- [provider-service] [org.springframework.kafka.KafkaListenerEndpointContainer#0-0-C-1] o.a.k.c.c.internals.ConsumerCoordinator  : [Consumer clientId=consumer-provider-service-group-1, groupId=provider-service-group] Requesting disconnect from last known coordinator localhost:9092 (id: 2147483646 rack: null)
2026-05-23T05:13:26.236-05:00  INFO 6649 --- [provider-service] [org.springframework.kafka.KafkaListenerEndpointContainer#0-0-C-1] o.a.k.c.c.internals.ConsumerCoordinator  : [Consumer clientId=consumer-provider-service-group-1, groupId=provider-service-group] JoinGroup failed: This is not the correct coordinator. Marking coordinator unknown. Sent generation was Generation{generationId=-1, memberId='', protocol='null'}
2026-05-23T05:13:26.237-05:00  INFO 6649 --- [provider-service] [org.springframework.kafka.KafkaListenerEndpointContainer#0-0-C-1] org.apache.kafka.clients.NetworkClient   : [Consumer clientId=consumer-provider-service-group-1, groupId=provider-service-group] Client requested disconnect from node 2147483646
2026-05-23T05:13:26.245-05:00  INFO 6649 --- [provider-service] [org.springframework.kafka.KafkaListenerEndpointContainer#0-0-C-1] o.a.k.c.c.internals.ConsumerCoordinator  : [Consumer clientId=consumer-provider-service-group-1, groupId=provider-service-group] Discovered group coordinator localhost:9092 (id: 2147483646 rack: null)
2026-05-23T05:13:26.246-05:00  INFO 6649 --- [provider-service] [org.springframework.kafka.KafkaListenerEndpointContainer#0-0-C-1] o.a.k.c.c.internals.ConsumerCoordinator  : [Consumer clientId=consumer-provider-service-group-1, groupId=provider-service-group] Group coordinator localhost:9092 (id: 2147483646 rack: null) is unavailable or invalid due to cause: coordinator unavailable. isDisconnected: false. Rediscovery will be attempted.
2026-05-23T05:13:26.246-05:00  INFO 6649 --- [provider-service] [org.springframework.kafka.KafkaListenerEndpointContainer#0-0-C-1] o.a.k.c.c.internals.ConsumerCoordinator  : [Consumer clientId=consumer-provider-service-group-1, groupId=provider-service-group] Requesting disconnect from last known coordinator localhost:9092 (id: 2147483646 rack: null)
2026-05-23T05:13:26.351-05:00  INFO 6649 --- [provider-service] [org.springframework.kafka.KafkaListenerEndpointContainer#0-0-C-1] o.a.k.c.c.internals.ConsumerCoordinator  : [Consumer clientId=consumer-provider-service-group-1, groupId=provider-service-group] Discovered group coordinator localhost:9092 (id: 2147483646 rack: null)
2026-05-23T05:13:26.354-05:00  INFO 6649 --- [provider-service] [org.springframework.kafka.KafkaListenerEndpointContainer#0-0-C-1] o.a.k.c.c.internals.ConsumerCoordinator  : [Consumer clientId=consumer-provider-service-group-1, groupId=provider-service-group] Request joining group due to: rebalance failed due to 'This is not the correct coordinator.' (NotCoordinatorException)
2026-05-23T05:13:26.354-05:00  INFO 6649 --- [provider-service] [org.springframework.kafka.KafkaListenerEndpointContainer#0-0-C-1] o.a.k.c.c.internals.ConsumerCoordinator  : [Consumer clientId=consumer-provider-service-group-1, groupId=provider-service-group] (Re-)joining group
2026-05-23T05:13:26.360-05:00  INFO 6649 --- [provider-service] [org.springframework.kafka.KafkaListenerEndpointContainer#0-0-C-1] o.a.k.c.c.internals.ConsumerCoordinator  : [Consumer clientId=consumer-provider-service-group-1, groupId=provider-service-group] Group coordinator localhost:9092 (id: 2147483646 rack: null) is unavailable or invalid due to cause: error response NOT_COORDINATOR. isDisconnected: false. Rediscovery will be attempted.
2026-05-23T05:13:26.360-05:00  INFO 6649 --- [provider-service] [org.springframework.kafka.KafkaListenerEndpointContainer#0-0-C-1] o.a.k.c.c.internals.ConsumerCoordinator  : [Consumer clientId=consumer-provider-service-group-1, groupId=provider-service-group] Requesting disconnect from last known coordinator localhost:9092 (id: 2147483646 rack: null)
2026-05-23T05:13:26.360-05:00  INFO 6649 --- [provider-service] [org.springframework.kafka.KafkaListenerEndpointContainer#0-0-C-1] o.a.k.c.c.internals.ConsumerCoordinator  : [Consumer clientId=consumer-provider-service-group-1, groupId=provider-service-group] JoinGroup failed: This is not the correct coordinator. Marking coordinator unknown. Sent generation was Generation{generationId=-1, memberId='', protocol='null'}
2026-05-23T05:13:26.360-05:00  INFO 6649 --- [provider-service] [org.springframework.kafka.KafkaListenerEndpointContainer#0-0-C-1] org.apache.kafka.clients.NetworkClient   : [Consumer clientId=consumer-provider-service-group-1, groupId=provider-service-group] Client requested disconnect from node 2147483646
2026-05-23T05:13:26.364-05:00  INFO 6649 --- [provider-service] [org.springframework.kafka.KafkaListenerEndpointContainer#0-0-C-1] o.a.k.c.c.internals.ConsumerCoordinator  : [Consumer clientId=consumer-provider-service-group-1, groupId=provider-service-group] Discovered group coordinator localhost:9092 (id: 2147483646 rack: null)
2026-05-23T05:13:26.364-05:00  INFO 6649 --- [provider-service] [org.springframework.kafka.KafkaListenerEndpointContainer#0-0-C-1] o.a.k.c.c.internals.ConsumerCoordinator  : [Consumer clientId=consumer-provider-service-group-1, groupId=provider-service-group] Group coordinator localhost:9092 (id: 2147483646 rack: null) is unavailable or invalid due to cause: coordinator unavailable. isDisconnected: false. Rediscovery will be attempted.
2026-05-23T05:13:26.364-05:00  INFO 6649 --- [provider-service] [org.springframework.kafka.KafkaListenerEndpointContainer#0-0-C-1] o.a.k.c.c.internals.ConsumerCoordinator  : [Consumer clientId=consumer-provider-service-group-1, groupId=provider-service-group] Requesting disconnect from last known coordinator localhost:9092 (id: 2147483646 rack: null)
2026-05-23T05:13:26.468-05:00  INFO 6649 --- [provider-service] [org.springframework.kafka.KafkaListenerEndpointContainer#0-0-C-1] o.a.k.c.c.internals.ConsumerCoordinator  : [Consumer clientId=consumer-provider-service-group-1, groupId=provider-service-group] Discovered group coordinator localhost:9092 (id: 2147483646 rack: null)
2026-05-23T05:13:26.469-05:00  INFO 6649 --- [provider-service] [org.springframework.kafka.KafkaListenerEndpointContainer#0-0-C-1] o.a.k.c.c.internals.ConsumerCoordinator  : [Consumer clientId=consumer-provider-service-group-1, groupId=provider-service-group] Request joining group due to: rebalance failed due to 'This is not the correct coordinator.' (NotCoordinatorException)
2026-05-23T05:13:26.469-05:00  INFO 6649 --- [provider-service] [org.springframework.kafka.KafkaListenerEndpointContainer#0-0-C-1] o.a.k.c.c.internals.ConsumerCoordinator  : [Consumer clientId=consumer-provider-service-group-1, groupId=provider-service-group] (Re-)joining group
2026-05-23T05:13:26.476-05:00  INFO 6649 --- [provider-service] [org.springframework.kafka.KafkaListenerEndpointContainer#0-0-C-1] o.a.k.c.c.internals.ConsumerCoordinator  : [Consumer clientId=consumer-provider-service-group-1, groupId=provider-service-group] Group coordinator localhost:9092 (id: 2147483646 rack: null) is unavailable or invalid due to cause: error response NOT_COORDINATOR. isDisconnected: false. Rediscovery will be attempted.
2026-05-23T05:13:26.476-05:00  INFO 6649 --- [provider-service] [org.springframework.kafka.KafkaListenerEndpointContainer#0-0-C-1] o.a.k.c.c.internals.ConsumerCoordinator  : [Consumer clientId=consumer-provider-service-group-1, groupId=provider-service-group] Requesting disconnect from last known coordinator localhost:9092 (id: 2147483646 rack: null)
2026-05-23T05:13:26.476-05:00  INFO 6649 --- [provider-service] [org.springframework.kafka.KafkaListenerEndpointContainer#0-0-C-1] o.a.k.c.c.internals.ConsumerCoordinator  : [Consumer clientId=consumer-provider-service-group-1, groupId=provider-service-group] JoinGroup failed: This is not the correct coordinator. Marking coordinator unknown. Sent generation was Generation{generationId=-1, memberId='', protocol='null'}
2026-05-23T05:13:26.476-05:00  INFO 6649 --- [provider-service] [org.springframework.kafka.KafkaListenerEndpointContainer#0-0-C-1] org.apache.kafka.clients.NetworkClient   : [Consumer clientId=consumer-provider-service-group-1, groupId=provider-service-group] Client requested disconnect from node 2147483646
2026-05-23T05:13:26.480-05:00  INFO 6649 --- [provider-service] [org.springframework.kafka.KafkaListenerEndpointContainer#0-0-C-1] o.a.k.c.c.internals.ConsumerCoordinator  : [Consumer clientId=consumer-provider-service-group-1, groupId=provider-service-group] Discovered group coordinator localhost:9092 (id: 2147483646 rack: null)
2026-05-23T05:13:26.480-05:00  INFO 6649 --- [provider-service] [org.springframework.kafka.KafkaListenerEndpointContainer#0-0-C-1] o.a.k.c.c.internals.ConsumerCoordinator  : [Consumer clientId=consumer-provider-service-group-1, groupId=provider-service-group] Group coordinator localhost:9092 (id: 2147483646 rack: null) is unavailable or invalid due to cause: coordinator unavailable. isDisconnected: false. Rediscovery will be attempted.
2026-05-23T05:13:26.480-05:00  INFO 6649 --- [provider-service] [org.springframework.kafka.KafkaListenerEndpointContainer#0-0-C-1] o.a.k.c.c.internals.ConsumerCoordinator  : [Consumer clientId=consumer-provider-service-group-1, groupId=provider-service-group] Requesting disconnect from last known coordinator localhost:9092 (id: 2147483646 rack: null)
2026-05-23T05:13:26.586-05:00  INFO 6649 --- [provider-service] [org.springframework.kafka.KafkaListenerEndpointContainer#0-0-C-1] o.a.k.c.c.internals.ConsumerCoordinator  : [Consumer clientId=consumer-provider-service-group-1, groupId=provider-service-group] Discovered group coordinator localhost:9092 (id: 2147483646 rack: null)
2026-05-23T05:13:26.586-05:00  INFO 6649 --- [provider-service] [org.springframework.kafka.KafkaListenerEndpointContainer#0-0-C-1] o.a.k.c.c.internals.ConsumerCoordinator  : [Consumer clientId=consumer-provider-service-group-1, groupId=provider-service-group] Request joining group due to: rebalance failed due to 'This is not the correct coordinator.' (NotCoordinatorException)
2026-05-23T05:13:26.587-05:00  INFO 6649 --- [provider-service] [org.springframework.kafka.KafkaListenerEndpointContainer#0-0-C-1] o.a.k.c.c.internals.ConsumerCoordinator  : [Consumer clientId=consumer-provider-service-group-1, groupId=provider-service-group] (Re-)joining group
2026-05-23T05:13:26.596-05:00  INFO 6649 --- [provider-service] [org.springframework.kafka.KafkaListenerEndpointContainer#0-0-C-1] o.a.k.c.c.internals.ConsumerCoordinator  : [Consumer clientId=consumer-provider-service-group-1, groupId=provider-service-group] Group coordinator localhost:9092 (id: 2147483646 rack: null) is unavailable or invalid due to cause: error response NOT_COORDINATOR. isDisconnected: false. Rediscovery will be attempted.
2026-05-23T05:13:26.596-05:00  INFO 6649 --- [provider-service] [org.springframework.kafka.KafkaListenerEndpointContainer#0-0-C-1] o.a.k.c.c.internals.ConsumerCoordinator  : [Consumer clientId=consumer-provider-service-group-1, groupId=provider-service-group] Requesting disconnect from last known coordinator localhost:9092 (id: 2147483646 rack: null)
2026-05-23T05:13:26.597-05:00  INFO 6649 --- [provider-service] [org.springframework.kafka.KafkaListenerEndpointContainer#0-0-C-1] o.a.k.c.c.internals.ConsumerCoordinator  : [Consumer clientId=consumer-provider-service-group-1, groupId=provider-service-group] JoinGroup failed: This is not the correct coordinator. Marking coordinator unknown. Sent generation was Generation{generationId=-1, memberId='', protocol='null'}
2026-05-23T05:13:26.600-05:00  INFO 6649 --- [provider-service] [org.springframework.kafka.KafkaListenerEndpointContainer#0-0-C-1] org.apache.kafka.clients.NetworkClient   : [Consumer clientId=consumer-provider-service-group-1, groupId=provider-service-group] Client requested disconnect from node 2147483646
2026-05-23T05:13:26.602-05:00  INFO 6649 --- [provider-service] [org.springframework.kafka.KafkaListenerEndpointContainer#0-0-C-1] o.a.k.c.c.internals.ConsumerCoordinator  : [Consumer clientId=consumer-provider-service-group-1, groupId=provider-service-group] Discovered group coordinator localhost:9092 (id: 2147483646 rack: null)
2026-05-23T05:13:26.602-05:00  INFO 6649 --- [provider-service] [org.springframework.kafka.KafkaListenerEndpointContainer#0-0-C-1] o.a.k.c.c.internals.ConsumerCoordinator  : [Consumer clientId=consumer-provider-service-group-1, groupId=provider-service-group] Group coordinator localhost:9092 (id: 2147483646 rack: null) is unavailable or invalid due to cause: coordinator unavailable. isDisconnected: false. Rediscovery will be attempted.
2026-05-23T05:13:26.602-05:00  INFO 6649 --- [provider-service] [org.springframework.kafka.KafkaListenerEndpointContainer#0-0-C-1] o.a.k.c.c.internals.ConsumerCoordinator  : [Consumer clientId=consumer-provider-service-group-1, groupId=provider-service-group] Requesting disconnect from last known coordinator localhost:9092 (id: 2147483646 rack: null)
2026-05-23T05:13:26.715-05:00  INFO 6649 --- [provider-service] [org.springframework.kafka.KafkaListenerEndpointContainer#0-0-C-1] o.a.k.c.c.internals.ConsumerCoordinator  : [Consumer clientId=consumer-provider-service-group-1, groupId=provider-service-group] Discovered group coordinator localhost:9092 (id: 2147483646 rack: null)
2026-05-23T05:13:26.716-05:00  INFO 6649 --- [provider-service] [org.springframework.kafka.KafkaListenerEndpointContainer#0-0-C-1] o.a.k.c.c.internals.ConsumerCoordinator  : [Consumer clientId=consumer-provider-service-group-1, groupId=provider-service-group] Request joining group due to: rebalance failed due to 'This is not the correct coordinator.' (NotCoordinatorException)
2026-05-23T05:13:26.716-05:00  INFO 6649 --- [provider-service] [org.springframework.kafka.KafkaListenerEndpointContainer#0-0-C-1] o.a.k.c.c.internals.ConsumerCoordinator  : [Consumer clientId=consumer-provider-service-group-1, groupId=provider-service-group] (Re-)joining group
2026-05-23T05:13:26.721-05:00  INFO 6649 --- [provider-service] [org.springframework.kafka.KafkaListenerEndpointContainer#0-0-C-1] o.a.k.c.c.internals.ConsumerCoordinator  : [Consumer clientId=consumer-provider-service-group-1, groupId=provider-service-group] Group coordinator localhost:9092 (id: 2147483646 rack: null) is unavailable or invalid due to cause: error response NOT_COORDINATOR. isDisconnected: false. Rediscovery will be attempted.
2026-05-23T05:13:26.721-05:00  INFO 6649 --- [provider-service] [org.springframework.kafka.KafkaListenerEndpointContainer#0-0-C-1] o.a.k.c.c.internals.ConsumerCoordinator  : [Consumer clientId=consumer-provider-service-group-1, groupId=provider-service-group] Requesting disconnect from last known coordinator localhost:9092 (id: 2147483646 rack: null)
2026-05-23T05:13:26.721-05:00  INFO 6649 --- [provider-service] [org.springframework.kafka.KafkaListenerEndpointContainer#0-0-C-1] o.a.k.c.c.internals.ConsumerCoordinator  : [Consumer clientId=consumer-provider-service-group-1, groupId=provider-service-group] JoinGroup failed: This is not the correct coordinator. Marking coordinator unknown. Sent generation was Generation{generationId=-1, memberId='', protocol='null'}
2026-05-23T05:13:26.721-05:00  INFO 6649 --- [provider-service] [org.springframework.kafka.KafkaListenerEndpointContainer#0-0-C-1] org.apache.kafka.clients.NetworkClient   : [Consumer clientId=consumer-provider-service-group-1, groupId=provider-service-group] Client requested disconnect from node 2147483646
2026-05-23T05:13:26.726-05:00  INFO 6649 --- [provider-service] [org.springframework.kafka.KafkaListenerEndpointContainer#0-0-C-1] o.a.k.c.c.internals.ConsumerCoordinator  : [Consumer clientId=consumer-provider-service-group-1, groupId=provider-service-group] Discovered group coordinator localhost:9092 (id: 2147483646 rack: null)
2026-05-23T05:13:26.729-05:00  INFO 6649 --- [provider-service] [org.springframework.kafka.KafkaListenerEndpointContainer#0-0-C-1] o.a.k.c.c.internals.ConsumerCoordinator  : [Consumer clientId=consumer-provider-service-group-1, groupId=provider-service-group] Group coordinator localhost:9092 (id: 2147483646 rack: null) is unavailable or invalid due to cause: coordinator unavailable. isDisconnected: false. Rediscovery will be attempted.
2026-05-23T05:13:26.729-05:00  INFO 6649 --- [provider-service] [org.springframework.kafka.KafkaListenerEndpointContainer#0-0-C-1] o.a.k.c.c.internals.ConsumerCoordinator  : [Consumer clientId=consumer-provider-service-group-1, groupId=provider-service-group] Requesting disconnect from last known coordinator localhost:9092 (id: 2147483646 rack: null)
2026-05-23T05:13:26.838-05:00  INFO 6649 --- [provider-service] [org.springframework.kafka.KafkaListenerEndpointContainer#0-0-C-1] o.a.k.c.c.internals.ConsumerCoordinator  : [Consumer clientId=consumer-provider-service-group-1, groupId=provider-service-group] Discovered group coordinator localhost:9092 (id: 2147483646 rack: null)
2026-05-23T05:13:26.839-05:00  INFO 6649 --- [provider-service] [org.springframework.kafka.KafkaListenerEndpointContainer#0-0-C-1] o.a.k.c.c.internals.ConsumerCoordinator  : [Consumer clientId=consumer-provider-service-group-1, groupId=provider-service-group] Request joining group due to: rebalance failed due to 'This is not the correct coordinator.' (NotCoordinatorException)
2026-05-23T05:13:26.841-05:00  INFO 6649 --- [provider-service] [org.springframework.kafka.KafkaListenerEndpointContainer#0-0-C-1] o.a.k.c.c.internals.ConsumerCoordinator  : [Consumer clientId=consumer-provider-service-group-1, groupId=provider-service-group] (Re-)joining group
2026-05-23T05:13:26.905-05:00  INFO 6649 --- [provider-service] [org.springframework.kafka.KafkaListenerEndpointContainer#0-0-C-1] o.a.k.c.c.internals.ConsumerCoordinator  : [Consumer clientId=consumer-provider-service-group-1, groupId=provider-service-group] JoinGroup failed: Coordinator localhost:9092 (id: 2147483646 rack: null) is loading the group.
2026-05-23T05:13:26.905-05:00  INFO 6649 --- [provider-service] [org.springframework.kafka.KafkaListenerEndpointContainer#0-0-C-1] o.a.k.c.c.internals.ConsumerCoordinator  : [Consumer clientId=consumer-provider-service-group-1, groupId=provider-service-group] Request joining group due to: rebalance failed due to 'The coordinator is loading and hence can't process requests.' (CoordinatorLoadInProgressException)
2026-05-23T05:13:27.006-05:00  INFO 6649 --- [provider-service] [org.springframework.kafka.KafkaListenerEndpointContainer#0-0-C-1] o.a.k.c.c.internals.ConsumerCoordinator  : [Consumer clientId=consumer-provider-service-group-1, groupId=provider-service-group] (Re-)joining group
2026-05-23T05:13:27.015-05:00  INFO 6649 --- [provider-service] [org.springframework.kafka.KafkaListenerEndpointContainer#0-0-C-1] o.a.k.c.c.internals.ConsumerCoordinator  : [Consumer clientId=consumer-provider-service-group-1, groupId=provider-service-group] Request joining group due to: need to re-join with the given member-id: consumer-provider-service-group-1-15db953a-2af4-4a8a-88cf-730b5bd45888
2026-05-23T05:13:27.015-05:00  INFO 6649 --- [provider-service] [org.springframework.kafka.KafkaListenerEndpointContainer#0-0-C-1] o.a.k.c.c.internals.ConsumerCoordinator  : [Consumer clientId=consumer-provider-service-group-1, groupId=provider-service-group] Request joining group due to: rebalance failed due to 'The group member needs to have a valid member id before actually entering a consumer group.' (MemberIdRequiredException)
2026-05-23T05:13:27.015-05:00  INFO 6649 --- [provider-service] [org.springframework.kafka.KafkaListenerEndpointContainer#0-0-C-1] o.a.k.c.c.internals.ConsumerCoordinator  : [Consumer clientId=consumer-provider-service-group-1, groupId=provider-service-group] (Re-)joining group
2026-05-23T05:13:30.110-05:00  INFO 6649 --- [provider-service] [org.springframework.kafka.KafkaListenerEndpointContainer#0-0-C-1] o.a.k.c.c.internals.ConsumerCoordinator  : [Consumer clientId=consumer-provider-service-group-1, groupId=provider-service-group] Successfully joined group with generation Generation{generationId=1, memberId='consumer-provider-service-group-1-15db953a-2af4-4a8a-88cf-730b5bd45888', protocol='range'}
2026-05-23T05:13:30.115-05:00  INFO 6649 --- [provider-service] [org.springframework.kafka.KafkaListenerEndpointContainer#0-0-C-1] o.a.k.c.c.internals.ConsumerCoordinator  : [Consumer clientId=consumer-provider-service-group-1, groupId=provider-service-group] Finished assignment for group at generation 1: {consumer-provider-service-group-1-15db953a-2af4-4a8a-88cf-730b5bd45888=Assignment(partitions=[payment.initiated-0])}
2026-05-23T05:13:30.127-05:00  INFO 6649 --- [provider-service] [org.springframework.kafka.KafkaListenerEndpointContainer#0-0-C-1] o.a.k.c.c.internals.ConsumerCoordinator  : [Consumer clientId=consumer-provider-service-group-1, groupId=provider-service-group] Successfully synced group in generation Generation{generationId=1, memberId='consumer-provider-service-group-1-15db953a-2af4-4a8a-88cf-730b5bd45888', protocol='range'}
2026-05-23T05:13:30.129-05:00  INFO 6649 --- [provider-service] [org.springframework.kafka.KafkaListenerEndpointContainer#0-0-C-1] o.a.k.c.c.internals.ConsumerCoordinator  : [Consumer clientId=consumer-provider-service-group-1, groupId=provider-service-group] Notifying assignor about the new Assignment(partitions=[payment.initiated-0])
2026-05-23T05:13:30.130-05:00  INFO 6649 --- [provider-service] [org.springframework.kafka.KafkaListenerEndpointContainer#0-0-C-1] o.a.k.c.c.internals.ConsumerCoordinator  : [Consumer clientId=consumer-provider-service-group-1, groupId=provider-service-group] Adding newly assigned partitions: payment.initiated-0
2026-05-23T05:13:30.145-05:00  INFO 6649 --- [provider-service] [org.springframework.kafka.KafkaListenerEndpointContainer#0-0-C-1] o.a.k.c.c.internals.ConsumerCoordinator  : [Consumer clientId=consumer-provider-service-group-1, groupId=provider-service-group] Found no committed offset for partition payment.initiated-0
2026-05-23T05:13:30.164-05:00  INFO 6649 --- [provider-service] [org.springframework.kafka.KafkaListenerEndpointContainer#0-0-C-1] o.a.k.c.c.internals.SubscriptionState    : [Consumer clientId=consumer-provider-service-group-1, groupId=provider-service-group] Resetting offset for partition payment.initiated-0 to position FetchPosition{offset=0, offsetEpoch=Optional.empty, currentLeader=LeaderAndEpoch{leader=Optional[localhost:9092 (id: 1 rack: null)], epoch=0}}.
2026-05-23T05:13:30.164-05:00  INFO 6649 --- [provider-service] [org.springframework.kafka.KafkaListenerEndpointContainer#0-0-C-1] o.s.k.l.KafkaMessageListenerContainer    : provider-service-group: partitions assigned: [payment.initiated-0]
2026-05-23T05:14:47.420-05:00  INFO 6649 --- [provider-service] [org.springframework.kafka.KafkaListenerEndpointContainer#0-0-C-1] c.y.p.kafka.PaymentInitiatedConsumer     : Consumed PaymentInitiatedEvent | paymentId=a2f1cf6e-77e4-4ac7-a801-fe311416b96d | method=CARD | amount=100.00 USD
2026-05-23T05:14:47.422-05:00  INFO 6649 --- [provider-service] [org.springframework.kafka.KafkaListenerEndpointContainer#0-0-C-1] c.y.p.s.ProviderOrchestrationService     : Orchestrating payment=a2f1cf6e-77e4-4ac7-a801-fe311416b96d method=CARD amount=100.00 USD
2026-05-23T05:14:47.438-05:00 DEBUG 6649 --- [provider-service] [org.springframework.kafka.KafkaListenerEndpointContainer#0-0-C-1] o.s.retry.support.RetryTemplate          : Retry: count=0
2026-05-23T05:14:47.439-05:00  INFO 6649 --- [provider-service] [org.springframework.kafka.KafkaListenerEndpointContainer#0-0-C-1] c.y.p.provider.ProviderAConnector        : [PROVIDER_A] Processing payment=a2f1cf6e-77e4-4ac7-a801-fe311416b96d method=CARD amount=100.00 USD
2026-05-23T05:14:47.645-05:00  INFO 6649 --- [provider-service] [org.springframework.kafka.KafkaListenerEndpointContainer#0-0-C-1] c.y.p.provider.ProviderAConnector        : [PROVIDER_A] SUCCESS payment=a2f1cf6e-77e4-4ac7-a801-fe311416b96d txn=PA-88764EBAE8C546E4 205ms
2026-05-23T05:14:47.647-05:00  INFO 6649 --- [provider-service] [org.springframework.kafka.KafkaListenerEndpointContainer#0-0-C-1] c.y.p.s.ProviderOrchestrationService     : Primary provider PROVIDER_A succeeded for payment=a2f1cf6e-77e4-4ac7-a801-fe311416b96d
2026-05-23T05:14:47.672-05:00  INFO 6649 --- [provider-service] [org.springframework.kafka.KafkaListenerEndpointContainer#0-0-C-1] c.y.p.s.ProviderOrchestrationService     : Provider audit record inserted via MyBatis | payment=a2f1cf6e-77e4-4ac7-a801-fe311416b96d | success=true | provider=PROVIDER_A
2026-05-23T05:14:47.677-05:00  INFO 6649 --- [provider-service] [org.springframework.kafka.KafkaListenerEndpointContainer#0-0-C-1] o.a.k.clients.producer.ProducerConfig    : ProducerConfig values: 
	acks = -1
	auto.include.jmx.reporter = true
	batch.size = 16384
	bootstrap.servers = [localhost:9092]
	buffer.memory = 33554432
	client.dns.lookup = use_all_dns_ips
	client.id = producer-1
	compression.type = none
	connections.max.idle.ms = 540000
	delivery.timeout.ms = 120000
	enable.idempotence = true
	interceptor.classes = []
	key.serializer = class org.apache.kafka.common.serialization.StringSerializer
	linger.ms = 0
	max.block.ms = 60000
	max.in.flight.requests.per.connection = 5
	max.request.size = 1048576
	metadata.max.age.ms = 300000
	metadata.max.idle.ms = 300000
	metric.reporters = []
	metrics.num.samples = 2
	metrics.recording.level = INFO
	metrics.sample.window.ms = 30000
	partitioner.adaptive.partitioning.enable = true
	partitioner.availability.timeout.ms = 0
	partitioner.class = null
	partitioner.ignore.keys = false
	receive.buffer.bytes = 32768
	reconnect.backoff.max.ms = 1000
	reconnect.backoff.ms = 50
	request.timeout.ms = 30000
	retries = 3
	retry.backoff.ms = 100
	sasl.client.callback.handler.class = null
	sasl.jaas.config = null
	sasl.kerberos.kinit.cmd = /usr/bin/kinit
	sasl.kerberos.min.time.before.relogin = 60000
	sasl.kerberos.service.name = null
	sasl.kerberos.ticket.renew.jitter = 0.05
	sasl.kerberos.ticket.renew.window.factor = 0.8
	sasl.login.callback.handler.class = null
	sasl.login.class = null
	sasl.login.connect.timeout.ms = null
	sasl.login.read.timeout.ms = null
	sasl.login.refresh.buffer.seconds = 300
	sasl.login.refresh.min.period.seconds = 60
	sasl.login.refresh.window.factor = 0.8
	sasl.login.refresh.window.jitter = 0.05
	sasl.login.retry.backoff.max.ms = 10000
	sasl.login.retry.backoff.ms = 100
	sasl.mechanism = GSSAPI
	sasl.oauthbearer.clock.skew.seconds = 30
	sasl.oauthbearer.expected.audience = null
	sasl.oauthbearer.expected.issuer = null
	sasl.oauthbearer.jwks.endpoint.refresh.ms = 3600000
	sasl.oauthbearer.jwks.endpoint.retry.backoff.max.ms = 10000
	sasl.oauthbearer.jwks.endpoint.retry.backoff.ms = 100
	sasl.oauthbearer.jwks.endpoint.url = null
	sasl.oauthbearer.scope.claim.name = scope
	sasl.oauthbearer.sub.claim.name = sub
	sasl.oauthbearer.token.endpoint.url = null
	security.protocol = PLAINTEXT
	security.providers = null
	send.buffer.bytes = 131072
	socket.connection.setup.timeout.max.ms = 30000
	socket.connection.setup.timeout.ms = 10000
	ssl.cipher.suites = null
	ssl.enabled.protocols = [TLSv1.2, TLSv1.3]
	ssl.endpoint.identification.algorithm = https
	ssl.engine.factory.class = null
	ssl.key.password = null
	ssl.keymanager.algorithm = SunX509
	ssl.keystore.certificate.chain = null
	ssl.keystore.key = null
	ssl.keystore.location = null
	ssl.keystore.password = null
	ssl.keystore.type = JKS
	ssl.protocol = TLSv1.3
	ssl.provider = null
	ssl.secure.random.implementation = null
	ssl.trustmanager.algorithm = PKIX
	ssl.truststore.certificates = null
	ssl.truststore.location = null
	ssl.truststore.password = null
	ssl.truststore.type = JKS
	transaction.timeout.ms = 60000
	transactional.id = null
	value.serializer = class org.springframework.kafka.support.serializer.JsonSerializer

2026-05-23T05:14:47.694-05:00  INFO 6649 --- [provider-service] [org.springframework.kafka.KafkaListenerEndpointContainer#0-0-C-1] o.a.k.clients.producer.KafkaProducer     : [Producer clientId=producer-1] Instantiated an idempotent producer.
2026-05-23T05:14:47.706-05:00  INFO 6649 --- [provider-service] [org.springframework.kafka.KafkaListenerEndpointContainer#0-0-C-1] o.a.kafka.common.utils.AppInfoParser     : Kafka version: 3.6.2
2026-05-23T05:14:47.706-05:00  INFO 6649 --- [provider-service] [org.springframework.kafka.KafkaListenerEndpointContainer#0-0-C-1] o.a.kafka.common.utils.AppInfoParser     : Kafka commitId: c4deed513057c94e
2026-05-23T05:14:47.706-05:00  INFO 6649 --- [provider-service] [org.springframework.kafka.KafkaListenerEndpointContainer#0-0-C-1] o.a.kafka.common.utils.AppInfoParser     : Kafka startTimeMs: 1779531287706
2026-05-23T05:14:47.727-05:00  INFO 6649 --- [provider-service] [kafka-producer-network-thread | producer-1] org.apache.kafka.clients.Metadata        : [Producer clientId=producer-1] Cluster ID: xeNfxm0hQ12gdLZ17cfE6w
2026-05-23T05:14:47.728-05:00  INFO 6649 --- [provider-service] [kafka-producer-network-thread | producer-1] o.a.k.c.p.internals.TransactionManager   : [Producer clientId=producer-1] ProducerId set to 1 with epoch 0
2026-05-23T05:14:47.756-05:00  INFO 6649 --- [provider-service] [kafka-producer-network-thread | producer-1] c.y.p.kafka.PaymentResultProducer        : Published PaymentResultEvent | paymentId=a2f1cf6e-77e4-4ac7-a801-fe311416b96d | success=true | partition=0 | offset=0
2026-05-23T05:16:32.277-05:00  INFO 6649 --- [provider-service] [org.springframework.kafka.KafkaListenerEndpointContainer#0-0-C-1] o.a.k.c.c.internals.ConsumerCoordinator  : [Consumer clientId=consumer-provider-service-group-1, groupId=provider-service-group] Revoke previously assigned partitions payment.initiated-0
2026-05-23T05:16:32.278-05:00  INFO 6649 --- [provider-service] [org.springframework.kafka.KafkaListenerEndpointContainer#0-0-C-1] o.s.k.l.KafkaMessageListenerContainer    : provider-service-group: partitions revoked: [payment.initiated-0]
2026-05-23T05:16:32.279-05:00  INFO 6649 --- [provider-service] [org.springframework.kafka.KafkaListenerEndpointContainer#0-0-C-1] o.a.k.c.c.internals.ConsumerCoordinator  : [Consumer clientId=consumer-provider-service-group-1, groupId=provider-service-group] Member consumer-provider-service-group-1-15db953a-2af4-4a8a-88cf-730b5bd45888 sending LeaveGroup request to coordinator localhost:9092 (id: 2147483646 rack: null) due to the consumer unsubscribed from all topics
2026-05-23T05:16:32.281-05:00  INFO 6649 --- [provider-service] [org.springframework.kafka.KafkaListenerEndpointContainer#0-0-C-1] o.a.k.c.c.internals.ConsumerCoordinator  : [Consumer clientId=consumer-provider-service-group-1, groupId=provider-service-group] Resetting generation and member id due to: consumer pro-actively leaving the group
2026-05-23T05:16:32.282-05:00  INFO 6649 --- [provider-service] [org.springframework.kafka.KafkaListenerEndpointContainer#0-0-C-1] o.a.k.c.c.internals.ConsumerCoordinator  : [Consumer clientId=consumer-provider-service-group-1, groupId=provider-service-group] Request joining group due to: consumer pro-actively leaving the group
2026-05-23T05:16:32.282-05:00  INFO 6649 --- [provider-service] [org.springframework.kafka.KafkaListenerEndpointContainer#0-0-C-1] fkaConsumerFactory$ExtendedKafkaConsumer : [Consumer clientId=consumer-provider-service-group-1, groupId=provider-service-group] Unsubscribed all topics or patterns and assigned partitions
2026-05-23T05:16:32.285-05:00  INFO 6649 --- [provider-service] [org.springframework.kafka.KafkaListenerEndpointContainer#0-0-C-1] o.a.k.c.c.internals.ConsumerCoordinator  : [Consumer clientId=consumer-provider-service-group-1, groupId=provider-service-group] Resetting generation and member id due to: consumer pro-actively leaving the group
2026-05-23T05:16:32.285-05:00  INFO 6649 --- [provider-service] [org.springframework.kafka.KafkaListenerEndpointContainer#0-0-C-1] o.a.k.c.c.internals.ConsumerCoordinator  : [Consumer clientId=consumer-provider-service-group-1, groupId=provider-service-group] Request joining group due to: consumer pro-actively leaving the group
2026-05-23T05:16:32.344-05:00  INFO 6649 --- [provider-service] [org.springframework.kafka.KafkaListenerEndpointContainer#0-0-C-1] o.apache.kafka.common.metrics.Metrics    : Metrics scheduler closed
2026-05-23T05:16:32.344-05:00  INFO 6649 --- [provider-service] [org.springframework.kafka.KafkaListenerEndpointContainer#0-0-C-1] o.apache.kafka.common.metrics.Metrics    : Closing reporter org.apache.kafka.common.metrics.JmxReporter
2026-05-23T05:16:32.344-05:00  INFO 6649 --- [provider-service] [org.springframework.kafka.KafkaListenerEndpointContainer#0-0-C-1] o.apache.kafka.common.metrics.Metrics    : Metrics reporters closed
2026-05-23T05:16:32.351-05:00  INFO 6649 --- [provider-service] [org.springframework.kafka.KafkaListenerEndpointContainer#0-0-C-1] o.a.kafka.common.utils.AppInfoParser     : App info kafka.consumer for consumer-provider-service-group-1 unregistered
2026-05-23T05:16:32.351-05:00  INFO 6649 --- [provider-service] [org.springframework.kafka.KafkaListenerEndpointContainer#0-0-C-1] o.s.k.l.KafkaMessageListenerContainer    : provider-service-group: Consumer stopped
2026-05-23T05:16:32.363-05:00  INFO 6649 --- [provider-service] [SpringApplicationShutdownHook] o.a.k.clients.producer.KafkaProducer     : [Producer clientId=producer-1] Closing the Kafka producer with timeoutMillis = 30000 ms.
2026-05-23T05:16:32.365-05:00  INFO 6649 --- [provider-service] [SpringApplicationShutdownHook] o.apache.kafka.common.metrics.Metrics    : Metrics scheduler closed
2026-05-23T05:16:32.365-05:00  INFO 6649 --- [provider-service] [SpringApplicationShutdownHook] o.apache.kafka.common.metrics.Metrics    : Closing reporter org.apache.kafka.common.metrics.JmxReporter
2026-05-23T05:16:32.365-05:00  INFO 6649 --- [provider-service] [SpringApplicationShutdownHook] o.apache.kafka.common.metrics.Metrics    : Metrics reporters closed
2026-05-23T05:16:32.366-05:00  INFO 6649 --- [provider-service] [SpringApplicationShutdownHook] o.a.kafka.common.utils.AppInfoParser     : App info kafka.producer for producer-1 unregistered
2026-05-23T05:16:32.375-05:00  INFO 6649 --- [provider-service] [SpringApplicationShutdownHook] com.zaxxer.hikari.HikariDataSource       : ProviderHikariPool - Shutdown initiated...
2026-05-23T05:16:32.378-05:00  INFO 6649 --- [provider-service] [SpringApplicationShutdownHook] com.zaxxer.hikari.HikariDataSource       : ProviderHikariPool - Shutdown completed.
